MFR URL,Ref URL 1,Ref URL 2,Ref URL 3,Ref URL 4,Ref URL 5,PART_NUMBER,Dept,Class,Fine,SKU - MY_PART_NUMBER,Mfg_Part_Num,Part_Desc,E1_Brand,Unilog_Brand,DIB_Brand,Part_Manuf,MANUFACTURER_NAME,BRAND_NAME,TRADE_NAME,MANUFACTURER_PART_NUMBER,ALTERNATE_PART_NUMBER,Classpath,MOBILE_DESC,INVOICE_DESC,SHORT_DESC,LONG_DESC1,RETAIL_DESC,MARKETING_DESCRIPTION,ITEM_FEATURES_1,ITEM_FEATURES_2,ITEM_FEATURES_3,ITEM_FEATURES_4,ITEM_FEATURES_5,ITEM_FEATURES_6,ITEM_FEATURES_7,ITEM_FEATURES_8,ITEM_FEATURES_9,ITEM_FEATURES_10,ITEM_FEATURES_11,ITEM_FEATURES_12,ITEM_FEATURES_13,ITEM_FEATURES_14,ITEM_FEATURES_15,ITEM_FEATURES_16,ITEM_FEATURES_17,ITEM_FEATURES_18,ITEM_FEATURES_19,ITEM_FEATURES_20,With,Standard/Approvals,Prop 65,Application,Includes,Product Name,ATTRIBUTE_LABEL 1,ATTRIBUTE_VALUE 1,ATTRIBUTE_UOM 1,ATTRIBUTE_LABEL 2,ATTRIBUTE_VALUE 2,ATTRIBUTE_UOM 2,ATTRIBUTE_LABEL 3,ATTRIBUTE_VALUE 3,ATTRIBUTE_UOM 3,ATTRIBUTE_LABEL 4,ATTRIBUTE_VALUE 4,ATTRIBUTE_UOM 4,ATTRIBUTE_LABEL 5,ATTRIBUTE_VALUE 5,ATTRIBUTE_UOM 5,ATTRIBUTE_LABEL 6,ATTRIBUTE_VALUE 6,ATTRIBUTE_UOM 6,ATTRIBUTE_LABEL 7,ATTRIBUTE_VALUE 7,ATTRIBUTE_UOM 7,ATTRIBUTE_LABEL 8,ATTRIBUTE_VALUE 8,ATTRIBUTE_UOM 8,ATTRIBUTE_LABEL 9,ATTRIBUTE_VALUE 9,ATTRIBUTE_UOM 9,ATTRIBUTE_LABEL 10,ATTRIBUTE_VALUE 10,ATTRIBUTE_UOM 10,ATTRIBUTE_LABEL 11,ATTRIBUTE_VALUE 11,ATTRIBUTE_UOM 11,ATTRIBUTE_LABEL 12,ATTRIBUTE_VALUE 12,ATTRIBUTE_UOM 12,ATTRIBUTE_LABEL 13,ATTRIBUTE_VALUE 13,ATTRIBUTE_UOM 13,ATTRIBUTE_LABEL 14,ATTRIBUTE_VALUE 14,ATTRIBUTE_UOM 14,ATTRIBUTE_LABEL 15,ATTRIBUTE_VALUE 15,ATTRIBUTE_UOM 15,ATTRIBUTE_LABEL 16,ATTRIBUTE_VALUE 16,ATTRIBUTE_UOM 16,ATTRIBUTE_LABEL 17,ATTRIBUTE_VALUE 17,ATTRIBUTE_UOM 17,ATTRIBUTE_LABEL 18,ATTRIBUTE_VALUE 18,ATTRIBUTE_UOM 18,ATTRIBUTE_LABEL 19,ATTRIBUTE_VALUE 19,ATTRIBUTE_UOM 19,ATTRIBUTE_LABEL 20,ATTRIBUTE_VALUE 20,ATTRIBUTE_UOM 20,ATTRIBUTE_LABEL 21,ATTRIBUTE_VALUE 21,ATTRIBUTE_UOM 21,ATTRIBUTE_LABEL 22,ATTRIBUTE_VALUE 22,ATTRIBUTE_UOM 22,ATTRIBUTE_LABEL 23,ATTRIBUTE_VALUE 23,ATTRIBUTE_UOM 23,ATTRIBUTE_LABEL 24,ATTRIBUTE_VALUE 24,ATTRIBUTE_UOM 24,ATTRIBUTE_LABEL 25,ATTRIBUTE_VALUE 25,ATTRIBUTE_UOM 25,ATTRIBUTE_LABEL 26,ATTRIBUTE_VALUE 26,ATTRIBUTE_UOM 26,ATTRIBUTE_LABEL 27,ATTRIBUTE_VALUE 27,ATTRIBUTE_UOM 27,ATTRIBUTE_LABEL 28,ATTRIBUTE_VALUE 28,ATTRIBUTE_UOM 28,ATTRIBUTE_LABEL 29,ATTRIBUTE_VALUE 29,ATTRIBUTE_UOM 29,ATTRIBUTE_LABEL 30,ATTRIBUTE_VALUE 30,ATTRIBUTE_UOM 30,ATTRIBUTE_LABEL 31,ATTRIBUTE_VALUE 31,ATTRIBUTE_UOM 31,ATTRIBUTE_LABEL 32,ATTRIBUTE_VALUE 32,ATTRIBUTE_UOM 32,ATTRIBUTE_LABEL 33,ATTRIBUTE_VALUE 33,ATTRIBUTE_UOM 33,ATTRIBUTE_LABEL 34,ATTRIBUTE_VALUE 34,ATTRIBUTE_UOM 34,ATTRIBUTE_LABEL 35,ATTRIBUTE_VALUE 35,ATTRIBUTE_UOM 35,ATTRIBUTE_LABEL 36,ATTRIBUTE_VALUE 36,ATTRIBUTE_UOM 36,ATTRIBUTE_LABEL 37,ATTRIBUTE_VALUE 37,ATTRIBUTE_UOM 37,ATTRIBUTE_LABEL 38,ATTRIBUTE_VALUE 38,ATTRIBUTE_UOM 38,ATTRIBUTE_LABEL 39,ATTRIBUTE_VALUE 39,ATTRIBUTE_UOM 39,ATTRIBUTE_LABEL 40,ATTRIBUTE_VALUE 40,ATTRIBUTE_UOM 40,ATTRIBUTE_LABEL 41,ATTRIBUTE_VALUE 41,ATTRIBUTE_UOM 41,ATTRIBUTE_LABEL 42,ATTRIBUTE_VALUE 42,ATTRIBUTE_UOM 42,ATTRIBUTE_LABEL 43,ATTRIBUTE_VALUE 43,ATTRIBUTE_UOM 43,ATTRIBUTE_LABEL 44,ATTRIBUTE_VALUE 44,ATTRIBUTE_UOM 44,ATTRIBUTE_LABEL 45,ATTRIBUTE_VALUE 45,ATTRIBUTE_UOM 45,ATTRIBUTE_LABEL 46,ATTRIBUTE_VALUE 46,ATTRIBUTE_UOM 46,ATTRIBUTE_LABEL 47,ATTRIBUTE_VALUE 47,ATTRIBUTE_UOM 47,ATTRIBUTE_LABEL 48,ATTRIBUTE_VALUE 48,ATTRIBUTE_UOM 48,ATTRIBUTE_LABEL 49,ATTRIBUTE_VALUE 49,ATTRIBUTE_UOM 49,ATTRIBUTE_LABEL 50,ATTRIBUTE_VALUE 50,ATTRIBUTE_UOM 50,UPC,EAN,GTIN,UNSPSC,Warranty,List Price,Selling Qty,Selling UOM,Standard Packaging Information,LENGTH,LENGTH_UOM,HEIGHT,HEIGHT_UOM,WIDTH,WIDTH_UOM,WEIGHT,WEIGHT_UOM,VOLUME,VOLUME_UOM,Product Image,Alternate Image 1,Alternate Image 2,Alternate Image 3,Alternate Image 4,SDS,SDS_1,Warranty Information,Catalog,Specification Sheet,Instruction/Installation Manual,Service Manual,Owners/User Manual,Line Drawing,MTR,RoHS,Full Engineering Drawing,Energy Star Guide,Technical Bulletin,Submittal,Compatibility Chart,Size Chart,Product Label/Insert,Video Link,Video Link 1,Country Of Origin,Discontinued,Actual Image (Yes/No)
,,,,,,DCB518ASTS06G,Abrasives & Surface Prep,Abrasive Belts,Sanding Belts,DCB518ASTS06G,DCB518ASTS06G,"DCB518ASTS06G Diablo 1/2""x18"" - Sanding Belt 6pc",-- Unbranded --,-- No Unilog Brand --,-- No DIB Brand --,Freud Inc (2435),Freud Inc,Diablo,,DCB518ASTS06G,,Abrasives & Surface Prep>Abrasive Belts>Sanding Belts,"Freud Inc Diablo, Sanding Belts, DCB518ASTS06G","DCB518ASTS06G DIABLO 1/2""X18"" - SANDING BELT 6PC",Diablo DCB518ASTS06G Sanding Belts,"DCB518ASTS06G Diablo 1/2""x18"" - Sanding Belt 6pc",Diablo DCB518ASTS06G Sanding Belts,,,,,,,,,,,,,,,,,,,,,,,,,,,Sanding Belts,Width,1/2,in,Length,18,in,Dimension,"1/2"" x 18""",,Pack Quantity,6,,,,,,,,,,,,,,,,,,,,,,,,,,,,,,,,,,,,,,,,,,,,,,,,,,,,,,,,,,,,,,,,,,,,,,,,,,,,,,,,,,,,,,,,,,,,,,,,,,,,,,,,,,,,,,,,,,,,,,,,,,,,,,,,,,,,,,,,,,,,,,,,,,,,,18,in,,,1/2,in,,,,,,,,,,,,,,,,,,,,,,,,,,,,,,,,
,,,,,,3MABR-7100075678,Abrasives & Surface Prep,Abrasive Discs,Sanding Discs,3MABR-7100075678,3MABR-7100075678,3M 775L Stikit Film P150 - Cubitron II 50 Disc/Box,-- Unbranded --,-- No Unilog Brand --,-- No DIB Brand --,Jam Industrial Supply LLC (JAMIN),Jam Industrial Supply,3M,,3MABR-7100075678,,Abrasives & Surface Prep>Abrasive Discs>Sanding Discs,"Jam Industrial Supply 3M, Sanding Discs, 3MABR-7100075678",3M 775L STIKIT FILM P150 - CUBITRON II 50 DISC/BOX,3M 3MABR-7100075678 Sanding Discs,3M 775L Stikit Film P150 - Cubitron II 50 Disc/Box,3M 3MABR-7100075678 Sanding Discs,,,,,,,,,,,,,,,,,,,,,,,,,,,Sanding Discs,Grit,150,,Pack Quantity,50,,,,,,,,,,,,,,,,,,,,,,,,,,,,,,,,,,,,,,,,,,,,,,,,,,,,,,,,,,,,,,,,,,,,,,,,,,,,,,,,,,,,,,,,,,,,,,,,,,,,,,,,,,,,,,,,,,,,,,,,,,,,,,,,,,,,,,,,,,,,,,,,,,,,,,,,,,,,,,,,,,,,,,,,,,,,,,,,,,,,,,,,,,,,,,,,
,,,,,,3MABR-7100045865,Abrasives & Surface Prep,Abrasive Discs,Sanding Discs,3MABR-7100045865,3MABR-7100045865,3M 775L Stikit Film P120 - Cubitron II 50 Disc/Box,-- Unbranded --,-- No Unilog Brand --,-- No DIB Brand --,Jam Industrial Supply LLC (JAMIN),Jam Industrial Supply,3M,,3MABR-7100045865,,Abrasives & Surface Prep>Abrasive Discs>Sanding Discs,"Jam Industrial Supply 3M, Sanding Discs, 3MABR-7100045865",3M 775L STIKIT FILM P120 - CUBITRON II 50 DISC/BOX,3M 3MABR-7100045865 Sanding Discs,3M 775L Stikit Film P120 - Cubitron II 50 Disc/Box,3M 3MABR-7100045865 Sanding Discs,,,,,,,,,,,,,,,,,,,,,,,,,,,Sanding Discs,Grit,120,,Pack Quantity,50,,,,,,,,,,,,,,,,,,,,,,,,,,,,,,,,,,,,,,,,,,,,,,,,,,,,,,,,,,,,,,,,,,,,,,,,,,,,,,,,,,,,,,,,,,,,,,,,,,,,,,,,,,,,,,,,,,,,,,,,,,,,,,,,,,,,,,,,,,,,,,,,,,,,,,,,,,,,,,,,,,,,,,,,,,,,,,,,,,,,,,,,,,,,,,,,
,,,,,,3MABR-7100048736,Abrasives & Surface Prep,Abrasive Discs,Sanding Discs,3MABR-7100048736,3MABR-7100048736,3M 775L Stikit Film P80 - Cubitron II 50 Disc/Box,-- Unbranded --,-- No Unilog Brand --,-- No DIB Brand --,Jam Industrial Supply LLC (JAMIN),Jam Industrial Supply,3M,,3MABR-7100048736,,Abrasives & Surface Prep>Abrasive Discs>Sanding Discs,"Jam Industrial Supply 3M, Sanding Discs, 3MABR-7100048736",3M 775L STIKIT FILM P80 - CUBITRON II 50 DISC/BOX,3M 3MABR-7100048736 Sanding Discs,3M 775L Stikit Film P80 - Cubitron II 50 Disc/Box,3M 3MABR-7100048736 Sanding Discs,,,,,,,,,,,,,,,,,,,,,,,,,,,Sanding Discs,Grit,80,,Pack Quantity,50,,,,,,,,,,,,,,,,,,,,,,,,,,,,,,,,,,,,,,,,,,,,,,,,,,,,,,,,,,,,,,,,,,,,,,,,,,,,,,,,,,,,,,,,,,,,,,,,,,,,,,,,,,,,,,,,,,,,,,,,,,,,,,,,,,,,,,,,,,,,,,,,,,,,,,,,,,,,,,,,,,,,,,,,,,,,,,,,,,,,,,,,,,,,,,,,
,,,,,,3MABR-7100075690,Abrasives & Surface Prep,Abrasive Discs,Sanding Discs,3MABR-7100075690,3MABR-7100075690,3M 775L Stikit Film P180 - Cubitron II 50 Disc/Box,-- Unbranded --,-- No Unilog Brand --,-- No DIB Brand --,Jam Industrial Supply LLC (JAMIN),Jam Industrial Supply,3M,,3MABR-7100075690,,Abrasives & Surface Prep>Abrasive Discs>Sanding Discs,"Jam Industrial Supply 3M, Sanding Discs, 3MABR-7100075690",3M 775L STIKIT FILM P180 - CUBITRON II 50 DISC/BOX,3M 3MABR-7100075690 Sanding Discs,3M 775L Stikit Film P180 - Cubitron II 50 Disc/Box,3M 3MABR-7100075690 Sanding Discs,,,,,,,,,,,,,,,,,,,,,,,,,,,Sanding Discs,Grit,180,,Pack Quantity,50,,,,,,,,,,,,,,,,,,,,,,,,,,,,,,,,,,,,,,,,,,,,,,,,,,,,,,,,,,,,,,,,,,,,,,,,,,,,,,,,,,,,,,,,,,,,,,,,,,,,,,,,,,,,,,,,,,,,,,,,,,,,,,,,,,,,,,,,,,,,,,,,,,,,,,,,,,,,,,,,,,,,,,,,,,,,,,,,,,,,,,,,,,,,,,,,
,,,,,,3MABR-7100075692,Abrasives & Surface Prep,Abrasive Discs,Sanding Discs,3MABR-7100075692,3MABR-7100075692,3M 775L Stikit Film P220 - Cubitron II 50 Disc/Box,-- Unbranded --,-- No Unilog Brand --,-- No DIB Brand --,Jam Industrial Supply LLC (JAMIN),Jam Industrial Supply,3M,,3MABR-7100075692,,Abrasives & Surface Prep>Abrasive Discs>Sanding Discs,"Jam Industrial Supply 3M, Sanding Discs, 3MABR-7100075692",3M 775L STIKIT FILM P220 - CUBITRON II 50 DISC/BOX,3M 3MABR-7100075692 Sanding Discs,3M 775L Stikit Film P220 - Cubitron II 50 Disc/Box,3M 3MABR-7100075692 Sanding Discs,,,,,,,,,,,,,,,,,,,,,,,,,,,Sanding Discs,Grit,220,,Pack Quantity,50,,,,,,,,,,,,,,,,,,,,,,,,,,,,,,,,,,,,,,,,,,,,,,,,,,,,,,,,,,,,,,,,,,,,,,,,,,,,,,,,,,,,,,,,,,,,,,,,,,,,,,,,,,,,,,,,,,,,,,,,,,,,,,,,,,,,,,,,,,,,,,,,,,,,,,,,,,,,,,,,,,,,,,,,,,,,,,,,,,,,,,,,,,,,,,,,
,,,,,,3MABR-7100145365,Abrasives & Surface Prep,Abrasive Discs,Sanding Discs,3MABR-7100145365,3MABR-7100145365,3M 775L Stikit Film P320 - Cubitron II 50 Disc/Box,-- Unbranded --,-- No Unilog Brand --,-- No DIB Brand --,Jam Industrial Supply LLC (JAMIN),Jam Industrial Supply,3M,,3MABR-7100145365,,Abrasives & Surface Prep>Abrasive Discs>Sanding Discs,"Jam Industrial Supply 3M, Sanding Discs, 3MABR-7100145365",3M 775L STIKIT FILM P320 - CUBITRON II 50 DISC/BOX,3M 3MABR-7100145365 Sanding Discs,3M 775L Stikit Film P320 - Cubitron II 50 Disc/Box,3M 3MABR-7100145365 Sanding Discs,,,,,,,,,,,,,,,,,,,,,,,,,,,Sanding Discs,Grit,320,,Pack Quantity,50,,,,,,,,,,,,,,,,,,,,,,,,,,,,,,,,,,,,,,,,,,,,,,,,,,,,,,,,,,,,,,,,,,,,,,,,,,,,,,,,,,,,,,,,,,,,,,,,,,,,,,,,,,,,,,,,,,,,,,,,,,,,,,,,,,,,,,,,,,,,,,,,,,,,,,,,,,,,,,,,,,,,,,,,,,,,,,,,,,,,,,,,,,,,,,,,
,,,,,,5B-332-080,Abrasives & Surface Prep,Abrasive Discs,Sanding Discs,5B-332-080,5B-332-080,"5B-332-080 HIOLIT 5"" P80",-- Unbranded --,-- No Unilog Brand --,-- No DIB Brand --,Mirka Abrasives Inc (MIRUS),Mirka Abrasives Inc,Mirka,,5B-332-080,,Abrasives & Surface Prep>Abrasive Discs>Sanding Discs,"Mirka Abrasives Inc Mirka, Sanding Discs, 5B-332-080","5B-332-080 HIOLIT 5"" P80",Mirka 5B-332-080 Sanding Discs,"5B-332-080 HIOLIT 5"" P80",Mirka 5B-332-080 Sanding Discs,,,,,,,,,,,,,,,,,,,,,,,,,,,Sanding Discs,Diameter,5,in,Grit,80,,,,,,,,,,,,,,,,,,,,,,,,,,,,,,,,,,,,,,,,,,,,,,,,,,,,,,,,,,,,,,,,,,,,,,,,,,,,,,,,,,,,,,,,,,,,,,,,,,,,,,,,,,,,,,,,,,,,,,,,,,,,,,,,,,,,,,,,,,,,,,,,,,,,,,,,,,,,,,,,,,,,,,,,,,,,,,,,,,,,,,,,,,,,,,,,
,,,,,,5B-332-120,Abrasives & Surface Prep,Abrasive Discs,Sanding Discs,5B-332-120,5B-332-120,"5B-332-120 HIOLIT 5"" P120",-- Unbranded --,-- No Unilog Brand --,-- No DIB Brand --,Mirka Abrasives Inc (MIRUS),Mirka Abrasives Inc,Mirka,,5B-332-120,,Abrasives & Surface Prep>Abrasive Discs>Sanding Discs,"Mirka Abrasives Inc Mirka, Sanding Discs, 5B-332-120","5B-332-120 HIOLIT 5"" P120",Mirka 5B-332-120 Sanding Discs,"5B-332-120 HIOLIT 5"" P120",Mirka 5B-332-120 Sanding Discs,,,,,,,,,,,,,,,,,,,,,,,,,,,Sanding Discs,Diameter,5,in,Grit,120,,,,,,,,,,,,,,,,,,,,,,,,,,,,,,,,,,,,,,,,,,,,,,,,,,,,,,,,,,,,,,,,,,,,,,,,,,,,,,,,,,,,,,,,,,,,,,,,,,,,,,,,,,,,,,,,,,,,,,,,,,,,,,,,,,,,,,,,,,,,,,,,,,,,,,,,,,,,,,,,,,,,,,,,,,,,,,,,,,,,,,,,,,,,,,,,
,,,,,,9A-570-240,Abrasives & Surface Prep,Abrasive Discs,Sanding Discs,9A-570-240,9A-570-240,9A-570-240 Abranet 2.75x30,-- Unbranded --,-- No Unilog Brand --,-- No DIB Brand --,Mirka Abrasives Inc (MIRUS),Mirka Abrasives Inc,Mirka,,9A-570-240,,Abrasives & Surface Prep>Abrasive Discs>Sanding Discs,"Mirka Abrasives Inc Mirka, Sanding Discs, 9A-570-240",9A-570-240 ABRANET 2.75X30,Mirka 9A-570-240 Sanding Discs,9A-570-240 Abranet 2.75x30,Mirka 9A-570-240 Sanding Discs,,,,,,,,,,,,,,,,,,,,,,,,,,,Sanding Discs,Dimension,2.75x30,,,,,,,,,,,,,,,,,,,,,,,,,,,,,,,,,,,,,,,,,,,,,,,,,,,,,,,,,,,,,,,,,,,,,,,,,,,,,,,,,,,,,,,,,,,,,,,,,,,,,,,,,,,,,,,,,,,,,,,,,,,,,,,,,,,,,,,,,,,,,,,,,,,,,,,,,,,,,,,,,,,,,,,,,,,,,,,,,,,,,,,,,,,,,,,,,,,
,,,,,,9A-570-320,Abrasives & Surface Prep,Abrasive Discs,Sanding Discs,9A-570-320,9A-570-320,9A-570-320 Abranet 2.75x30,-- Unbranded --,-- No Unilog Brand --,-- No DIB Brand --,Mirka Abrasives Inc (MIRUS),Mirka Abrasives Inc,Mirka,,9A-570-320,,Abrasives & Surface Prep>Abrasive Discs>Sanding Discs,"Mirka Abrasives Inc Mirka, Sanding Discs, 9A-570-320",9A-570-320 ABRANET 2.75X30,Mirka 9A-570-320 Sanding Discs,9A-570-320 Abranet 2.75x30,Mirka 9A-570-320 Sanding Discs,,,,,,,,,,,,,,,,,,,,,,,,,,,Sanding Discs,Dimension,2.75x30,,,,,,,,,,,,,,,,,,,,,,,,,,,,,,,,,,,,,,,,,,,,,,,,,,,,,,,,,,,,,,,,,,,,,,,,,,,,,,,,,,,,,,,,,,,,,,,,,,,,,,,,,,,,,,,,,,,,,,,,,,,,,,,,,,,,,,,,,,,,,,,,,,,,,,,,,,,,,,,,,,,,,,,,,,,,,,,,,,,,,,,,,,,,,,,,,,,
,,,,,,DBD090094101F,Abrasives & Surface Prep,Abrasive Wheels,Metal Cut-Off Discs,DBD090094101F,DBD090094101F,"DBD090094101F Diablo 9"" - Metal Cut-Off Disc",-- Unbranded --,-- No Unilog Brand --,-- No DIB Brand --,Freud Inc (2435),Freud Inc,Diablo,,DBD090094101F,,Abrasives & Surface Prep>Abrasive Wheels>Metal Cut-Off Discs,"Freud Inc Diablo, Metal Cut-Off Discs, DBD090094101F","DBD090094101F DIABLO 9"" - METAL CUT-OFF DISC",Diablo DBD090094101F Metal Cut-Off Discs,"DBD090094101F Diablo 9"" - Metal Cut-Off Disc",Diablo DBD090094101F Metal Cut-Off Discs,,,,,,,,,,,,,,,,,,,,,,,,,,,Metal Cut-Off Discs,Application,Metal,,,,,,,,,,,,,,,,,,,,,,,,,,,,,,,,,,,,,,,,,,,,,,,,,,,,,,,,,,,,,,,,,,,,,,,,,,,,,,,,,,,,,,,,,,,,,,,,,,,,,,,,,,,,,,,,,,,,,,,,,,,,,,,,,,,,,,,,,,,,,,,,,,,,,,,,,,,,,,,,,,,,,,,,,,,,,,,,,,,,,,,,,,,,,,,,,,,
,,,,,,DBDS12125A01F,Abrasives & Surface Prep,Abrasive Wheels,Metal Cut-Off Discs,DBDS12125A01F,DBDS12125A01F,"DBDS12125A01F Diablo 12"" - Steel Demon Metal Cut-Off Disc",-- Unbranded --,-- No Unilog Brand --,-- No DIB Brand --,Freud Inc (2435),Freud Inc,Diablo,,DBDS12125A01F,,Abrasives & Surface Prep>Abrasive Wheels>Metal Cut-Off Discs,"Freud Inc Diablo, Metal Cut-Off Discs, DBDS12125A01F","DBDS12125A01F DIABLO 12"" - STEEL DEMON METAL CUT-OFF DISC",Diablo DBDS12125A01F Metal Cut-Off Discs,"DBDS12125A01F Diablo 12"" - Steel Demon Metal Cut-Off Disc",Diablo DBDS12125A01F Metal Cut-Off Discs,,,,,,,,,,,,,,,,,,,,,,,,,,,Metal Cut-Off Discs,Application,Steel,,,,,,,,,,,,,,,,,,,,,,,,,,,,,,,,,,,,,,,,,,,,,,,,,,,,,,,,,,,,,,,,,,,,,,,,,,,,,,,,,,,,,,,,,,,,,,,,,,,,,,,,,,,,,,,,,,,,,,,,,,,,,,,,,,,,,,,,,,,,,,,,,,,,,,,,,,,,,,,,,,,,,,,,,,,,,,,,,,,,,,,,,,,,,,,,,,,
,,,,,,DBDS12125G01F,Abrasives & Surface Prep,Abrasive Wheels,Metal Cut-Off Discs,DBDS12125G01F,DBDS12125G01F,"DBDS12125G01F Diablo 12""x20mm - Speed Demon Metal Cut-Off Disc",-- Unbranded --,-- No Unilog Brand --,-- No DIB Brand --,Freud Inc (2435),Freud Inc,Diablo,,DBDS12125G01F,,Abrasives & Surface Prep>Abrasive Wheels>Metal Cut-Off Discs,"Freud Inc Diablo, Metal Cut-Off Discs, DBDS12125G01F","DBDS12125G01F DIABLO 12""X20MM - SPEED DEMON METAL CUT-OFF DISC",Diablo DBDS12125G01F Metal Cut-Off Discs,"DBDS12125G01F Diablo 12""x20mm - Speed Demon Metal Cut-Off Disc",Diablo DBDS12125G01F Metal Cut-Off Discs,,,,,,,,,,,,,,,,,,,,,,,,,,,Metal Cut-Off Discs,Diameter,12,in,Thickness,20,in,Application,Metal,,,,,,,,,,,,,,,,,,,,,,,,,,,,,,,,,,,,,,,,,,,,,,,,,,,,,,,,,,,,,,,,,,,,,,,,,,,,,,,,,,,,,,,,,,,,,,,,,,,,,,,,,,,,,,,,,,,,,,,,,,,,,,,,,,,,,,,,,,,,,,,,,,,,,,,,,,,,,,,,,,,,,,,,,,,,,,,,,,,,,,,,,,,,,
,,,,,,DBDS14125A01F,Abrasives & Surface Prep,Abrasive Wheels,Metal Cut-Off Discs,DBDS14125A01F,DBDS14125A01F,"DBDS14125A01F Diablo 14""x1"" - Steel Demon Metal Cut-Off Disc",-- Unbranded --,-- No Unilog Brand --,-- No DIB Brand --,Freud Inc (2435),Freud Inc,Diablo,,DBDS14125A01F,,Abrasives & Surface Prep>Abrasive Wheels>Metal Cut-Off Discs,"Freud Inc Diablo, Metal Cut-Off Discs, DBDS14125A01F","DBDS14125A01F DIABLO 14""X1"" - STEEL DEMON METAL CUT-OFF DISC",Diablo DBDS14125A01F Metal Cut-Off Discs,"DBDS14125A01F Diablo 14""x1"" - Steel Demon Metal Cut-Off Disc",Diablo DBDS14125A01F Metal Cut-Off Discs,,,,,,,,,,,,,,,,,,,,,,,,,,,Metal Cut-Off Discs,Diameter,14,in,Thickness,1,in,Application,Steel,,,,,,,,,,,,,,,,,,,,,,,,,,,,,,,,,,,,,,,,,,,,,,,,,,,,,,,,,,,,,,,,,,,,,,,,,,,,,,,,,,,,,,,,,,,,,,,,,,,,,,,,,,,,,,,,,,,,,,,,,,,,,,,,,,,,,,,,,,,,,,,,,,,,,,,,,,,,,,,,,,,,,,,,,,,,,,,,,,,,,,,,,,,,,
,,,,,,DBDS14125G01F,Abrasives & Surface Prep,Abrasive Wheels,Metal Cut-Off Discs,DBDS14125G01F,DBDS14125G01F,"DBDS14125G01F Diablo 14""x20mm - Steel Demon Metal Cut-Off Disc",-- Unbranded --,-- No Unilog Brand --,-- No DIB Brand --,Freud Inc (2435),Freud Inc,Diablo,,DBDS14125G01F,,Abrasives & Surface Prep>Abrasive Wheels>Metal Cut-Off Discs,"Freud Inc Diablo, Metal Cut-Off Discs, DBDS14125G01F","DBDS14125G01F DIABLO 14""X20MM - STEEL DEMON METAL CUT-OFF DISC",Diablo DBDS14125G01F Metal Cut-Off Discs,"DBDS14125G01F Diablo 14""x20mm - Steel Demon Metal Cut-Off Disc",Diablo DBDS14125G01F Metal Cut-Off Discs,,,,,,,,,,,,,,,,,,,,,,,,,,,Metal Cut-Off Discs,Diameter,14,in,Thickness,20,in,Application,Steel,,,,,,,,,,,,,,,,,,,,,,,,,,,,,,,,,,,,,,,,,,,,,,,,,,,,,,,,,,,,,,,,,,,,,,,,,,,,,,,,,,,,,,,,,,,,,,,,,,,,,,,,,,,,,,,,,,,,,,,,,,,,,,,,,,,,,,,,,,,,,,,,,,,,,,,,,,,,,,,,,,,,,,,,,,,,,,,,,,,,,,,,,,,,,
,,,,,,49-94-0013,Abrasives & Surface Prep,Abrasive Wheels,Metal Cut-Off Discs,49-94-0013,49-94-0013,"49-94-0013 Milw 5""x.045""x7/8"" Metal Cut Off Disc",-- Unbranded --,-- No Unilog Brand --,-- No DIB Brand --,Milwaukee Accessory (4031),Milwaukee Electric Tool,Milwaukee,,49-94-0013,,Abrasives & Surface Prep>Abrasive Wheels>Metal Cut-Off Discs,"Milwaukee Electric Tool Milwaukee, Metal Cut-Off Discs, 49-94-0013","49-94-0013 MILW 5""X.045""X7/8"" METAL CUT OFF DISC",Milwaukee 49-94-0013 Metal Cut-Off Discs,"49-94-0013 Milw 5""x.045""x7/8"" Metal Cut Off Disc",Milwaukee 49-94-0013 Metal Cut-Off Discs,,,,,,,,,,,,,,,,,,,,,,,,,,,Metal Cut-Off Discs,Diameter,045,in,Thickness,7/8,in,Application,Metal,,,,,,,,,,,,,,,,,,,,,,,,,,,,,,,,,,,,,,,,,,,,,,,,,,,,,,,,,,,,,,,,,,,,,,,,,,,,,,,,,,,,,,,,,,,,,,,,,,,,,,,,,,,,,,,,,,,,,,,,,,,,,,,,,,,,,,,,,,,,,,,,,,,,,,,,,,,,,,,,,,,,,,,,,,,,,,,,,,,,,,,,,,,,,
,,,,,,49-94-0029,Abrasives & Surface Prep,Abrasive Wheels,Metal Cut-Off Discs,49-94-0029,49-94-0029,"49-94-0029 Milw 6-1/2""x1/8""x5/8"" DKO Metal Cut Off Disc",-- Unbranded --,-- No Unilog Brand --,-- No DIB Brand --,Milwaukee Accessory (4031),Milwaukee Electric Tool,Milwaukee,,49-94-0029,,Abrasives & Surface Prep>Abrasive Wheels>Metal Cut-Off Discs,"Milwaukee Electric Tool Milwaukee, Metal Cut-Off Discs, 49-94-0029","49-94-0029 MILW 6-1/2""X1/8""X5/8"" DKO METAL CUT OFF DISC",Milwaukee 49-94-0029 Metal Cut-Off Discs,"49-94-0029 Milw 6-1/2""x1/8""x5/8"" DKO Metal Cut Off Disc",Milwaukee 49-94-0029 Metal Cut-Off Discs,,,,,,,,,,,,,,,,,,,,,,,,,,,Metal Cut-Off Discs,Diameter,1/2,in,Thickness,1/8,in,Arbor Size,5/8,in,Application,Metal,,,,,,,,,,,,,,,,,,,,,,,,,,,,,,,,,,,,,,,,,,,,,,,,,,,,,,,,,,,,,,,,,,,,,,,,,,,,,,,,,,,,,,,,,,,,,,,,,,,,,,,,,,,,,,,,,,,,,,,,,,,,,,,,,,,,,,,,,,,,,,,,,,,,,,,,,,,,,,,,,,,,,,,,,,,,,,,,,,,,,,,,,,
,,,,,,49-94-0033,Abrasives & Surface Prep,Abrasive Wheels,Metal Cut-Off Discs,49-94-0033,49-94-0033,"49-94-0033 Milw 7""x1/16""x7/8"" Metal Cut Off Disc",-- Unbranded --,-- No Unilog Brand --,-- No DIB Brand --,Milwaukee Accessory (4031),Milwaukee Electric Tool,Milwaukee,,49-94-0033,,Abrasives & Surface Prep>Abrasive Wheels>Metal Cut-Off Discs,"Milwaukee Electric Tool Milwaukee, Metal Cut-Off Discs, 49-94-0033","49-94-0033 MILW 7""X1/16""X7/8"" METAL CUT OFF DISC",Milwaukee 49-94-0033 Metal Cut-Off Discs,"49-94-0033 Milw 7""x1/16""x7/8"" Metal Cut Off Disc",Milwaukee 49-94-0033 Metal Cut-Off Discs,,,,,,,,,,,,,,,,,,,,,,,,,,,Metal Cut-Off Discs,Diameter,7,in,Thickness,1/16,in,Arbor Size,7/8,in,Application,Metal,,,,,,,,,,,,,,,,,,,,,,,,,,,,,,,,,,,,,,,,,,,,,,,,,,,,,,,,,,,,,,,,,,,,,,,,,,,,,,,,,,,,,,,,,,,,,,,,,,,,,,,,,,,,,,,,,,,,,,,,,,,,,,,,,,,,,,,,,,,,,,,,,,,,,,,,,,,,,,,,,,,,,,,,,,,,,,,,,,,,,,,,,,
,,,,,,49-94-0001,Abrasives & Surface Prep,Abrasive Wheels,Metal Cut-Off Discs,49-94-0001,49-94-0001,"49-94-0001 Milw 4""x.040""x5/8"" Metal Cut Off Disc",-- Unbranded --,-- No Unilog Brand --,-- No DIB Brand --,Milwaukee Accessory (4031),Milwaukee Electric Tool,Milwaukee,,49-94-0001,,Abrasives & Surface Prep>Abrasive Wheels>Metal Cut-Off Discs,"Milwaukee Electric Tool Milwaukee, Metal Cut-Off Discs, 49-94-0001","49-94-0001 MILW 4""X.040""X5/8"" METAL CUT OFF DISC",Milwaukee 49-94-0001 Metal Cut-Off Discs,"49-94-0001 Milw 4""x.040""x5/8"" Metal Cut Off Disc",Milwaukee 49-94-0001 Metal Cut-Off Discs,,,,,,,,,,,,,,,,,,,,,,,,,,,Metal Cut-Off Discs,Diameter,040,in,Thickness,5/8,in,Application,Metal,,,,,,,,,,,,,,,,,,,,,,,,,,,,,,,,,,,,,,,,,,,,,,,,,,,,,,,,,,,,,,,,,,,,,,,,,,,,,,,,,,,,,,,,,,,,,,,,,,,,,,,,,,,,,,,,,,,,,,,,,,,,,,,,,,,,,,,,,,,,,,,,,,,,,,,,,,,,,,,,,,,,,,,,,,,,,,,,,,,,,,,,,,,,,
,,,,,,49-94-0039,Abrasives & Surface Prep,Abrasive Wheels,Metal Cut-Off Discs,49-94-0039,49-94-0039,"49-94-0039 Milw 7""x1/8""x5/8"" DKO Metal Cut Off Disc",-- Unbranded --,-- No Unilog Brand --,-- No DIB Brand --,Milwaukee Accessory (4031),Milwaukee Electric Tool,Milwaukee,,49-94-0039,,Abrasives & Surface Prep>Abrasive Wheels>Metal Cut-Off Discs,"Milwaukee Electric Tool Milwaukee, Metal Cut-Off Discs, 49-94-0039","49-94-0039 MILW 7""X1/8""X5/8"" DKO METAL CUT OFF DISC",Milwaukee 49-94-0039 Metal Cut-Off Discs,"49-94-0039 Milw 7""x1/8""x5/8"" DKO Metal Cut Off Disc",Milwaukee 49-94-0039 Metal Cut-Off Discs,,,,,,,,,,,,,,,,,,,,,,,,,,,Metal Cut-Off Discs,Diameter,7,in,Thickness,1/8,in,Arbor Size,5/8,in,Application,Metal,,,,,,,,,,,,,,,,,,,,,,,,,,,,,,,,,,,,,,,,,,,,,,,,,,,,,,,,,,,,,,,,,,,,,,,,,,,,,,,,,,,,,,,,,,,,,,,,,,,,,,,,,,,,,,,,,,,,,,,,,,,,,,,,,,,,,,,,,,,,,,,,,,,,,,,,,,,,,,,,,,,,,,,,,,,,,,,,,,,,,,,,,,
,,,,,,49-94-0043,Abrasives & Surface Prep,Abrasive Wheels,Metal Cut-Off Discs,49-94-0043,49-94-0043,"49-94-0043 Milw 9""x3/32""x7/8"" Metal Cut Off Disc",-- Unbranded --,-- No Unilog Brand --,-- No DIB Brand --,Milwaukee Accessory (4031),Milwaukee Electric Tool,Milwaukee,,49-94-0043,,Abrasives & Surface Prep>Abrasive Wheels>Metal Cut-Off Discs,"Milwaukee Electric Tool Milwaukee, Metal Cut-Off Discs, 49-94-0043","49-94-0043 MILW 9""X3/32""X7/8"" METAL CUT OFF DISC",Milwaukee 49-94-0043 Metal Cut-Off Discs,"49-94-0043 Milw 9""x3/32""x7/8"" Metal Cut Off Disc",Milwaukee 49-94-0043 Metal Cut-Off Discs,,,,,,,,,,,,,,,,,,,,,,,,,,,Metal Cut-Off Discs,Diameter,9,in,Thickness,3/32,in,Arbor Size,7/8,in,Application,Metal,,,,,,,,,,,,,,,,,,,,,,,,,,,,,,,,,,,,,,,,,,,,,,,,,,,,,,,,,,,,,,,,,,,,,,,,,,,,,,,,,,,,,,,,,,,,,,,,,,,,,,,,,,,,,,,,,,,,,,,,,,,,,,,,,,,,,,,,,,,,,,,,,,,,,,,,,,,,,,,,,,,,,,,,,,,,,,,,,,,,,,,,,,
,,,,,,49-94-0048,Abrasives & Surface Prep,Abrasive Wheels,Metal Cut-Off Discs,49-94-0048,49-94-0048,"49-94-0048 Milw 12""x7/64""x1"" Metal Cut Off Disc General Purpose",-- Unbranded --,-- No Unilog Brand --,-- No DIB Brand --,Milwaukee Accessory (4031),Milwaukee Electric Tool,Milwaukee,,49-94-0048,,Abrasives & Surface Prep>Abrasive Wheels>Metal Cut-Off Discs,"Milwaukee Electric Tool Milwaukee, Metal Cut-Off Discs, 49-94-0048","49-94-0048 MILW 12""X7/64""X1"" METAL CUT OFF DISC GENERAL PURPOSE",Milwaukee 49-94-0048 Metal Cut-Off Discs,"49-94-0048 Milw 12""x7/64""x1"" Metal Cut Off Disc General Purpose",Milwaukee 49-94-0048 Metal Cut-Off Discs,,,,,,,,,,,,,,,,,,,,,,,,,,,Metal Cut-Off Discs,Diameter,12,in,Thickness,7/64,in,Arbor Size,1,in,Application,Metal,,,,,,,,,,,,,,,,,,,,,,,,,,,,,,,,,,,,,,,,,,,,,,,,,,,,,,,,,,,,,,,,,,,,,,,,,,,,,,,,,,,,,,,,,,,,,,,,,,,,,,,,,,,,,,,,,,,,,,,,,,,,,,,,,,,,,,,,,,,,,,,,,,,,,,,,,,,,,,,,,,,,,,,,,,,,,,,,,,,,,,,,,,
,,,,,,49-94-0053,Abrasives & Surface Prep,Abrasive Wheels,Metal Cut-Off Discs,49-94-0053,49-94-0053,"49-94-0053 Milw 12""x1/8""x1"" Metal Cut Off Disc",-- Unbranded --,-- No Unilog Brand --,-- No DIB Brand --,Milwaukee Accessory (4031),Milwaukee Electric Tool,Milwaukee,,49-94-0053,,Abrasives & Surface Prep>Abrasive Wheels>Metal Cut-Off Discs,"Milwaukee Electric Tool Milwaukee, Metal Cut-Off Discs, 49-94-0053","49-94-0053 MILW 12""X1/8""X1"" METAL CUT OFF DISC",Milwaukee 49-94-0053 Metal Cut-Off Discs,"49-94-0053 Milw 12""x1/8""x1"" Metal Cut Off Disc",Milwaukee 49-94-0053 Metal Cut-Off Discs,,,,,,,,,,,,,,,,,,,,,,,,,,,Metal Cut-Off Discs,Diameter,12,in,Thickness,1/8,in,Arbor Size,1,in,Application,Metal,,,,,,,,,,,,,,,,,,,,,,,,,,,,,,,,,,,,,,,,,,,,,,,,,,,,,,,,,,,,,,,,,,,,,,,,,,,,,,,,,,,,,,,,,,,,,,,,,,,,,,,,,,,,,,,,,,,,,,,,,,,,,,,,,,,,,,,,,,,,,,,,,,,,,,,,,,,,,,,,,,,,,,,,,,,,,,,,,,,,,,,,,,
,,,,,,49-94-0058,Abrasives & Surface Prep,Abrasive Wheels,Metal Cut-Off Discs,49-94-0058,49-94-0058,"49-94-0058 Milw 12""x1/8""x20mm Metal Cut Off Disc",-- Unbranded --,-- No Unilog Brand --,-- No DIB Brand --,Milwaukee Accessory (4031),Milwaukee Electric Tool,Milwaukee,,49-94-0058,,Abrasives & Surface Prep>Abrasive Wheels>Metal Cut-Off Discs,"Milwaukee Electric Tool Milwaukee, Metal Cut-Off Discs, 49-94-0058","49-94-0058 MILW 12""X1/8""X20MM METAL CUT OFF DISC",Milwaukee 49-94-0058 Metal Cut-Off Discs,"49-94-0058 Milw 12""x1/8""x20mm Metal Cut Off Disc",Milwaukee 49-94-0058 Metal Cut-Off Discs,,,,,,,,,,,,,,,,,,,,,,,,,,,Metal Cut-Off Discs,Diameter,12,in,Thickness,1/8,in,Arbor Size,20,in,Application,Metal,,,,,,,,,,,,,,,,,,,,,,,,,,,,,,,,,,,,,,,,,,,,,,,,,,,,,,,,,,,,,,,,,,,,,,,,,,,,,,,,,,,,,,,,,,,,,,,,,,,,,,,,,,,,,,,,,,,,,,,,,,,,,,,,,,,,,,,,,,,,,,,,,,,,,,,,,,,,,,,,,,,,,,,,,,,,,,,,,,,,,,,,,,
,,,,,,49-94-0063,Abrasives & Surface Prep,Abrasive Wheels,Metal Cut-Off Discs,49-94-0063,49-94-0063,"49-94-0063 Milw 14""x7/64""x1"" Metal Cut Off Disc General Purpose",-- Unbranded --,-- No Unilog Brand --,-- No DIB Brand --,Milwaukee Accessory (4031),Milwaukee Electric Tool,Milwaukee,,49-94-0063,,Abrasives & Surface Prep>Abrasive Wheels>Metal Cut-Off Discs,"Milwaukee Electric Tool Milwaukee, Metal Cut-Off Discs, 49-94-0063","49-94-0063 MILW 14""X7/64""X1"" METAL CUT OFF DISC GENERAL PURPOSE",Milwaukee 49-94-0063 Metal Cut-Off Discs,"49-94-0063 Milw 14""x7/64""x1"" Metal Cut Off Disc General Purpose",Milwaukee 49-94-0063 Metal Cut-Off Discs,,,,,,,,,,,,,,,,,,,,,,,,,,,Metal Cut-Off Discs,Diameter,14,in,Thickness,7/64,in,Arbor Size,1,in,Application,Metal,,,,,,,,,,,,,,,,,,,,,,,,,,,,,,,,,,,,,,,,,,,,,,,,,,,,,,,,,,,,,,,,,,,,,,,,,,,,,,,,,,,,,,,,,,,,,,,,,,,,,,,,,,,,,,,,,,,,,,,,,,,,,,,,,,,,,,,,,,,,,,,,,,,,,,,,,,,,,,,,,,,,,,,,,,,,,,,,,,,,,,,,,,
,,,,,,49-94-0068,Abrasives & Surface Prep,Abrasive Wheels,Metal Cut-Off Discs,49-94-0068,49-94-0068,"49-94-0068 Milw 14""x1/8""x20mm Metal Cut Off Disc",-- Unbranded --,-- No Unilog Brand --,-- No DIB Brand --,Milwaukee Accessory (4031),Milwaukee Electric Tool,Milwaukee,,49-94-0068,,Abrasives & Surface Prep>Abrasive Wheels>Metal Cut-Off Discs,"Milwaukee Electric Tool Milwaukee, Metal Cut-Off Discs, 49-94-0068","49-94-0068 MILW 14""X1/8""X20MM METAL CUT OFF DISC",Milwaukee 49-94-0068 Metal Cut-Off Discs,"49-94-0068 Milw 14""x1/8""x20mm Metal Cut Off Disc",Milwaukee 49-94-0068 Metal Cut-Off Discs,,,,,,,,,,,,,,,,,,,,,,,,,,,Metal Cut-Off Discs,Diameter,14,in,Thickness,1/8,in,Arbor Size,20,in,Application,Metal,,,,,,,,,,,,,,,,,,,,,,,,,,,,,,,,,,,,,,,,,,,,,,,,,,,,,,,,,,,,,,,,,,,,,,,,,,,,,,,,,,,,,,,,,,,,,,,,,,,,,,,,,,,,,,,,,,,,,,,,,,,,,,,,,,,,,,,,,,,,,,,,,,,,,,,,,,,,,,,,,,,,,,,,,,,,,,,,,,,,,,,,,,
,,,,,,49-94-0073,Abrasives & Surface Prep,Abrasive Wheels,Metal Cut-Off Discs,49-94-0073,49-94-0073,"49-94-0073 Milw 14""x1/8""x1"" Metal Cut Off Disc",-- Unbranded --,-- No Unilog Brand --,-- No DIB Brand --,Milwaukee Accessory (4031),Milwaukee Electric Tool,Milwaukee,,49-94-0073,,Abrasives & Surface Prep>Abrasive Wheels>Metal Cut-Off Discs,"Milwaukee Electric Tool Milwaukee, Metal Cut-Off Discs, 49-94-0073","49-94-0073 MILW 14""X1/8""X1"" METAL CUT OFF DISC",Milwaukee 49-94-0073 Metal Cut-Off Discs,"49-94-0073 Milw 14""x1/8""x1"" Metal Cut Off Disc",Milwaukee 49-94-0073 Metal Cut-Off Discs,,,,,,,,,,,,,,,,,,,,,,,,,,,Metal Cut-Off Discs,Diameter,14,in,Thickness,1/8,in,Arbor Size,1,in,Application,Metal,,,,,,,,,,,,,,,,,,,,,,,,,,,,,,,,,,,,,,,,,,,,,,,,,,,,,,,,,,,,,,,,,,,,,,,,,,,,,,,,,,,,,,,,,,,,,,,,,,,,,,,,,,,,,,,,,,,,,,,,,,,,,,,,,,,,,,,,,,,,,,,,,,,,,,,,,,,,,,,,,,,,,,,,,,,,,,,,,,,,,,,,,,
,,,,,,49-94-0101,Abrasives & Surface Prep,Abrasive Wheels,Metal Cut-Off Discs,49-94-0101,49-94-0101,"49-94-0101 Milw 4-1/2""x.045""x7/8"" Perform+ Metal Cut Off Disc 10pc",-- Unbranded --,-- No Unilog Brand --,-- No DIB Brand --,Milwaukee Accessory (4031),Milwaukee Electric Tool,Milwaukee,,49-94-0101,,Abrasives & Surface Prep>Abrasive Wheels>Metal Cut-Off Discs,"Milwaukee Electric Tool Milwaukee, Metal Cut-Off Discs, 49-94-0101","49-94-0101 MILW 4-1/2""X.045""X7/8"" PERFORM+ METAL CUT OFF DISC 10PC",Milwaukee 49-94-0101 Metal Cut-Off Discs,"49-94-0101 Milw 4-1/2""x.045""x7/8"" Perform+ Metal Cut Off Disc 10pc",Milwaukee 49-94-0101 Metal Cut-Off Discs,,,,,,,,,,,,,,,,,,,,,,,,,,,Metal Cut-Off Discs,Diameter,045,in,Thickness,7/8,in,Application,Metal,,Pack Quantity,10,,,,,,,,,,,,,,,,,,,,,,,,,,,,,,,,,,,,,,,,,,,,,,,,,,,,,,,,,,,,,,,,,,,,,,,,,,,,,,,,,,,,,,,,,,,,,,,,,,,,,,,,,,,,,,,,,,,,,,,,,,,,,,,,,,,,,,,,,,,,,,,,,,,,,,,,,,,,,,,,,,,,,,,,,,,,,,,,,,,,,,,,,,
,,,,,,49-94-0107,Abrasives & Surface Prep,Abrasive Wheels,Metal Cut-Off Discs,49-94-0107,49-94-0107,"49-94-0107 Milw 4-1/2""x.045""x7/8"" Performance+ Metal Cut Off Disc",-- Unbranded --,-- No Unilog Brand --,-- No DIB Brand --,Milwaukee Accessory (4031),Milwaukee Electric Tool,Milwaukee,,49-94-0107,,Abrasives & Surface Prep>Abrasive Wheels>Metal Cut-Off Discs,"Milwaukee Electric Tool Milwaukee, Metal Cut-Off Discs, 49-94-0107","49-94-0107 MILW 4-1/2""X.045""X7/8"" PERFORMANCE+ METAL CUT OFF DISC",Milwaukee 49-94-0107 Metal Cut-Off Discs,"49-94-0107 Milw 4-1/2""x.045""x7/8"" Performance+ Metal Cut Off Disc",Milwaukee 49-94-0107 Metal Cut-Off Discs,,,,,,,,,,,,,,,,,,,,,,,,,,,Metal Cut-Off Discs,Diameter,045,in,Thickness,7/8,in,Application,Metal,,,,,,,,,,,,,,,,,,,,,,,,,,,,,,,,,,,,,,,,,,,,,,,,,,,,,,,,,,,,,,,,,,,,,,,,,,,,,,,,,,,,,,,,,,,,,,,,,,,,,,,,,,,,,,,,,,,,,,,,,,,,,,,,,,,,,,,,,,,,,,,,,,,,,,,,,,,,,,,,,,,,,,,,,,,,,,,,,,,,,,,,,,,,,
,,,,,,49-94-0117,Abrasives & Surface Prep,Abrasive Wheels,Metal Cut-Off Discs,49-94-0117,49-94-0117,"49-94-0117 Milw 5""x.045""x7/8"" Performance+ Metal Cut Off Disc",-- Unbranded --,-- No Unilog Brand --,-- No DIB Brand --,Milwaukee Accessory (4031),Milwaukee Electric Tool,Milwaukee,,49-94-0117,,Abrasives & Surface Prep>Abrasive Wheels>Metal Cut-Off Discs,"Milwaukee Electric Tool Milwaukee, Metal Cut-Off Discs, 49-94-0117","49-94-0117 MILW 5""X.045""X7/8"" PERFORMANCE+ METAL CUT OFF DISC",Milwaukee 49-94-0117 Metal Cut-Off Discs,"49-94-0117 Milw 5""x.045""x7/8"" Performance+ Metal Cut Off Disc",Milwaukee 49-94-0117 Metal Cut-Off Discs,,,,,,,,,,,,,,,,,,,,,,,,,,,Metal Cut-Off Discs,Diameter,045,in,Thickness,7/8,in,Application,Metal,,,,,,,,,,,,,,,,,,,,,,,,,,,,,,,,,,,,,,,,,,,,,,,,,,,,,,,,,,,,,,,,,,,,,,,,,,,,,,,,,,,,,,,,,,,,,,,,,,,,,,,,,,,,,,,,,,,,,,,,,,,,,,,,,,,,,,,,,,,,,,,,,,,,,,,,,,,,,,,,,,,,,,,,,,,,,,,,,,,,,,,,,,,,,
,,,,,,49-94-0123,Abrasives & Surface Prep,Abrasive Wheels,Metal Cut-Off Discs,49-94-0123,49-94-0123,"49-94-0123 Milw 6""x.045""x7/8"" Performance+ Metal Cut Off Disc",-- Unbranded --,-- No Unilog Brand --,-- No DIB Brand --,Milwaukee Accessory (4031),Milwaukee Electric Tool,Milwaukee,,49-94-0123,,Abrasives & Surface Prep>Abrasive Wheels>Metal Cut-Off Discs,"Milwaukee Electric Tool Milwaukee, Metal Cut-Off Discs, 49-94-0123","49-94-0123 MILW 6""X.045""X7/8"" PERFORMANCE+ METAL CUT OFF DISC",Milwaukee 49-94-0123 Metal Cut-Off Discs,"49-94-0123 Milw 6""x.045""x7/8"" Performance+ Metal Cut Off Disc",Milwaukee 49-94-0123 Metal Cut-Off Discs,,,,,,,,,,,,,,,,,,,,,,,,,,,Metal Cut-Off Discs,Diameter,045,in,Thickness,7/8,in,Application,Metal,,,,,,,,,,,,,,,,,,,,,,,,,,,,,,,,,,,,,,,,,,,,,,,,,,,,,,,,,,,,,,,,,,,,,,,,,,,,,,,,,,,,,,,,,,,,,,,,,,,,,,,,,,,,,,,,,,,,,,,,,,,,,,,,,,,,,,,,,,,,,,,,,,,,,,,,,,,,,,,,,,,,,,,,,,,,,,,,,,,,,,,,,,,,,
,,,,,,49-94-0023,Abrasives & Surface Prep,Abrasive Wheels,Metal Cut-Off Discs,49-94-0023,49-94-0023,"49-94-0023 Milw 6""x.045""x7/8"" Metal Cut Off Disc",-- Unbranded --,-- No Unilog Brand --,-- No DIB Brand --,Milwaukee Accessory (4031),Milwaukee Electric Tool,Milwaukee,,49-94-0023,,Abrasives & Surface Prep>Abrasive Wheels>Metal Cut-Off Discs,"Milwaukee Electric Tool Milwaukee, Metal Cut-Off Discs, 49-94-0023","49-94-0023 MILW 6""X.045""X7/8"" METAL CUT OFF DISC",Milwaukee 49-94-0023 Metal Cut-Off Discs,"49-94-0023 Milw 6""x.045""x7/8"" Metal Cut Off Disc",Milwaukee 49-94-0023 Metal Cut-Off Discs,,,,,,,,,,,,,,,,,,,,,,,,,,,Metal Cut-Off Discs,Diameter,045,in,Thickness,7/8,in,Application,Metal,,,,,,,,,,,,,,,,,,,,,,,,,,,,,,,,,,,,,,,,,,,,,,,,,,,,,,,,,,,,,,,,,,,,,,,,,,,,,,,,,,,,,,,,,,,,,,,,,,,,,,,,,,,,,,,,,,,,,,,,,,,,,,,,,,,,,,,,,,,,,,,,,,,,,,,,,,,,,,,,,,,,,,,,,,,,,,,,,,,,,,,,,,,,,
,,,,,,49-94-0121,Abrasives & Surface Prep,Abrasive Wheels,Metal Cut-Off Discs,49-94-0121,49-94-0121,"49-94-0121 Milw 6""x.045""x7/8"" Performance+ Metal Cut Off Disc 10pc",-- Unbranded --,-- No Unilog Brand --,-- No DIB Brand --,Milwaukee Accessory (4031),Milwaukee Electric Tool,Milwaukee,,49-94-0121,,Abrasives & Surface Prep>Abrasive Wheels>Metal Cut-Off Discs,"Milwaukee Electric Tool Milwaukee, Metal Cut-Off Discs, 49-94-0121","49-94-0121 MILW 6""X.045""X7/8"" PERFORMANCE+ METAL CUT OFF DISC 10PC",Milwaukee 49-94-0121 Metal Cut-Off Discs,"49-94-0121 Milw 6""x.045""x7/8"" Performance+ Metal Cut Off Disc 10pc",Milwaukee 49-94-0121 Metal Cut-Off Discs,,,,,,,,,,,,,,,,,,,,,,,,,,,Metal Cut-Off Discs,Diameter,045,in,Thickness,7/8,in,Application,Metal,,Pack Quantity,10,,,,,,,,,,,,,,,,,,,,,,,,,,,,,,,,,,,,,,,,,,,,,,,,,,,,,,,,,,,,,,,,,,,,,,,,,,,,,,,,,,,,,,,,,,,,,,,,,,,,,,,,,,,,,,,,,,,,,,,,,,,,,,,,,,,,,,,,,,,,,,,,,,,,,,,,,,,,,,,,,,,,,,,,,,,,,,,,,,,,,,,,,,
,,,,,,49-94-0127,Abrasives & Surface Prep,Abrasive Wheels,Metal Cut-Off Discs,49-94-0127,49-94-0127,"49-94-0127 Milw 6""x.045""x7/8"" Performance+Metal Cut Off Disc",-- Unbranded --,-- No Unilog Brand --,-- No DIB Brand --,Milwaukee Accessory (4031),Milwaukee Electric Tool,Milwaukee,,49-94-0127,,Abrasives & Surface Prep>Abrasive Wheels>Metal Cut-Off Discs,"Milwaukee Electric Tool Milwaukee, Metal Cut-Off Discs, 49-94-0127","49-94-0127 MILW 6""X.045""X7/8"" PERFORMANCE+METAL CUT OFF DISC",Milwaukee 49-94-0127 Metal Cut-Off Discs,"49-94-0127 Milw 6""x.045""x7/8"" Performance+Metal Cut Off Disc",Milwaukee 49-94-0127 Metal Cut-Off Discs,,,,,,,,,,,,,,,,,,,,,,,,,,,Metal Cut-Off Discs,Diameter,045,in,Thickness,7/8,in,Application,Metal,,,,,,,,,,,,,,,,,,,,,,,,,,,,,,,,,,,,,,,,,,,,,,,,,,,,,,,,,,,,,,,,,,,,,,,,,,,,,,,,,,,,,,,,,,,,,,,,,,,,,,,,,,,,,,,,,,,,,,,,,,,,,,,,,,,,,,,,,,,,,,,,,,,,,,,,,,,,,,,,,,,,,,,,,,,,,,,,,,,,,,,,,,,,,
,,,,,,49-94-0137,Abrasives & Surface Prep,Abrasive Wheels,Metal Cut-Off Discs,49-94-0137,49-94-0137,"49-94-0137 Milw 7""x3/32""x7/8"" Performance+ Metal Cut Off Disc",-- Unbranded --,-- No Unilog Brand --,-- No DIB Brand --,Milwaukee Accessory (4031),Milwaukee Electric Tool,Milwaukee,,49-94-0137,,Abrasives & Surface Prep>Abrasive Wheels>Metal Cut-Off Discs,"Milwaukee Electric Tool Milwaukee, Metal Cut-Off Discs, 49-94-0137","49-94-0137 MILW 7""X3/32""X7/8"" PERFORMANCE+ METAL CUT OFF DISC",Milwaukee 49-94-0137 Metal Cut-Off Discs,"49-94-0137 Milw 7""x3/32""x7/8"" Performance+ Metal Cut Off Disc",Milwaukee 49-94-0137 Metal Cut-Off Discs,,,,,,,,,,,,,,,,,,,,,,,,,,,Metal Cut-Off Discs,Diameter,7,in,Thickness,3/32,in,Arbor Size,7/8,in,Application,Metal,,,,,,,,,,,,,,,,,,,,,,,,,,,,,,,,,,,,,,,,,,,,,,,,,,,,,,,,,,,,,,,,,,,,,,,,,,,,,,,,,,,,,,,,,,,,,,,,,,,,,,,,,,,,,,,,,,,,,,,,,,,,,,,,,,,,,,,,,,,,,,,,,,,,,,,,,,,,,,,,,,,,,,,,,,,,,,,,,,,,,,,,,,
,,,,,,49-94-0160,Abrasives & Surface Prep,Abrasive Wheels,Metal Cut-Off Discs,49-94-0160,49-94-0160,"49-94-0160 Milw 14""x7/64""x1"" Performance+ Metal Cut Off Disc",-- Unbranded --,-- No Unilog Brand --,-- No DIB Brand --,Milwaukee Accessory (4031),Milwaukee Electric Tool,Milwaukee,,49-94-0160,,Abrasives & Surface Prep>Abrasive Wheels>Metal Cut-Off Discs,"Milwaukee Electric Tool Milwaukee, Metal Cut-Off Discs, 49-94-0160","49-94-0160 MILW 14""X7/64""X1"" PERFORMANCE+ METAL CUT OFF DISC",Milwaukee 49-94-0160 Metal Cut-Off Discs,"49-94-0160 Milw 14""x7/64""x1"" Performance+ Metal Cut Off Disc",Milwaukee 49-94-0160 Metal Cut-Off Discs,,,,,,,,,,,,,,,,,,,,,,,,,,,Metal Cut-Off Discs,Diameter,14,in,Thickness,7/64,in,Arbor Size,1,in,Application,Metal,,,,,,,,,,,,,,,,,,,,,,,,,,,,,,,,,,,,,,,,,,,,,,,,,,,,,,,,,,,,,,,,,,,,,,,,,,,,,,,,,,,,,,,,,,,,,,,,,,,,,,,,,,,,,,,,,,,,,,,,,,,,,,,,,,,,,,,,,,,,,,,,,,,,,,,,,,,,,,,,,,,,,,,,,,,,,,,,,,,,,,,,,,
,,,,,,49-94-0223,Abrasives & Surface Prep,Abrasive Wheels,Metal Cut-Off Discs,49-94-0223,49-94-0223,"49-94-0223 Milw 6""x.045""x7/8"" Ceramic+ Metal Cut Off Disc",-- Unbranded --,-- No Unilog Brand --,-- No DIB Brand --,Milwaukee Accessory (4031),Milwaukee Electric Tool,Milwaukee,,49-94-0223,,Abrasives & Surface Prep>Abrasive Wheels>Metal Cut-Off Discs,"Milwaukee Electric Tool Milwaukee, Metal Cut-Off Discs, 49-94-0223","49-94-0223 MILW 6""X.045""X7/8"" CERAMIC+ METAL CUT OFF DISC",Milwaukee 49-94-0223 Metal Cut-Off Discs,"49-94-0223 Milw 6""x.045""x7/8"" Ceramic+ Metal Cut Off Disc",Milwaukee 49-94-0223 Metal Cut-Off Discs,,,,,,,,,,,,,,,,,,,,,,,,,,,Metal Cut-Off Discs,Diameter,045,in,Thickness,7/8,in,Application,Metal,,,,,,,,,,,,,,,,,,,,,,,,,,,,,,,,,,,,,,,,,,,,,,,,,,,,,,,,,,,,,,,,,,,,,,,,,,,,,,,,,,,,,,,,,,,,,,,,,,,,,,,,,,,,,,,,,,,,,,,,,,,,,,,,,,,,,,,,,,,,,,,,,,,,,,,,,,,,,,,,,,,,,,,,,,,,,,,,,,,,,,,,,,,,,
,,,,,,49-94-0445,Abrasives & Surface Prep,Abrasive Wheels,Metal Cut-Off Discs,49-94-0445,49-94-0445,"49-94-0445 Milw 10""x3/32""x5/8"" Performance+ Metal Cut Off Disc",-- Unbranded --,-- No Unilog Brand --,-- No DIB Brand --,Milwaukee Accessory (4031),Milwaukee Electric Tool,Milwaukee,,49-94-0445,,Abrasives & Surface Prep>Abrasive Wheels>Metal Cut-Off Discs,"Milwaukee Electric Tool Milwaukee, Metal Cut-Off Discs, 49-94-0445","49-94-0445 MILW 10""X3/32""X5/8"" PERFORMANCE+ METAL CUT OFF DISC",Milwaukee 49-94-0445 Metal Cut-Off Discs,"49-94-0445 Milw 10""x3/32""x5/8"" Performance+ Metal Cut Off Disc",Milwaukee 49-94-0445 Metal Cut-Off Discs,,,,,,,,,,,,,,,,,,,,,,,,,,,Metal Cut-Off Discs,Diameter,10,in,Thickness,3/32,in,Arbor Size,5/8,in,Application,Metal,,,,,,,,,,,,,,,,,,,,,,,,,,,,,,,,,,,,,,,,,,,,,,,,,,,,,,,,,,,,,,,,,,,,,,,,,,,,,,,,,,,,,,,,,,,,,,,,,,,,,,,,,,,,,,,,,,,,,,,,,,,,,,,,,,,,,,,,,,,,,,,,,,,,,,,,,,,,,,,,,,,,,,,,,,,,,,,,,,,,,,,,,,
,,,,,,49-94-0803,Abrasives & Surface Prep,Abrasive Wheels,Metal Cut-Off Discs,49-94-0803,49-94-0803,"49-94-0803 Milw 4-1/2""x1/8""x7/8"" Dual Metal Cut and Grind Disc",-- Unbranded --,-- No Unilog Brand --,-- No DIB Brand --,Milwaukee Accessory (4031),Milwaukee Electric Tool,Milwaukee,,49-94-0803,,Abrasives & Surface Prep>Abrasive Wheels>Metal Cut-Off Discs,"Milwaukee Electric Tool Milwaukee, Metal Cut-Off Discs, 49-94-0803","49-94-0803 MILW 4-1/2""X1/8""X7/8"" DUAL METAL CUT AND GRIND DISC",Milwaukee 49-94-0803 Metal Cut-Off Discs,"49-94-0803 Milw 4-1/2""x1/8""x7/8"" Dual Metal Cut and Grind Disc",Milwaukee 49-94-0803 Metal Cut-Off Discs,,,,,,,,,,,,,,,,,,,,,,,,,,,Metal Cut-Off Discs,Dimension,"1/2""x1/8",,,,,,,,,,,,,,,,,,,,,,,,,,,,,,,,,,,,,,,,,,,,,,,,,,,,,,,,,,,,,,,,,,,,,,,,,,,,,,,,,,,,,,,,,,,,,,,,,,,,,,,,,,,,,,,,,,,,,,,,,,,,,,,,,,,,,,,,,,,,,,,,,,,,,,,,,,,,,,,,,,,,,,,,,,,,,,,,,,,,,,,,,,,,,,,,,,,
,,,,,,49-94-0903,Abrasives & Surface Prep,Abrasive Wheels,Metal Cut-Off Discs,49-94-0903,49-94-0903,"49-94-0903 Milw 4-1/2""x1/8""x7/8""Perform+Dual Metal Cut and Grind Disc",-- Unbranded --,-- No Unilog Brand --,-- No DIB Brand --,Milwaukee Accessory (4031),Milwaukee Electric Tool,Milwaukee,,49-94-0903,,Abrasives & Surface Prep>Abrasive Wheels>Metal Cut-Off Discs,"Milwaukee Electric Tool Milwaukee, Metal Cut-Off Discs, 49-94-0903","49-94-0903 MILW 4-1/2""X1/8""X7/8""PERFORM+DUAL METAL CUT AND GRIND DISC",Milwaukee 49-94-0903 Metal Cut-Off Discs,"49-94-0903 Milw 4-1/2""x1/8""x7/8""Perform+Dual Metal Cut and Grind Disc",Milwaukee 49-94-0903 Metal Cut-Off Discs,,,,,,,,,,,,,,,,,,,,,,,,,,,Metal Cut-Off Discs,Dimension,"1/2""x1/8",,,,,,,,,,,,,,,,,,,,,,,,,,,,,,,,,,,,,,,,,,,,,,,,,,,,,,,,,,,,,,,,,,,,,,,,,,,,,,,,,,,,,,,,,,,,,,,,,,,,,,,,,,,,,,,,,,,,,,,,,,,,,,,,,,,,,,,,,,,,,,,,,,,,,,,,,,,,,,,,,,,,,,,,,,,,,,,,,,,,,,,,,,,,,,,,,,,
,,,,,,49-94-0907,Abrasives & Surface Prep,Abrasive Wheels,Metal Cut-Off Discs,49-94-0907,49-94-0907,"49-94-0907 Milw 4-1/2""x1/8""x5/8-11""Perform+Dual Metal Cut n Grind Disc",-- Unbranded --,-- No Unilog Brand --,-- No DIB Brand --,Milwaukee Accessory (4031),Milwaukee Electric Tool,Milwaukee,,49-94-0907,,Abrasives & Surface Prep>Abrasive Wheels>Metal Cut-Off Discs,"Milwaukee Electric Tool Milwaukee, Metal Cut-Off Discs, 49-94-0907","49-94-0907 MILW 4-1/2""X1/8""X5/8-11""PERFORM+DUAL METAL CUT N GRIND DISC",Milwaukee 49-94-0907 Metal Cut-Off Discs,"49-94-0907 Milw 4-1/2""x1/8""x5/8-11""Perform+Dual Metal Cut n Grind Disc",Milwaukee 49-94-0907 Metal Cut-Off Discs,,,,,,,,,,,,,,,,,,,,,,,,,,,Metal Cut-Off Discs,Dimension,"1/2""x1/8",,,,,,,,,,,,,,,,,,,,,,,,,,,,,,,,,,,,,,,,,,,,,,,,,,,,,,,,,,,,,,,,,,,,,,,,,,,,,,,,,,,,,,,,,,,,,,,,,,,,,,,,,,,,,,,,,,,,,,,,,,,,,,,,,,,,,,,,,,,,,,,,,,,,,,,,,,,,,,,,,,,,,,,,,,,,,,,,,,,,,,,,,,,,,,,,,,,
,,,,,,49-94-0923,Abrasives & Surface Prep,Abrasive Wheels,Metal Cut-Off Discs,49-94-0923,49-94-0923,"49-94-0923 Milw 6""x1/8""x7/8"" Perform+Dual Metal Cut and Grind Disc",-- Unbranded --,-- No Unilog Brand --,-- No DIB Brand --,Milwaukee Accessory (4031),Milwaukee Electric Tool,Milwaukee,,49-94-0923,,Abrasives & Surface Prep>Abrasive Wheels>Metal Cut-Off Discs,"Milwaukee Electric Tool Milwaukee, Metal Cut-Off Discs, 49-94-0923","49-94-0923 MILW 6""X1/8""X7/8"" PERFORM+DUAL METAL CUT AND GRIND DISC",Milwaukee 49-94-0923 Metal Cut-Off Discs,"49-94-0923 Milw 6""x1/8""x7/8"" Perform+Dual Metal Cut and Grind Disc",Milwaukee 49-94-0923 Metal Cut-Off Discs,,,,,,,,,,,,,,,,,,,,,,,,,,,Metal Cut-Off Discs,Dimension,"6""x1/8",,,,,,,,,,,,,,,,,,,,,,,,,,,,,,,,,,,,,,,,,,,,,,,,,,,,,,,,,,,,,,,,,,,,,,,,,,,,,,,,,,,,,,,,,,,,,,,,,,,,,,,,,,,,,,,,,,,,,,,,,,,,,,,,,,,,,,,,,,,,,,,,,,,,,,,,,,,,,,,,,,,,,,,,,,,,,,,,,,,,,,,,,,,,,,,,,,,
,,,,,,49-94-1900,Abrasives & Surface Prep,Abrasive Wheels,Metal Cut-Off Discs,49-94-1900,49-94-1900,"49-94-1900 Milw 4""x1/8""x5/8"" Masonry Cut Off Disc",-- Unbranded --,-- No Unilog Brand --,-- No DIB Brand --,Milwaukee Accessory (4031),Milwaukee Electric Tool,Milwaukee,,49-94-1900,,Abrasives & Surface Prep>Abrasive Wheels>Metal Cut-Off Discs,"Milwaukee Electric Tool Milwaukee, Metal Cut-Off Discs, 49-94-1900","49-94-1900 MILW 4""X1/8""X5/8"" MASONRY CUT OFF DISC",Milwaukee 49-94-1900 Metal Cut-Off Discs,"49-94-1900 Milw 4""x1/8""x5/8"" Masonry Cut Off Disc",Milwaukee 49-94-1900 Metal Cut-Off Discs,,,,,,,,,,,,,,,,,,,,,,,,,,,Metal Cut-Off Discs,Diameter,4,in,Thickness,1/8,in,Arbor Size,5/8,in,Application,Masonry,,,,,,,,,,,,,,,,,,,,,,,,,,,,,,,,,,,,,,,,,,,,,,,,,,,,,,,,,,,,,,,,,,,,,,,,,,,,,,,,,,,,,,,,,,,,,,,,,,,,,,,,,,,,,,,,,,,,,,,,,,,,,,,,,,,,,,,,,,,,,,,,,,,,,,,,,,,,,,,,,,,,,,,,,,,,,,,,,,,,,,,,,,
,,,,,,49-94-1905,Abrasives & Surface Prep,Abrasive Wheels,Metal Cut-Off Discs,49-94-1905,49-94-1905,"49-94-1905 Milw 4-1/2""x1/8""x7/8"" Masonry Cut Off Disc",-- Unbranded --,-- No Unilog Brand --,-- No DIB Brand --,Milwaukee Accessory (4031),Milwaukee Electric Tool,Milwaukee,,49-94-1905,,Abrasives & Surface Prep>Abrasive Wheels>Metal Cut-Off Discs,"Milwaukee Electric Tool Milwaukee, Metal Cut-Off Discs, 49-94-1905","49-94-1905 MILW 4-1/2""X1/8""X7/8"" MASONRY CUT OFF DISC",Milwaukee 49-94-1905 Metal Cut-Off Discs,"49-94-1905 Milw 4-1/2""x1/8""x7/8"" Masonry Cut Off Disc",Milwaukee 49-94-1905 Metal Cut-Off Discs,,,,,,,,,,,,,,,,,,,,,,,,,,,Metal Cut-Off Discs,Diameter,1/2,in,Thickness,1/8,in,Arbor Size,7/8,in,Application,Masonry,,,,,,,,,,,,,,,,,,,,,,,,,,,,,,,,,,,,,,,,,,,,,,,,,,,,,,,,,,,,,,,,,,,,,,,,,,,,,,,,,,,,,,,,,,,,,,,,,,,,,,,,,,,,,,,,,,,,,,,,,,,,,,,,,,,,,,,,,,,,,,,,,,,,,,,,,,,,,,,,,,,,,,,,,,,,,,,,,,,,,,,,,,
,,,,,,49-94-1915,Abrasives & Surface Prep,Abrasive Wheels,Metal Cut-Off Discs,49-94-1915,49-94-1915,"49-94-1915 Milw 6-1/2""x1/8""x5/8"" DKO Masonry Cut Off Disc",-- Unbranded --,-- No Unilog Brand --,-- No DIB Brand --,Milwaukee Accessory (4031),Milwaukee Electric Tool,Milwaukee,,49-94-1915,,Abrasives & Surface Prep>Abrasive Wheels>Metal Cut-Off Discs,"Milwaukee Electric Tool Milwaukee, Metal Cut-Off Discs, 49-94-1915","49-94-1915 MILW 6-1/2""X1/8""X5/8"" DKO MASONRY CUT OFF DISC",Milwaukee 49-94-1915 Metal Cut-Off Discs,"49-94-1915 Milw 6-1/2""x1/8""x5/8"" DKO Masonry Cut Off Disc",Milwaukee 49-94-1915 Metal Cut-Off Discs,,,,,,,,,,,,,,,,,,,,,,,,,,,Metal Cut-Off Discs,Diameter,1/2,in,Thickness,1/8,in,Arbor Size,5/8,in,Application,Masonry,,,,,,,,,,,,,,,,,,,,,,,,,,,,,,,,,,,,,,,,,,,,,,,,,,,,,,,,,,,,,,,,,,,,,,,,,,,,,,,,,,,,,,,,,,,,,,,,,,,,,,,,,,,,,,,,,,,,,,,,,,,,,,,,,,,,,,,,,,,,,,,,,,,,,,,,,,,,,,,,,,,,,,,,,,,,,,,,,,,,,,,,,,
,,,,,,49-94-1920,Abrasives & Surface Prep,Abrasive Wheels,Metal Cut-Off Discs,49-94-1920,49-94-1920,"49-94-1920 Milw 7""x1/8""x5/8"" DKO Masonry Cut Off Disc",-- Unbranded --,-- No Unilog Brand --,-- No DIB Brand --,Milwaukee Accessory (4031),Milwaukee Electric Tool,Milwaukee,,49-94-1920,,Abrasives & Surface Prep>Abrasive Wheels>Metal Cut-Off Discs,"Milwaukee Electric Tool Milwaukee, Metal Cut-Off Discs, 49-94-1920","49-94-1920 MILW 7""X1/8""X5/8"" DKO MASONRY CUT OFF DISC",Milwaukee 49-94-1920 Metal Cut-Off Discs,"49-94-1920 Milw 7""x1/8""x5/8"" DKO Masonry Cut Off Disc",Milwaukee 49-94-1920 Metal Cut-Off Discs,,,,,,,,,,,,,,,,,,,,,,,,,,,Metal Cut-Off Discs,Diameter,7,in,Thickness,1/8,in,Arbor Size,5/8,in,Application,Masonry,,,,,,,,,,,,,,,,,,,,,,,,,,,,,,,,,,,,,,,,,,,,,,,,,,,,,,,,,,,,,,,,,,,,,,,,,,,,,,,,,,,,,,,,,,,,,,,,,,,,,,,,,,,,,,,,,,,,,,,,,,,,,,,,,,,,,,,,,,,,,,,,,,,,,,,,,,,,,,,,,,,,,,,,,,,,,,,,,,,,,,,,,,
,,,,,,49-94-1925,Abrasives & Surface Prep,Abrasive Wheels,Metal Cut-Off Discs,49-94-1925,49-94-1925,"49-94-1925 Milw 10""x1/8""x5/8"" Masonry Cut Off Disc",-- Unbranded --,-- No Unilog Brand --,-- No DIB Brand --,Milwaukee Accessory (4031),Milwaukee Electric Tool,Milwaukee,,49-94-1925,,Abrasives & Surface Prep>Abrasive Wheels>Metal Cut-Off Discs,"Milwaukee Electric Tool Milwaukee, Metal Cut-Off Discs, 49-94-1925","49-94-1925 MILW 10""X1/8""X5/8"" MASONRY CUT OFF DISC",Milwaukee 49-94-1925 Metal Cut-Off Discs,"49-94-1925 Milw 10""x1/8""x5/8"" Masonry Cut Off Disc",Milwaukee 49-94-1925 Metal Cut-Off Discs,,,,,,,,,,,,,,,,,,,,,,,,,,,Metal Cut-Off Discs,Diameter,10,in,Thickness,1/8,in,Arbor Size,5/8,in,Application,Masonry,,,,,,,,,,,,,,,,,,,,,,,,,,,,,,,,,,,,,,,,,,,,,,,,,,,,,,,,,,,,,,,,,,,,,,,,,,,,,,,,,,,,,,,,,,,,,,,,,,,,,,,,,,,,,,,,,,,,,,,,,,,,,,,,,,,,,,,,,,,,,,,,,,,,,,,,,,,,,,,,,,,,,,,,,,,,,,,,,,,,,,,,,,
,,,,,,49-94-1935,Abrasives & Surface Prep,Abrasive Wheels,Metal Cut-Off Discs,49-94-1935,49-94-1935,"49-94-1935 Milw 12""x1/8""x1"" Masonry Cut Off Disc",-- Unbranded --,-- No Unilog Brand --,-- No DIB Brand --,Milwaukee Accessory (4031),Milwaukee Electric Tool,Milwaukee,,49-94-1935,,Abrasives & Surface Prep>Abrasive Wheels>Metal Cut-Off Discs,"Milwaukee Electric Tool Milwaukee, Metal Cut-Off Discs, 49-94-1935","49-94-1935 MILW 12""X1/8""X1"" MASONRY CUT OFF DISC",Milwaukee 49-94-1935 Metal Cut-Off Discs,"49-94-1935 Milw 12""x1/8""x1"" Masonry Cut Off Disc",Milwaukee 49-94-1935 Metal Cut-Off Discs,,,,,,,,,,,,,,,,,,,,,,,,,,,Metal Cut-Off Discs,Diameter,12,in,Thickness,1/8,in,Arbor Size,1,in,Application,Masonry,,,,,,,,,,,,,,,,,,,,,,,,,,,,,,,,,,,,,,,,,,,,,,,,,,,,,,,,,,,,,,,,,,,,,,,,,,,,,,,,,,,,,,,,,,,,,,,,,,,,,,,,,,,,,,,,,,,,,,,,,,,,,,,,,,,,,,,,,,,,,,,,,,,,,,,,,,,,,,,,,,,,,,,,,,,,,,,,,,,,,,,,,,
,,,,,,49-94-1940,Abrasives & Surface Prep,Abrasive Wheels,Metal Cut-Off Discs,49-94-1940,49-94-1940,"49-94-1940 Milw 14""x1/8""x1"" Masonry Cut Off Disc",-- Unbranded --,-- No Unilog Brand --,-- No DIB Brand --,Milwaukee Accessory (4031),Milwaukee Electric Tool,Milwaukee,,49-94-1940,,Abrasives & Surface Prep>Abrasive Wheels>Metal Cut-Off Discs,"Milwaukee Electric Tool Milwaukee, Metal Cut-Off Discs, 49-94-1940","49-94-1940 MILW 14""X1/8""X1"" MASONRY CUT OFF DISC",Milwaukee 49-94-1940 Metal Cut-Off Discs,"49-94-1940 Milw 14""x1/8""x1"" Masonry Cut Off Disc",Milwaukee 49-94-1940 Metal Cut-Off Discs,,,,,,,,,,,,,,,,,,,,,,,,,,,Metal Cut-Off Discs,Diameter,14,in,Thickness,1/8,in,Arbor Size,1,in,Application,Masonry,,,,,,,,,,,,,,,,,,,,,,,,,,,,,,,,,,,,,,,,,,,,,,,,,,,,,,,,,,,,,,,,,,,,,,,,,,,,,,,,,,,,,,,,,,,,,,,,,,,,,,,,,,,,,,,,,,,,,,,,,,,,,,,,,,,,,,,,,,,,,,,,,,,,,,,,,,,,,,,,,,,,,,,,,,,,,,,,,,,,,,,,,,
,,,,,,49-94-0501,Abrasives & Surface Prep,Abrasive Wheels,Grinding Wheels,49-94-0501,49-94-0501,"49-94-0501 Milw 4""x1/4""x5/8"" Metal Grinding Wheel",-- Unbranded --,-- No Unilog Brand --,-- No DIB Brand --,Milwaukee Accessory (4031),Milwaukee Electric Tool,Milwaukee,,49-94-0501,,Abrasives & Surface Prep>Abrasive Wheels>Grinding Wheels,"Milwaukee Electric Tool Milwaukee, Grinding Wheels, 49-94-0501","49-94-0501 MILW 4""X1/4""X5/8"" METAL GRINDING WHEEL",Milwaukee 49-94-0501 Grinding Wheels,"49-94-0501 Milw 4""x1/4""x5/8"" Metal Grinding Wheel",Milwaukee 49-94-0501 Grinding Wheels,,,,,,,,,,,,,,,,,,,,,,,,,,,Grinding Wheels,Diameter,4,in,Thickness,1/4,in,Arbor Size,5/8,in,Application,Metal,,,,,,,,,,,,,,,,,,,,,,,,,,,,,,,,,,,,,,,,,,,,,,,,,,,,,,,,,,,,,,,,,,,,,,,,,,,,,,,,,,,,,,,,,,,,,,,,,,,,,,,,,,,,,,,,,,,,,,,,,,,,,,,,,,,,,,,,,,,,,,,,,,,,,,,,,,,,,,,,,,,,,,,,,,,,,,,,,,,,,,,,,,
,,,,,,49-94-0503,Abrasives & Surface Prep,Abrasive Wheels,Grinding Wheels,49-94-0503,49-94-0503,"49-94-0503 Milw 4-1/2""x1/4""x7/8"" Metal Grinding Wheel",-- Unbranded --,-- No Unilog Brand --,-- No DIB Brand --,Milwaukee Accessory (4031),Milwaukee Electric Tool,Milwaukee,,49-94-0503,,Abrasives & Surface Prep>Abrasive Wheels>Grinding Wheels,"Milwaukee Electric Tool Milwaukee, Grinding Wheels, 49-94-0503","49-94-0503 MILW 4-1/2""X1/4""X7/8"" METAL GRINDING WHEEL",Milwaukee 49-94-0503 Grinding Wheels,"49-94-0503 Milw 4-1/2""x1/4""x7/8"" Metal Grinding Wheel",Milwaukee 49-94-0503 Grinding Wheels,,,,,,,,,,,,,,,,,,,,,,,,,,,Grinding Wheels,Diameter,1/2,in,Thickness,1/4,in,Arbor Size,7/8,in,Application,Metal,,,,,,,,,,,,,,,,,,,,,,,,,,,,,,,,,,,,,,,,,,,,,,,,,,,,,,,,,,,,,,,,,,,,,,,,,,,,,,,,,,,,,,,,,,,,,,,,,,,,,,,,,,,,,,,,,,,,,,,,,,,,,,,,,,,,,,,,,,,,,,,,,,,,,,,,,,,,,,,,,,,,,,,,,,,,,,,,,,,,,,,,,,
,,,,,,49-94-0523,Abrasives & Surface Prep,Abrasive Wheels,Grinding Wheels,49-94-0523,49-94-0523,"49-94-0523 Milw 6""x1/4""x7/8"" Metal Grinding Wheel",-- Unbranded --,-- No Unilog Brand --,-- No DIB Brand --,Milwaukee Accessory (4031),Milwaukee Electric Tool,Milwaukee,,49-94-0523,,Abrasives & Surface Prep>Abrasive Wheels>Grinding Wheels,"Milwaukee Electric Tool Milwaukee, Grinding Wheels, 49-94-0523","49-94-0523 MILW 6""X1/4""X7/8"" METAL GRINDING WHEEL",Milwaukee 49-94-0523 Grinding Wheels,"49-94-0523 Milw 6""x1/4""x7/8"" Metal Grinding Wheel",Milwaukee 49-94-0523 Grinding Wheels,,,,,,,,,,,,,,,,,,,,,,,,,,,Grinding Wheels,Diameter,6,in,Thickness,1/4,in,Arbor Size,7/8,in,Application,Metal,,,,,,,,,,,,,,,,,,,,,,,,,,,,,,,,,,,,,,,,,,,,,,,,,,,,,,,,,,,,,,,,,,,,,,,,,,,,,,,,,,,,,,,,,,,,,,,,,,,,,,,,,,,,,,,,,,,,,,,,,,,,,,,,,,,,,,,,,,,,,,,,,,,,,,,,,,,,,,,,,,,,,,,,,,,,,,,,,,,,,,,,,,
,,,,,,49-94-1955,Abrasives & Surface Prep,Abrasive Wheels,Grinding Wheels,49-94-1955,49-94-1955,"49-94-1955 Milw 4-1/2""x1/4""x7/8"" Masonry Grinding Wheel",-- Unbranded --,-- No Unilog Brand --,-- No DIB Brand --,Milwaukee Accessory (4031),Milwaukee Electric Tool,Milwaukee,,49-94-1955,,Abrasives & Surface Prep>Abrasive Wheels>Grinding Wheels,"Milwaukee Electric Tool Milwaukee, Grinding Wheels, 49-94-1955","49-94-1955 MILW 4-1/2""X1/4""X7/8"" MASONRY GRINDING WHEEL",Milwaukee 49-94-1955 Grinding Wheels,"49-94-1955 Milw 4-1/2""x1/4""x7/8"" Masonry Grinding Wheel",Milwaukee 49-94-1955 Grinding Wheels,,,,,,,,,,,,,,,,,,,,,,,,,,,Grinding Wheels,Diameter,1/2,in,Thickness,1/4,in,Arbor Size,7/8,in,Application,Masonry,,,,,,,,,,,,,,,,,,,,,,,,,,,,,,,,,,,,,,,,,,,,,,,,,,,,,,,,,,,,,,,,,,,,,,,,,,,,,,,,,,,,,,,,,,,,,,,,,,,,,,,,,,,,,,,,,,,,,,,,,,,,,,,,,,,,,,,,,,,,,,,,,,,,,,,,,,,,,,,,,,,,,,,,,,,,,,,,,,,,,,,,,,
,,,,,,49-94-1965,Abrasives & Surface Prep,Abrasive Wheels,Grinding Wheels,49-94-1965,49-94-1965,"49-94-1965 Milw 7""x1/4""x7/8"" Masonry Grinding Wheel",-- Unbranded --,-- No Unilog Brand --,-- No DIB Brand --,Milwaukee Accessory (4031),Milwaukee Electric Tool,Milwaukee,,49-94-1965,,Abrasives & Surface Prep>Abrasive Wheels>Grinding Wheels,"Milwaukee Electric Tool Milwaukee, Grinding Wheels, 49-94-1965","49-94-1965 MILW 7""X1/4""X7/8"" MASONRY GRINDING WHEEL",Milwaukee 49-94-1965 Grinding Wheels,"49-94-1965 Milw 7""x1/4""x7/8"" Masonry Grinding Wheel",Milwaukee 49-94-1965 Grinding Wheels,,,,,,,,,,,,,,,,,,,,,,,,,,,Grinding Wheels,Diameter,7,in,Thickness,1/4,in,Arbor Size,7/8,in,Application,Masonry,,,,,,,,,,,,,,,,,,,,,,,,,,,,,,,,,,,,,,,,,,,,,,,,,,,,,,,,,,,,,,,,,,,,,,,,,,,,,,,,,,,,,,,,,,,,,,,,,,,,,,,,,,,,,,,,,,,,,,,,,,,,,,,,,,,,,,,,,,,,,,,,,,,,,,,,,,,,,,,,,,,,,,,,,,,,,,,,,,,,,,,,,,
,,,,,,49-94-0513,Abrasives & Surface Prep,Abrasive Wheels,Grinding Wheels,49-94-0513,49-94-0513,"49-94-0513 Milw 5""x1/4""x7/8"" Metal Grinding Wheel",-- Unbranded --,-- No Unilog Brand --,-- No DIB Brand --,Milwaukee Accessory (4031),Milwaukee Electric Tool,Milwaukee,,49-94-0513,,Abrasives & Surface Prep>Abrasive Wheels>Grinding Wheels,"Milwaukee Electric Tool Milwaukee, Grinding Wheels, 49-94-0513","49-94-0513 MILW 5""X1/4""X7/8"" METAL GRINDING WHEEL",Milwaukee 49-94-0513 Grinding Wheels,"49-94-0513 Milw 5""x1/4""x7/8"" Metal Grinding Wheel",Milwaukee 49-94-0513 Grinding Wheels,,,,,,,,,,,,,,,,,,,,,,,,,,,Grinding Wheels,Diameter,5,in,Thickness,1/4,in,Arbor Size,7/8,in,Application,Metal,,,,,,,,,,,,,,,,,,,,,,,,,,,,,,,,,,,,,,,,,,,,,,,,,,,,,,,,,,,,,,,,,,,,,,,,,,,,,,,,,,,,,,,,,,,,,,,,,,,,,,,,,,,,,,,,,,,,,,,,,,,,,,,,,,,,,,,,,,,,,,,,,,,,,,,,,,,,,,,,,,,,,,,,,,,,,,,,,,,,,,,,,,
,,,,,,49-94-0533,Abrasives & Surface Prep,Abrasive Wheels,Grinding Wheels,49-94-0533,49-94-0533,"49-94-0533 Milw 7""x1/4""x7/8"" Metal Grinding Wheel",-- Unbranded --,-- No Unilog Brand --,-- No DIB Brand --,Milwaukee Accessory (4031),Milwaukee Electric Tool,Milwaukee,,49-94-0533,,Abrasives & Surface Prep>Abrasive Wheels>Grinding Wheels,"Milwaukee Electric Tool Milwaukee, Grinding Wheels, 49-94-0533","49-94-0533 MILW 7""X1/4""X7/8"" METAL GRINDING WHEEL",Milwaukee 49-94-0533 Grinding Wheels,"49-94-0533 Milw 7""x1/4""x7/8"" Metal Grinding Wheel",Milwaukee 49-94-0533 Grinding Wheels,,,,,,,,,,,,,,,,,,,,,,,,,,,Grinding Wheels,Diameter,7,in,Thickness,1/4,in,Arbor Size,7/8,in,Application,Metal,,,,,,,,,,,,,,,,,,,,,,,,,,,,,,,,,,,,,,,,,,,,,,,,,,,,,,,,,,,,,,,,,,,,,,,,,,,,,,,,,,,,,,,,,,,,,,,,,,,,,,,,,,,,,,,,,,,,,,,,,,,,,,,,,,,,,,,,,,,,,,,,,,,,,,,,,,,,,,,,,,,,,,,,,,,,,,,,,,,,,,,,,,
,,,,,,DFBLBLOMFN01G,Abrasives & Surface Prep,Abrasive Belts,Sanding Belts,DFBLBLOMFN01G,DFBLBLOMFN01G,DFBLBLOMFN01G Diablo 220 Grit - Flat Edge Sanding Sponge,-- Unbranded --,-- No Unilog Brand --,-- No DIB Brand --,Freud Inc (2435),Freud Inc,Diablo,,DFBLBLOMFN01G,,Abrasives & Surface Prep>Abrasive Belts>Sanding Belts,"Freud Inc Diablo, Sanding Belts, DFBLBLOMFN01G",DFBLBLOMFN01G DIABLO 220 GRIT - FLAT EDGE SANDING SPONGE,Diablo DFBLBLOMFN01G Sanding Belts,DFBLBLOMFN01G Diablo 220 Grit - Flat Edge Sanding Sponge,Diablo DFBLBLOMFN01G Sanding Belts,,,,,,,,,,,,,,,,,,,,,,,,,,,Sanding Belts,Grit,220,,,,,,,,,,,,,,,,,,,,,,,,,,,,,,,,,,,,,,,,,,,,,,,,,,,,,,,,,,,,,,,,,,,,,,,,,,,,,,,,,,,,,,,,,,,,,,,,,,,,,,,,,,,,,,,,,,,,,,,,,,,,,,,,,,,,,,,,,,,,,,,,,,,,,,,,,,,,,,,,,,,,,,,,,,,,,,,,,,,,,,,,,,,,,,,,,,,
,,,,,,1700-1PK-BB40,Lighting & Electrical,Wire & Cable,Electrical Wire,1700-1PK-BB40,1700-1PK-BB40,3/4x60' Vinyl Elect Tape,-- Unbranded --,-- No Unilog Brand --,3M,3 M Co (5293),3M Company,3M,,1700-1PK-BB40,,Lighting & Electrical>Wire & Cable>Electrical Wire,"3M Company 3M, Electrical Wire, 1700-1PK-BB40",3/4X60' VINYL ELECT TAPE,3M 1700-1PK-BB40 Electrical Wire,3/4x60' Vinyl Elect Tape,3M 1700-1PK-BB40 Electrical Wire,,,,,,,,,,,,,,,,,,,,,,,,,,,Electrical Wire,Dimension,3/4x60,,,,,,,,,,,,,,,,,,,,,,,,,,,,,,,,,,,,,,,,,,,,,,,,,,,,,,,,,,,,,,,,,,,,,,,,,,,,,,,,,,,,,,,,,,,,,,,,,,,,,,,,,,,,,,,,,,,,,,,,,,,,,,,,,,,,,,,,,,,,,,,,,,,,,,,,,,,,,,,,,,,,,,,,,,,,,,,,,,,,,,,,,,,,,,,,,,,
,,,,,,ASH-40-40-04,Hand Tools,Measuring & Layout,Tape Measures,ASH-40-40-04,ASH-40-40-04,1.5x1.5x13' Legacy Emseal Tape,-- Unbranded --,-- No Unilog Brand --,-- No DIB Brand --,Emseal Joint Systems Ltd (EMSJO),Emseal Joint Systems,-- Unbranded --,,ASH-40-40-04,,Hand Tools>Measuring & Layout>Tape Measures,"Emseal Joint Systems -- Unbranded --, Tape Measures, ASH-40-40-04",1.5X1.5X13' LEGACY EMSEAL TAPE,-- Unbranded -- ASH-40-40-04 Tape Measures,1.5x1.5x13' Legacy Emseal Tape,-- Unbranded -- ASH-40-40-04 Tape Measures,,,,,,,,,,,,,,,,,,,,,,,,,,,Tape Measures,Dimension,1.5x1,,,,,,,,,,,,,,,,,,,,,,,,,,,,,,,,,,,,,,,,,,,,,,,,,,,,,,,,,,,,,,,,,,,,,,,,,,,,,,,,,,,,,,,,,,,,,,,,,,,,,,,,,,,,,,,,,,,,,,,,,,,,,,,,,,,,,,,,,,,,,,,,,,,,,,,,,,,,,,,,,,,,,,,,,,,,,,,,,,,,,,,,,,,,,,,,,,,
,,,,,,KDFM404KPS,Appliances & Consumer Electronics,Kitchen Appliances,Built-In Dishwashers,KDFM404KPS,KDFM404KPS,KDFM404KPS Dishwasher SS,-- Unbranded --,-- No Unilog Brand --,-- No DIB Brand --,Appliance Dealers Cooperative (APPDE),Appliance Dealers Cooperative,-- Unbranded --,,KDFM404KPS,,Appliances & Consumer Electronics>Kitchen Appliances>Built-In Dishwashers,"Appliance Dealers Cooperative -- Unbranded --, Built-In Dishwashers, KDFM404KPS",KDFM404KPS DISHWASHER SS,-- Unbranded -- KDFM404KPS Built-In Dishwashers,KDFM404KPS Dishwasher SS,-- Unbranded -- KDFM404KPS Built-In Dishwashers,,,,,,,,,,,,,,,,,,,,,,,,,,,Built-In Dishwashers,,,,,,,,,,,,,,,,,,,,,,,,,,,,,,,,,,,,,,,,,,,,,,,,,,,,,,,,,,,,,,,,,,,,,,,,,,,,,,,,,,,,,,,,,,,,,,,,,,,,,,,,,,,,,,,,,,,,,,,,,,,,,,,,,,,,,,,,,,,,,,,,,,,,,,,,,,,,,,,,,,,,,,,,,,,,,,,,,,,,,,,,,,,,,,,,,,,,,
https://www.frigidaire.com/en/p/owner-center/product-support/PDSH4816AF,,,,,,20887830,Appliances,Large Appliances,Dishwashers,1515863,PDSH4816AF,PDSH4816AF Dishwasher SS - Display Only,-- Unbranded --,-- No Unilog Brand --,-- No DIB Brand --,Appliance Dealers Cooperative (APPDE),Rheem Manufacturing,FRIGIDAIRE® |,,PDSH4816AF,,Appliances & Consumer Electronics>Kitchen Appliances>Built-In Dishwashers,"Rheem Manufacturing FRIGIDAIRE, Dishwasher, Professional Series, PDSH4816AF",DISHWASHER LEG 5 SST 120V 15A 50-1/4IN,"FRIGIDAIRE® Professional Series PDSH4816AF Dishwasher With CleanBoost™, Leg Mounting, 5-Wash Cycle, Stainless Steel","FRIGIDAIRE® Dishwasher With CleanBoost™, Professional Series, 5 Wash Cycles, 120 V, 15 A, Leg Mounting, 24 in W x 24-1/4 in D, 50-1/4 in Depth With Door Open, 8-1/2 in Upper Rack, 11-1/4 in Lower Rack Minimum Height, 10-3/8 in Upper Rack, 13-1/4 in Lower Rack Maximum Height, 47 dBA Sound Level, Stainless Steel, Additional Information: 240 kW-hr Annual Energy, 1 to 12 hr Delay Start","Professional Series Dishwasher, Leg Mounting, 5-Wash Cycle, Stainless Steel",,,,,,,,,,,,,,,,,,,,,,With CleanBoost™,ASSE 1006|CEE Tier 2 Qualified|cUL Listed|ENERGY STAR Certified|NSF Certified|UL Listed,,,,Dishwasher,Series,Professional Series,,Model,,,Number of Wash Cycles,5,,Voltage Rating,120,V,Amperage Rating,15,A,Mounting Type,Leg,,Plug Type,,,Size,24 in W x 24-1/4 in D,,Depth With Door Open,50-1/4,in,Minimum Height,"8-1/2 in Upper Rack, 11-1/4 in Lower Rack",,Maximum Height,"10-3/8 in Upper Rack, 13-1/4 in Lower Rack",,Sound Level,47,dBA,Material,Stainless Steel,,Color,,,Additional Information,"240 kW-hr Annual Energy, 1 to 12 hr Delay Start Hours",,,,,,,,,,,,,,,,,,,,,,,,,,,,,,,,,,,,,,,,,,,,,,,,,,,,,,,,,,,,,,,,,,,,,,,,,,,,,,,,,,,,,,,,,,,,,,,,,,,,,,,,,,,,,,,"1 Year Manufacturer, 1 Year Labor and Parts",,,,,,,,,,,,,,,FRIGIDAIRE_PDSH4816AF.jpg,FRIGIDAIRE_PDSH4816AF_1.jpg,FRIGIDAIRE_PDSH4816AF_2.jpg,FRIGIDAIRE_PDSH4816AF_3.jpg,FRIGIDAIRE_PDSH4816AF_4.jpg,,,,,FRIGIDAIRE_PDSH4816AF_Specification_Sheet.pdf,,,,,,,,,,,,,,,,,,Yes
,,,,,,PDT715SYVFS,Appliances & Consumer Electronics,Kitchen Appliances,Built-In Dishwashers,PDT715SYVFS,PDT715SYVFS,PDT715SYVFS Ge Dishwasher SS,-- Unbranded --,-- No Unilog Brand --,-- No DIB Brand --,Appliance Dealers Cooperative (APPDE),Appliance Dealers Cooperative,GE,,PDT715SYVFS,,Appliances & Consumer Electronics>Kitchen Appliances>Built-In Dishwashers,"Appliance Dealers Cooperative GE, Built-In Dishwashers, PDT715SYVFS",PDT715SYVFS GE DISHWASHER SS,GE PDT715SYVFS Built-In Dishwashers,PDT715SYVFS Ge Dishwasher SS,GE PDT715SYVFS Built-In Dishwashers,,,,,,,,,,,,,,,,,,,,,,,,,,,Built-In Dishwashers,,,,,,,,,,,,,,,,,,,,,,,,,,,,,,,,,,,,,,,,,,,,,,,,,,,,,,,,,,,,,,,,,,,,,,,,,,,,,,,,,,,,,,,,,,,,,,,,,,,,,,,,,,,,,,,,,,,,,,,,,,,,,,,,,,,,,,,,,,,,,,,,,,,,,,,,,,,,,,,,,,,,,,,,,,,,,,,,,,,,,,,,,,,,,,,,,,,,,
,,,,,,LDPH5554D,Appliances & Consumer Electronics,Kitchen Appliances,Built-In Dishwashers,LDPH5554D,LDPH5554D,LDPH5554D LG Dishwasher BSS,-- Unbranded --,-- No Unilog Brand --,-- No DIB Brand --,Appliance Dealers Cooperative (APPDE),Appliance Dealers Cooperative,LG,,LDPH5554D,,Appliances & Consumer Electronics>Kitchen Appliances>Built-In Dishwashers,"Appliance Dealers Cooperative LG, Built-In Dishwashers, LDPH5554D",LDPH5554D LG DISHWASHER BSS,LG LDPH5554D Built-In Dishwashers,LDPH5554D LG Dishwasher BSS,LG LDPH5554D Built-In Dishwashers,,,,,,,,,,,,,,,,,,,,,,,,,,,Built-In Dishwashers,,,,,,,,,,,,,,,,,,,,,,,,,,,,,,,,,,,,,,,,,,,,,,,,,,,,,,,,,,,,,,,,,,,,,,,,,,,,,,,,,,,,,,,,,,,,,,,,,,,,,,,,,,,,,,,,,,,,,,,,,,,,,,,,,,,,,,,,,,,,,,,,,,,,,,,,,,,,,,,,,,,,,,,,,,,,,,,,,,,,,,,,,,,,,,,,,,,,,
https://learnwhirlpool.com/smartsearchresults?searchtext=WDTS7024R,https://www.whirlpool.com/content/dam/global/documents/202412/owners-manual-w11323304-revj.pdf,https://www.whirlpool.com/content/dam/global/documents/202406/installation-instructions-w11323304-revG.pdf,,,,25286031,Appliances,Large Appliances,Dishwashers,1515867,WDTS7024RZ,WDTS7024RZ Dishwasher SS - Display,-- Unbranded --,-- No Unilog Brand --,-- No DIB Brand --,Appliance Dealers Cooperative (APPDE),Whirlpool Corporation,Whirlpool®,,WDTS7024RZ,,Appliances & Consumer Electronics>Kitchen Appliances>Built-In Dishwashers,"Whirlpool, Dishwasher, Eco Series, W",DISHWASHER BLTLN SST SST 120V 10A 41DBA,"Whirlpool® Eco Series WDTS7024RZ Dishwasher, Built-in Mounting, Stainless Steel, Stainless Steel","Whirlpool® Dishwasher, Eco Series, 120 V, 10 A, Built-in Mounting, 33-7/16 in H x 23-7/8 in W x 22-5/8 in D, 50-3/16 in Depth With Door Open, 33-7/16 in Minimum Height, 41 dBA Sound Level, S","Eco Series Dishwasher, Built-in Mounting, Stainless Steel, Stainless Steel",Load more and run less with our quietest and largest capacity dishwas,3rd rack with extra wash action,Adjustable 2nd Rack,41 dBA,Moisture Repellent Silverware Basket,Sensor cycle,Sani Rinse Option,Leak Detection System,Folding Tines,Normal cycle,Triple Wash Spray,Quick Wash Cycle,,,,,,,,,,"With Washing 3rd Rack, Water Repellent Silverware Basket",,,,,Dishwasher,Series,Eco Series,,Model,,,Number of Wash Cycles,,,Voltage Rating,120,V,Amperage Rating,10,A,Mounting Type,Built-in,,Plug Type,,,Size,33-7/16 in H x 23-7/8 in W x 22-5/8 in D,,Depth With Door Open,50-3/16,in,Minimum Height,33-7/16,in,Maximum Height,,,Sound Level,41,dBA,Material,Stainless Steel,,Color,Stainless Steel,,Ad,"Folding Tines, Leak Detection System, Moisture Repellent Silverware Basket, Normal Cycle, Quick Wash Cycle, Sani Rinse Option, Sensor Cycle, Triple Wash Spray",,,,,,,,,,,,,,,,,,,,,,,,,,,,,,,,,,,,,,,,,,,,,,,,,,,,,,,,,,,,,,,,,,,,,,,,,,,,,,,,,,,,,,,,,,,,,,,,,,,,,,,,,,,,,,,,,,,,,,,,,,,,,,Whirlpool_WDTS7024RZ.jpg,,,,,,,,,Whirlpool_WDTS7024RZ_Specification_Sheet.pdf,,,,,,,,,,,,,,,,,,Yes
,,,,,,PDD415PYYFS,Appliances & Consumer Electronics,Kitchen Appliances,Built-In Dishwashers,PDD415PYYFS,PDD415PYYFS,PDD415PYYFS GE Dishwasher SS,-- Unbranded --,-- No Unilog Brand --,-- No DIB Brand --,Appliance Dealers Cooperative (APPDE),Appliance Dealers Cooperative,GE,,PDD415PYYFS,,Appliances & Consumer Electronics>Kitchen Appliances>Built-In Dishwashers,"Appliance Dealers Cooperative GE, Built-In Dishwashers, PDD415PYYFS",PDD415PYYFS GE DISHWASHER SS,GE PDD415PYYFS Built-In Dishwashers,PDD415PYYFS GE Dishwasher SS,GE PDD415PYYFS Built-In Dishwashers,,,,,,,,,,,,,,,,,,,,,,,,,,,Built-In Dishwashers,,,,,,,,,,,,,,,,,,,,,,,,,,,,,,,,,,,,,,,,,,,,,,,,,,,,,,,,,,,,,,,,,,,,,,,,,,,,,,,,,,,,,,,,,,,,,,,,,,,,,,,,,,,,,,,,,,,,,,,,,,,,,,,,,,,,,,,,,,,,,,,,,,,,,,,,,,,,,,,,,,,,,,,,,,,,,,,,,,,,,,,,,,,,,,,,,,,,,
,,,,,,KDTS424SBE,Appliances & Consumer Electronics,Kitchen Appliances,Built-In Dishwashers,KDTS424SBE,KDTS424SBE,KDTS424SBE Kitchen Aid Dishwasher Bk,-- Unbranded --,-- No Unilog Brand --,-- No DIB Brand --,Appliance Dealers Cooperative (APPDE),Appliance Dealers Cooperative,-- Unbranded --,,KDTS424SBE,,Appliances & Consumer Electronics>Kitchen Appliances>Built-In Dishwashers,"Appliance Dealers Cooperative -- Unbranded --, Built-In Dishwashers, KDTS424SBE",KDTS424SBE KITCHEN AID DISHWASHER BK,-- Unbranded -- KDTS424SBE Built-In Dishwashers,KDTS424SBE Kitchen Aid Dishwasher Bk,-- Unbranded -- KDTS424SBE Built-In Dishwashers,,,,,,,,,,,,,,,,,,,,,,,,,,,Built-In Dishwashers,,,,,,,,,,,,,,,,,,,,,,,,,,,,,,,,,,,,,,,,,,,,,,,,,,,,,,,,,,,,,,,,,,,,,,,,,,,,,,,,,,,,,,,,,,,,,,,,,,,,,,,,,,,,,,,,,,,,,,,,,,,,,,,,,,,,,,,,,,,,,,,,,,,,,,,,,,,,,,,,,,,,,,,,,,,,,,,,,,,,,,,,,,,,,,,,,,,,,
,,,,,,KDTS324SPS,Appliances & Consumer Electronics,Kitchen Appliances,Built-In Dishwashers,KDTS324SPS,KDTS324SPS,KDTS324SPS Kitchen Aid Dishwasher SS,-- Unbranded --,-- No Unilog Brand --,-- No DIB Brand --,Appliance Dealers Cooperative (APPDE),Appliance Dealers Cooperative,-- Unbranded --,,KDTS324SPS,,Appliances & Consumer Electronics>Kitchen Appliances>Built-In Dishwashers,"Appliance Dealers Cooperative -- Unbranded --, Built-In Dishwashers, KDTS324SPS",KDTS324SPS KITCHEN AID DISHWASHER SS,-- Unbranded -- KDTS324SPS Built-In Dishwashers,KDTS324SPS Kitchen Aid Dishwasher SS,-- Unbranded -- KDTS324SPS Built-In Dishwashers,,,,,,,,,,,,,,,,,,,,,,,,,,,Built-In Dishwashers,,,,,,,,,,,,,,,,,,,,,,,,,,,,,,,,,,,,,,,,,,,,,,,,,,,,,,,,,,,,,,,,,,,,,,,,,,,,,,,,,,,,,,,,,,,,,,,,,,,,,,,,,,,,,,,,,,,,,,,,,,,,,,,,,,,,,,,,,,,,,,,,,,,,,,,,,,,,,,,,,,,,,,,,,,,,,,,,,,,,,,,,,,,,,,,,,,,,,
,,,,,,KDPS624SJP,Appliances & Consumer Electronics,Kitchen Appliances,Built-In Dishwashers,KDPS624SJP,KDPS624SJP,KDPS624SJP Dishwasher Juniper - Display Only,-- Unbranded --,-- No Unilog Brand --,-- No DIB Brand --,Appliance Dealers Cooperative (APPDE),Appliance Dealers Cooperative,-- Unbranded --,,KDPS624SJP,,Appliances & Consumer Electronics>Kitchen Appliances>Built-In Dishwashers,"Appliance Dealers Cooperative -- Unbranded --, Built-In Dishwashers, KDPS624SJP",KDPS624SJP DISHWASHER JUNIPER - DISPLAY ONLY,-- Unbranded -- KDPS624SJP Built-In Dishwashers,KDPS624SJP Dishwasher Juniper - Display Only,-- Unbranded -- KDPS624SJP Built-In Dishwashers,,,,,,,,,,,,,,,,,,,,,,,,,,,Built-In Dishwashers,,,,,,,,,,,,,,,,,,,,,,,,,,,,,,,,,,,,,,,,,,,,,,,,,,,,,,,,,,,,,,,,,,,,,,,,,,,,,,,,,,,,,,,,,,,,,,,,,,,,,,,,,,,,,,,,,,,,,,,,,,,,,,,,,,,,,,,,,,,,,,,,,,,,,,,,,,,,,,,,,,,,,,,,,,,,,,,,,,,,,,,,,,,,,,,,,,,,,
,,,,,,KDTS624SBE,Appliances & Consumer Electronics,Kitchen Appliances,Built-In Dishwashers,KDTS624SBE,KDTS624SBE,KDTS624SBE Dishwasher BO Display Only,-- Unbranded --,-- No Unilog Brand --,-- No DIB Brand --,Appliance Dealers Cooperative (APPDE),Appliance Dealers Cooperative,-- Unbranded --,,KDTS624SBE,,Appliances & Consumer Electronics>Kitchen Appliances>Built-In Dishwashers,"Appliance Dealers Cooperative -- Unbranded --, Built-In Dishwashers, KDTS624SBE",KDTS624SBE DISHWASHER BO DISPLAY ONLY,-- Unbranded -- KDTS624SBE Built-In Dishwashers,KDTS624SBE Dishwasher BO Display Only,-- Unbranded -- KDTS624SBE Built-In Dishwashers,,,,,,,,,,,,,,,,,,,,,,,,,,,Built-In Dishwashers,,,,,,,,,,,,,,,,,,,,,,,,,,,,,,,,,,,,,,,,,,,,,,,,,,,,,,,,,,,,,,,,,,,,,,,,,,,,,,,,,,,,,,,,,,,,,,,,,,,,,,,,,,,,,,,,,,,,,,,,,,,,,,,,,,,,,,,,,,,,,,,,,,,,,,,,,,,,,,,,,,,,,,,,,,,,,,,,,,,,,,,,,,,,,,,,,,,,,
,,,,,,D519127,Appliances & Consumer Electronics,Kitchen Appliances,Built-In Dishwashers,D519127,D519127,D519127 Heater Kit,-- Unbranded --,-- No Unilog Brand --,-- No DIB Brand --,V & V Appliance Parts Inc (VVAPP),V & V Appliance Parts,-- Unbranded --,,D519127,,Appliances & Consumer Electronics>Kitchen Appliances>Built-In Dishwashers,"V & V Appliance Parts -- Unbranded --, Built-In Dishwashers, D519127",D519127 HEATER KIT,-- Unbranded -- D519127 Built-In Dishwashers,D519127 Heater Kit,-- Unbranded -- D519127 Built-In Dishwashers,,,,,,,,,,,,,,,,,,,,,,,,,,,Built-In Dishwashers,,,,,,,,,,,,,,,,,,,,,,,,,,,,,,,,,,,,,,,,,,,,,,,,,,,,,,,,,,,,,,,,,,,,,,,,,,,,,,,,,,,,,,,,,,,,,,,,,,,,,,,,,,,,,,,,,,,,,,,,,,,,,,,,,,,,,,,,,,,,,,,,,,,,,,,,,,,,,,,,,,,,,,,,,,,,,,,,,,,,,,,,,,,,,,,,,,,,,
,,,,,,DF7004WE,Appliances & Consumer Electronics,Laundry Appliances,Electric Dryers,DF7004WE,DF7004WE,DF7004WE Speed Queen Elect Dryer Wh,-- Unbranded --,-- No Unilog Brand --,-- No DIB Brand --,Appliance Dealers Cooperative (APPDE),Appliance Dealers Cooperative,Speed Queen,,DF7004WE,,Appliances & Consumer Electronics>Laundry Appliances>Electric Dryers,"Appliance Dealers Cooperative Speed Queen, Electric Dryers, DF7004WE",DF7004WE SPEED QUEEN ELECT DRYER WH,Speed Queen DF7004WE Electric Dryers,DF7004WE Speed Queen Elect Dryer Wh,Speed Queen DF7004WE Electric Dryers,,,,,,,,,,,,,,,,,,,,,,,,,,,Electric Dryers,Fuel Type,Electric,,,,,,,,,,,,,,,,,,,,,,,,,,,,,,,,,,,,,,,,,,,,,,,,,,,,,,,,,,,,,,,,,,,,,,,,,,,,,,,,,,,,,,,,,,,,,,,,,,,,,,,,,,,,,,,,,,,,,,,,,,,,,,,,,,,,,,,,,,,,,,,,,,,,,,,,,,,,,,,,,,,,,,,,,,,,,,,,,,,,,,,,,,,,,,,,,,,
,,,,,,DR7004BE,Appliances & Consumer Electronics,Laundry Appliances,Electric Dryers,DR7004BE,DR7004BE,DR7004BE SQ Elect Dryer Bk,-- Unbranded --,-- No Unilog Brand --,-- No DIB Brand --,Appliance Dealers Cooperative (APPDE),Appliance Dealers Cooperative,Speed Queen,,DR7004BE,,Appliances & Consumer Electronics>Laundry Appliances>Electric Dryers,"Appliance Dealers Cooperative Speed Queen, Electric Dryers, DR7004BE",DR7004BE SQ ELECT DRYER BK,Speed Queen DR7004BE Electric Dryers,DR7004BE SQ Elect Dryer Bk,Speed Queen DR7004BE Electric Dryers,,,,,,,,,,,,,,,,,,,,,,,,,,,Electric Dryers,Fuel Type,Electric,,,,,,,,,,,,,,,,,,,,,,,,,,,,,,,,,,,,,,,,,,,,,,,,,,,,,,,,,,,,,,,,,,,,,,,,,,,,,,,,,,,,,,,,,,,,,,,,,,,,,,,,,,,,,,,,,,,,,,,,,,,,,,,,,,,,,,,,,,,,,,,,,,,,,,,,,,,,,,,,,,,,,,,,,,,,,,,,,,,,,,,,,,,,,,,,,,,
,,,,,,DV2000WE,Appliances & Consumer Electronics,Laundry Appliances,Electric Dryers,DV2000WE,DV2000WE,DV2000WE SQ Elect Dryer Wh,-- Unbranded --,-- No Unilog Brand --,-- No DIB Brand --,Appliance Dealers Cooperative (APPDE),Appliance Dealers Cooperative,Speed Queen,,DV2000WE,,Appliances & Consumer Electronics>Laundry Appliances>Electric Dryers,"Appliance Dealers Cooperative Speed Queen, Electric Dryers, DV2000WE",DV2000WE SQ ELECT DRYER WH,Speed Queen DV2000WE Electric Dryers,DV2000WE SQ Elect Dryer Wh,Speed Queen DV2000WE Electric Dryers,,,,,,,,,,,,,,,,,,,,,,,,,,,Electric Dryers,Fuel Type,Electric,,,,,,,,,,,,,,,,,,,,,,,,,,,,,,,,,,,,,,,,,,,,,,,,,,,,,,,,,,,,,,,,,,,,,,,,,,,,,,,,,,,,,,,,,,,,,,,,,,,,,,,,,,,,,,,,,,,,,,,,,,,,,,,,,,,,,,,,,,,,,,,,,,,,,,,,,,,,,,,,,,,,,,,,,,,,,,,,,,,,,,,,,,,,,,,,,,,
,,,,,,DC5004WE,Appliances & Consumer Electronics,Laundry Appliances,Electric Dryers,DC5004WE,DC5004WE,DC5004WE SQ Elect Dryer Wh,-- Unbranded --,-- No Unilog Brand --,-- No DIB Brand --,Appliance Dealers Cooperative (APPDE),Appliance Dealers Cooperative,Speed Queen,,DC5004WE,,Appliances & Consumer Electronics>Laundry Appliances>Electric Dryers,"Appliance Dealers Cooperative Speed Queen, Electric Dryers, DC5004WE",DC5004WE SQ ELECT DRYER WH,Speed Queen DC5004WE Electric Dryers,DC5004WE SQ Elect Dryer Wh,Speed Queen DC5004WE Electric Dryers,,,,,,,,,,,,,,,,,,,,,,,,,,,Electric Dryers,Fuel Type,Electric,,,,,,,,,,,,,,,,,,,,,,,,,,,,,,,,,,,,,,,,,,,,,,,,,,,,,,,,,,,,,,,,,,,,,,,,,,,,,,,,,,,,,,,,,,,,,,,,,,,,,,,,,,,,,,,,,,,,,,,,,,,,,,,,,,,,,,,,,,,,,,,,,,,,,,,,,,,,,,,,,,,,,,,,,,,,,,,,,,,,,,,,,,,,,,,,,,,
,,,,,,DC5004BE,Appliances & Consumer Electronics,Laundry Appliances,Electric Dryers,DC5004BE,DC5004BE,DC5004BE SQ Elect Dryer Bk,-- Unbranded --,-- No Unilog Brand --,-- No DIB Brand --,Appliance Dealers Cooperative (APPDE),Appliance Dealers Cooperative,Speed Queen,,DC5004BE,,Appliances & Consumer Electronics>Laundry Appliances>Electric Dryers,"Appliance Dealers Cooperative Speed Queen, Electric Dryers, DC5004BE",DC5004BE SQ ELECT DRYER BK,Speed Queen DC5004BE Electric Dryers,DC5004BE SQ Elect Dryer Bk,Speed Queen DC5004BE Electric Dryers,,,,,,,,,,,,,,,,,,,,,,,,,,,Electric Dryers,Fuel Type,Electric,,,,,,,,,,,,,,,,,,,,,,,,,,,,,,,,,,,,,,,,,,,,,,,,,,,,,,,,,,,,,,,,,,,,,,,,,,,,,,,,,,,,,,,,,,,,,,,,,,,,,,,,,,,,,,,,,,,,,,,,,,,,,,,,,,,,,,,,,,,,,,,,,,,,,,,,,,,,,,,,,,,,,,,,,,,,,,,,,,,,,,,,,,,,,,,,,,,
,,,,,,WKE100HWA,Appliances & Consumer Electronics,Laundry Appliances,Laundry Centers,WKE100HWA,WKE100HWA,WKE100HWA LG Laundry Center Wh - Display,-- Unbranded --,-- No Unilog Brand --,-- No DIB Brand --,Appliance Dealers Cooperative (APPDE),Appliance Dealers Cooperative,LG,,WKE100HWA,,Appliances & Consumer Electronics>Laundry Appliances>Laundry Centers,"Appliance Dealers Cooperative LG, Laundry Centers, WKE100HWA",WKE100HWA LG LAUNDRY CENTER WH - DISPLAY,LG WKE100HWA Laundry Centers,WKE100HWA LG Laundry Center Wh - Display,LG WKE100HWA Laundry Centers,,,,,,,,,,,,,,,,,,,,,,,,,,,Laundry Centers,,,,,,,,,,,,,,,,,,,,,,,,,,,,,,,,,,,,,,,,,,,,,,,,,,,,,,,,,,,,,,,,,,,,,,,,,,,,,,,,,,,,,,,,,,,,,,,,,,,,,,,,,,,,,,,,,,,,,,,,,,,,,,,,,,,,,,,,,,,,,,,,,,,,,,,,,,,,,,,,,,,,,,,,,,,,,,,,,,,,,,,,,,,,,,,,,,,,,
,,,,,,FF7011WN,Appliances & Consumer Electronics,Kitchen Appliances,Built-In Dishwashers,FF7011WN,FF7011WN,FF7011WN Speed Queen Washer Wh,-- Unbranded --,-- No Unilog Brand --,-- No DIB Brand --,Appliance Dealers Cooperative (APPDE),Appliance Dealers Cooperative,Speed Queen,,FF7011WN,,Appliances & Consumer Electronics>Kitchen Appliances>Built-In Dishwashers,"Appliance Dealers Cooperative Speed Queen, Built-In Dishwashers, FF7011WN",FF7011WN SPEED QUEEN WASHER WH,Speed Queen FF7011WN Built-In Dishwashers,FF7011WN Speed Queen Washer Wh,Speed Queen FF7011WN Built-In Dishwashers,,,,,,,,,,,,,,,,,,,,,,,,,,,Built-In Dishwashers,,,,,,,,,,,,,,,,,,,,,,,,,,,,,,,,,,,,,,,,,,,,,,,,,,,,,,,,,,,,,,,,,,,,,,,,,,,,,,,,,,,,,,,,,,,,,,,,,,,,,,,,,,,,,,,,,,,,,,,,,,,,,,,,,,,,,,,,,,,,,,,,,,,,,,,,,,,,,,,,,,,,,,,,,,,,,,,,,,,,,,,,,,,,,,,,,,,,,
,,,,,,PTD70GBPTDG,Appliances & Consumer Electronics,Laundry Appliances,Gas Dryers,PTD70GBPTDG,PTD70GBPTDG,PTD70GBPTDG GE Gas Dryer DG,-- Unbranded --,-- No Unilog Brand --,-- No DIB Brand --,Appliance Dealers Cooperative (APPDE),Appliance Dealers Cooperative,GE,,PTD70GBPTDG,,Appliances & Consumer Electronics>Laundry Appliances>Gas Dryers,"Appliance Dealers Cooperative GE, Gas Dryers, PTD70GBPTDG",PTD70GBPTDG GE GAS DRYER DG,GE PTD70GBPTDG Gas Dryers,PTD70GBPTDG GE Gas Dryer DG,GE PTD70GBPTDG Gas Dryers,,,,,,,,,,,,,,,,,,,,,,,,,,,Gas Dryers,Fuel Type,Gas,,,,,,,,,,,,,,,,,,,,,,,,,,,,,,,,,,,,,,,,,,,,,,,,,,,,,,,,,,,,,,,,,,,,,,,,,,,,,,,,,,,,,,,,,,,,,,,,,,,,,,,,,,,,,,,,,,,,,,,,,,,,,,,,,,,,,,,,,,,,,,,,,,,,,,,,,,,,,,,,,,,,,,,,,,,,,,,,,,,,,,,,,,,,,,,,,,,
,,,,,,PTD70GBSTWS,Appliances & Consumer Electronics,Laundry Appliances,Gas Dryers,PTD70GBSTWS,PTD70GBSTWS,PTD70GBSTWS GE Gas Dryer Wh,-- Unbranded --,-- No Unilog Brand --,-- No DIB Brand --,Appliance Dealers Cooperative (APPDE),Appliance Dealers Cooperative,GE,,PTD70GBSTWS,,Appliances & Consumer Electronics>Laundry Appliances>Gas Dryers,"Appliance Dealers Cooperative GE, Gas Dryers, PTD70GBSTWS",PTD70GBSTWS GE GAS DRYER WH,GE PTD70GBSTWS Gas Dryers,PTD70GBSTWS GE Gas Dryer Wh,GE PTD70GBSTWS Gas Dryers,,,,,,,,,,,,,,,,,,,,,,,,,,,Gas Dryers,Fuel Type,Gas,,,,,,,,,,,,,,,,,,,,,,,,,,,,,,,,,,,,,,,,,,,,,,,,,,,,,,,,,,,,,,,,,,,,,,,,,,,,,,,,,,,,,,,,,,,,,,,,,,,,,,,,,,,,,,,,,,,,,,,,,,,,,,,,,,,,,,,,,,,,,,,,,,,,,,,,,,,,,,,,,,,,,,,,,,,,,,,,,,,,,,,,,,,,,,,,,,,
,,,,,,DR5004WG,Appliances & Consumer Electronics,Laundry Appliances,Gas Dryers,DR5004WG,DR5004WG,DR5004WG SQ Gas Dryer Wh,-- Unbranded --,-- No Unilog Brand --,-- No DIB Brand --,Appliance Dealers Cooperative (APPDE),Appliance Dealers Cooperative,Speed Queen,,DR5004WG,,Appliances & Consumer Electronics>Laundry Appliances>Gas Dryers,"Appliance Dealers Cooperative Speed Queen, Gas Dryers, DR5004WG",DR5004WG SQ GAS DRYER WH,Speed Queen DR5004WG Gas Dryers,DR5004WG SQ Gas Dryer Wh,Speed Queen DR5004WG Gas Dryers,,,,,,,,,,,,,,,,,,,,,,,,,,,Gas Dryers,Fuel Type,Gas,,,,,,,,,,,,,,,,,,,,,,,,,,,,,,,,,,,,,,,,,,,,,,,,,,,,,,,,,,,,,,,,,,,,,,,,,,,,,,,,,,,,,,,,,,,,,,,,,,,,,,,,,,,,,,,,,,,,,,,,,,,,,,,,,,,,,,,,,,,,,,,,,,,,,,,,,,,,,,,,,,,,,,,,,,,,,,,,,,,,,,,,,,,,,,,,,,,
,,,,,,DR7004BG,Appliances & Consumer Electronics,Laundry Appliances,Gas Dryers,DR7004BG,DR7004BG,DR7004BG SQ Gas Dryer Bk,-- Unbranded --,-- No Unilog Brand --,-- No DIB Brand --,Appliance Dealers Cooperative (APPDE),Appliance Dealers Cooperative,Speed Queen,,DR7004BG,,Appliances & Consumer Electronics>Laundry Appliances>Gas Dryers,"Appliance Dealers Cooperative Speed Queen, Gas Dryers, DR7004BG",DR7004BG SQ GAS DRYER BK,Speed Queen DR7004BG Gas Dryers,DR7004BG SQ Gas Dryer Bk,Speed Queen DR7004BG Gas Dryers,,,,,,,,,,,,,,,,,,,,,,,,,,,Gas Dryers,Fuel Type,Gas,,,,,,,,,,,,,,,,,,,,,,,,,,,,,,,,,,,,,,,,,,,,,,,,,,,,,,,,,,,,,,,,,,,,,,,,,,,,,,,,,,,,,,,,,,,,,,,,,,,,,,,,,,,,,,,,,,,,,,,,,,,,,,,,,,,,,,,,,,,,,,,,,,,,,,,,,,,,,,,,,,,,,,,,,,,,,,,,,,,,,,,,,,,,,,,,,,,
,,,,,,DR7004WG,Appliances & Consumer Electronics,Laundry Appliances,Gas Dryers,DR7004WG,DR7004WG,DR7004WG SQ Gas Dryer Wh,-- Unbranded --,-- No Unilog Brand --,-- No DIB Brand --,Appliance Dealers Cooperative (APPDE),Appliance Dealers Cooperative,Speed Queen,,DR7004WG,,Appliances & Consumer Electronics>Laundry Appliances>Gas Dryers,"Appliance Dealers Cooperative Speed Queen, Gas Dryers, DR7004WG",DR7004WG SQ GAS DRYER WH,Speed Queen DR7004WG Gas Dryers,DR7004WG SQ Gas Dryer Wh,Speed Queen DR7004WG Gas Dryers,,,,,,,,,,,,,,,,,,,,,,,,,,,Gas Dryers,Fuel Type,Gas,,,,,,,,,,,,,,,,,,,,,,,,,,,,,,,,,,,,,,,,,,,,,,,,,,,,,,,,,,,,,,,,,,,,,,,,,,,,,,,,,,,,,,,,,,,,,,,,,,,,,,,,,,,,,,,,,,,,,,,,,,,,,,,,,,,,,,,,,,,,,,,,,,,,,,,,,,,,,,,,,,,,,,,,,,,,,,,,,,,,,,,,,,,,,,,,,,,
,,,,,,DV2000WG,Appliances & Consumer Electronics,Laundry Appliances,Gas Dryers,DV2000WG,DV2000WG,DV2000WG SQ Gas Dryer Wh,-- Unbranded --,-- No Unilog Brand --,-- No DIB Brand --,Appliance Dealers Cooperative (APPDE),Appliance Dealers Cooperative,Speed Queen,,DV2000WG,,Appliances & Consumer Electronics>Laundry Appliances>Gas Dryers,"Appliance Dealers Cooperative Speed Queen, Gas Dryers, DV2000WG",DV2000WG SQ GAS DRYER WH,Speed Queen DV2000WG Gas Dryers,DV2000WG SQ Gas Dryer Wh,Speed Queen DV2000WG Gas Dryers,,,,,,,,,,,,,,,,,,,,,,,,,,,Gas Dryers,Fuel Type,Gas,,,,,,,,,,,,,,,,,,,,,,,,,,,,,,,,,,,,,,,,,,,,,,,,,,,,,,,,,,,,,,,,,,,,,,,,,,,,,,,,,,,,,,,,,,,,,,,,,,,,,,,,,,,,,,,,,,,,,,,,,,,,,,,,,,,,,,,,,,,,,,,,,,,,,,,,,,,,,,,,,,,,,,,,,,,,,,,,,,,,,,,,,,,,,,,,,,,
,,,,,,DC5004WG,Appliances & Consumer Electronics,Laundry Appliances,Gas Dryers,DC5004WG,DC5004WG,DC5004WG SQ Gas Dryer Wh,-- Unbranded --,-- No Unilog Brand --,-- No DIB Brand --,Appliance Dealers Cooperative (APPDE),Appliance Dealers Cooperative,Speed Queen,,DC5004WG,,Appliances & Consumer Electronics>Laundry Appliances>Gas Dryers,"Appliance Dealers Cooperative Speed Queen, Gas Dryers, DC5004WG",DC5004WG SQ GAS DRYER WH,Speed Queen DC5004WG Gas Dryers,DC5004WG SQ Gas Dryer Wh,Speed Queen DC5004WG Gas Dryers,,,,,,,,,,,,,,,,,,,,,,,,,,,Gas Dryers,Fuel Type,Gas,,,,,,,,,,,,,,,,,,,,,,,,,,,,,,,,,,,,,,,,,,,,,,,,,,,,,,,,,,,,,,,,,,,,,,,,,,,,,,,,,,,,,,,,,,,,,,,,,,,,,,,,,,,,,,,,,,,,,,,,,,,,,,,,,,,,,,,,,,,,,,,,,,,,,,,,,,,,,,,,,,,,,,,,,,,,,,,,,,,,,,,,,,,,,,,,,,,
,,,,,,DC5004BG,Appliances & Consumer Electronics,Laundry Appliances,Gas Dryers,DC5004BG,DC5004BG,DC5004BG SQ Gas Dryer Bk,-- Unbranded --,-- No Unilog Brand --,-- No DIB Brand --,Appliance Dealers Cooperative (APPDE),Appliance Dealers Cooperative,Speed Queen,,DC5004BG,,Appliances & Consumer Electronics>Laundry Appliances>Gas Dryers,"Appliance Dealers Cooperative Speed Queen, Gas Dryers, DC5004BG",DC5004BG SQ GAS DRYER BK,Speed Queen DC5004BG Gas Dryers,DC5004BG SQ Gas Dryer Bk,Speed Queen DC5004BG Gas Dryers,,,,,,,,,,,,,,,,,,,,,,,,,,,Gas Dryers,Fuel Type,Gas,,,,,,,,,,,,,,,,,,,,,,,,,,,,,,,,,,,,,,,,,,,,,,,,,,,,,,,,,,,,,,,,,,,,,,,,,,,,,,,,,,,,,,,,,,,,,,,,,,,,,,,,,,,,,,,,,,,,,,,,,,,,,,,,,,,,,,,,,,,,,,,,,,,,,,,,,,,,,,,,,,,,,,,,,,,,,,,,,,,,,,,,,,,,,,,,,,,
,,,,,,PTW705BSTWS,Appliances & Consumer Electronics,Kitchen Appliances,Built-In Dishwashers,PTW705BSTWS,PTW705BSTWS,PTW705BSTWS GE Washer Wh,-- Unbranded --,-- No Unilog Brand --,-- No DIB Brand --,Appliance Dealers Cooperative (APPDE),Appliance Dealers Cooperative,GE,,PTW705BSTWS,,Appliances & Consumer Electronics>Kitchen Appliances>Built-In Dishwashers,"Appliance Dealers Cooperative GE, Built-In Dishwashers, PTW705BSTWS",PTW705BSTWS GE WASHER WH,GE PTW705BSTWS Built-In Dishwashers,PTW705BSTWS GE Washer Wh,GE PTW705BSTWS Built-In Dishwashers,,,,,,,,,,,,,,,,,,,,,,,,,,,Built-In Dishwashers,,,,,,,,,,,,,,,,,,,,,,,,,,,,,,,,,,,,,,,,,,,,,,,,,,,,,,,,,,,,,,,,,,,,,,,,,,,,,,,,,,,,,,,,,,,,,,,,,,,,,,,,,,,,,,,,,,,,,,,,,,,,,,,,,,,,,,,,,,,,,,,,,,,,,,,,,,,,,,,,,,,,,,,,,,,,,,,,,,,,,,,,,,,,,,,,,,,,,
,,,,,,MVWP586GW,Appliances & Consumer Electronics,Kitchen Appliances,Built-In Dishwashers,MVWP586GW,MVWP586GW,MVWP586GW Washer Wh - Display,-- Unbranded --,-- No Unilog Brand --,-- No DIB Brand --,Appliance Dealers Cooperative (APPDE),Appliance Dealers Cooperative,-- Unbranded --,,MVWP586GW,,Appliances & Consumer Electronics>Kitchen Appliances>Built-In Dishwashers,"Appliance Dealers Cooperative -- Unbranded --, Built-In Dishwashers, MVWP586GW",MVWP586GW WASHER WH - DISPLAY,-- Unbranded -- MVWP586GW Built-In Dishwashers,MVWP586GW Washer Wh - Display,-- Unbranded -- MVWP586GW Built-In Dishwashers,,,,,,,,,,,,,,,,,,,,,,,,,,,Built-In Dishwashers,,,,,,,,,,,,,,,,,,,,,,,,,,,,,,,,,,,,,,,,,,,,,,,,,,,,,,,,,,,,,,,,,,,,,,,,,,,,,,,,,,,,,,,,,,,,,,,,,,,,,,,,,,,,,,,,,,,,,,,,,,,,,,,,,,,,,,,,,,,,,,,,,,,,,,,,,,,,,,,,,,,,,,,,,,,,,,,,,,,,,,,,,,,,,,,,,,,,,
,,,,,,TV2000WN,Appliances & Consumer Electronics,Laundry Appliances,Electric Dryers,TV2000WN,TV2000WN,TV2000WN SQ Elect Washer,-- Unbranded --,-- No Unilog Brand --,-- No DIB Brand --,Appliance Dealers Cooperative (APPDE),Appliance Dealers Cooperative,Speed Queen,,TV2000WN,,Appliances & Consumer Electronics>Laundry Appliances>Electric Dryers,"Appliance Dealers Cooperative Speed Queen, Electric Dryers, TV2000WN",TV2000WN SQ ELECT WASHER,Speed Queen TV2000WN Electric Dryers,TV2000WN SQ Elect Washer,Speed Queen TV2000WN Electric Dryers,,,,,,,,,,,,,,,,,,,,,,,,,,,Electric Dryers,Fuel Type,Electric,,,,,,,,,,,,,,,,,,,,,,,,,,,,,,,,,,,,,,,,,,,,,,,,,,,,,,,,,,,,,,,,,,,,,,,,,,,,,,,,,,,,,,,,,,,,,,,,,,,,,,,,,,,,,,,,,,,,,,,,,,,,,,,,,,,,,,,,,,,,,,,,,,,,,,,,,,,,,,,,,,,,,,,,,,,,,,,,,,,,,,,,,,,,,,,,,,,
,,,,,,TC5003BN,Appliances & Consumer Electronics,Kitchen Appliances,Built-In Dishwashers,TC5003BN,TC5003BN,TC5003BN SQ Washer Bk,-- Unbranded --,-- No Unilog Brand --,-- No DIB Brand --,Appliance Dealers Cooperative (APPDE),Appliance Dealers Cooperative,Speed Queen,,TC5003BN,,Appliances & Consumer Electronics>Kitchen Appliances>Built-In Dishwashers,"Appliance Dealers Cooperative Speed Queen, Built-In Dishwashers, TC5003BN",TC5003BN SQ WASHER BK,Speed Queen TC5003BN Built-In Dishwashers,TC5003BN SQ Washer Bk,Speed Queen TC5003BN Built-In Dishwashers,,,,,,,,,,,,,,,,,,,,,,,,,,,Built-In Dishwashers,,,,,,,,,,,,,,,,,,,,,,,,,,,,,,,,,,,,,,,,,,,,,,,,,,,,,,,,,,,,,,,,,,,,,,,,,,,,,,,,,,,,,,,,,,,,,,,,,,,,,,,,,,,,,,,,,,,,,,,,,,,,,,,,,,,,,,,,,,,,,,,,,,,,,,,,,,,,,,,,,,,,,,,,,,,,,,,,,,,,,,,,,,,,,,,,,,,,,
,,,,,,TR7006WN,Appliances & Consumer Electronics,Kitchen Appliances,Built-In Dishwashers,TR7006WN,TR7006WN,TR7006WN Speed Queen Washer Wh,-- Unbranded --,-- No Unilog Brand --,-- No DIB Brand --,Appliance Dealers Cooperative (APPDE),Appliance Dealers Cooperative,Speed Queen,,TR7006WN,,Appliances & Consumer Electronics>Kitchen Appliances>Built-In Dishwashers,"Appliance Dealers Cooperative Speed Queen, Built-In Dishwashers, TR7006WN",TR7006WN SPEED QUEEN WASHER WH,Speed Queen TR7006WN Built-In Dishwashers,TR7006WN Speed Queen Washer Wh,Speed Queen TR7006WN Built-In Dishwashers,,,,,,,,,,,,,,,,,,,,,,,,,,,Built-In Dishwashers,,,,,,,,,,,,,,,,,,,,,,,,,,,,,,,,,,,,,,,,,,,,,,,,,,,,,,,,,,,,,,,,,,,,,,,,,,,,,,,,,,,,,,,,,,,,,,,,,,,,,,,,,,,,,,,,,,,,,,,,,,,,,,,,,,,,,,,,,,,,,,,,,,,,,,,,,,,,,,,,,,,,,,,,,,,,,,,,,,,,,,,,,,,,,,,,,,,,,
,,,,,,TR7006BN,Appliances & Consumer Electronics,Kitchen Appliances,Built-In Dishwashers,TR7006BN,TR7006BN,TR7006BN Speed Queen Washer Bk,-- Unbranded --,-- No Unilog Brand --,-- No DIB Brand --,Appliance Dealers Cooperative (APPDE),Appliance Dealers Cooperative,Speed Queen,,TR7006BN,,Appliances & Consumer Electronics>Kitchen Appliances>Built-In Dishwashers,"Appliance Dealers Cooperative Speed Queen, Built-In Dishwashers, TR7006BN",TR7006BN SPEED QUEEN WASHER BK,Speed Queen TR7006BN Built-In Dishwashers,TR7006BN Speed Queen Washer Bk,Speed Queen TR7006BN Built-In Dishwashers,,,,,,,,,,,,,,,,,,,,,,,,,,,Built-In Dishwashers,,,,,,,,,,,,,,,,,,,,,,,,,,,,,,,,,,,,,,,,,,,,,,,,,,,,,,,,,,,,,,,,,,,,,,,,,,,,,,,,,,,,,,,,,,,,,,,,,,,,,,,,,,,,,,,,,,,,,,,,,,,,,,,,,,,,,,,,,,,,,,,,,,,,,,,,,,,,,,,,,,,,,,,,,,,,,,,,,,,,,,,,,,,,,,,,,,,,,
,,,,,,TR5006WN,Appliances & Consumer Electronics,Kitchen Appliances,Built-In Dishwashers,TR5006WN,TR5006WN,TR5006WN Speed Queen Washer Wh,-- Unbranded --,-- No Unilog Brand --,-- No DIB Brand --,Appliance Dealers Cooperative (APPDE),Appliance Dealers Cooperative,Speed Queen,,TR5006WN,,Appliances & Consumer Electronics>Kitchen Appliances>Built-In Dishwashers,"Appliance Dealers Cooperative Speed Queen, Built-In Dishwashers, TR5006WN",TR5006WN SPEED QUEEN WASHER WH,Speed Queen TR5006WN Built-In Dishwashers,TR5006WN Speed Queen Washer Wh,Speed Queen TR5006WN Built-In Dishwashers,,,,,,,,,,,,,,,,,,,,,,,,,,,Built-In Dishwashers,,,,,,,,,,,,,,,,,,,,,,,,,,,,,,,,,,,,,,,,,,,,,,,,,,,,,,,,,,,,,,,,,,,,,,,,,,,,,,,,,,,,,,,,,,,,,,,,,,,,,,,,,,,,,,,,,,,,,,,,,,,,,,,,,,,,,,,,,,,,,,,,,,,,,,,,,,,,,,,,,,,,,,,,,,,,,,,,,,,,,,,,,,,,,,,,,,,,,
,,,,,,05134545001,Safety & Workwear,Workwear Accessories,Kneeling Pads,05134545001,05134545001,9516 Kneeling Pad& Bttl Opener,-- Unbranded --,-- No Unilog Brand --,-- No DIB Brand --,Wera Tools NA Inc (WERTO),Wera Tools,-- Unbranded --,,05134545001,,Safety & Workwear>Workwear Accessories>Kneeling Pads,"Wera Tools -- Unbranded --, Kneeling Pads, 05134545001",9516 KNEELING PAD& BTTL OPENER,-- Unbranded -- 05134545001 Kneeling Pads,9516 Kneeling Pad& Bttl Opener,-- Unbranded -- 05134545001 Kneeling Pads,,,,,,,,,,,,,,,,,,,,,,,,,,,Kneeling Pads,,,,,,,,,,,,,,,,,,,,,,,,,,,,,,,,,,,,,,,,,,,,,,,,,,,,,,,,,,,,,,,,,,,,,,,,,,,,,,,,,,,,,,,,,,,,,,,,,,,,,,,,,,,,,,,,,,,,,,,,,,,,,,,,,,,,,,,,,,,,,,,,,,,,,,,,,,,,,,,,,,,,,,,,,,,,,,,,,,,,,,,,,,,,,,,,,,,,,
,,,,,,LNL65301,Automotive & Pneumatics,Tire Accessories,Pressure Gauges,LNL65301,LNL65301,LNL65301 Digital Tire Pressure - Inflator Gauge,-- Unbranded --,-- No Unilog Brand --,-- No DIB Brand --,-,-,-- Unbranded --,,LNL65301,,Automotive & Pneumatics>Tire Accessories>Pressure Gauges,"- -- Unbranded --, Pressure Gauges, LNL65301",LNL65301 DIGITAL TIRE PRESSURE - INFLATOR GAUGE,-- Unbranded -- LNL65301 Pressure Gauges,LNL65301 Digital Tire Pressure - Inflator Gauge,-- Unbranded -- LNL65301 Pressure Gauges,,,,,,,,,,,,,,,,,,,,,,,,,,,Pressure Gauges,,,,,,,,,,,,,,,,,,,,,,,,,,,,,,,,,,,,,,,,,,,,,,,,,,,,,,,,,,,,,,,,,,,,,,,,,,,,,,,,,,,,,,,,,,,,,,,,,,,,,,,,,,,,,,,,,,,,,,,,,,,,,,,,,,,,,,,,,,,,,,,,,,,,,,,,,,,,,,,,,,,,,,,,,,,,,,,,,,,,,,,,,,,,,,,,,,,,,
,,,,,,25-A,Building Materials,Masonry,Mortar & Concrete,25-A,25-A,Charcoal Black 25-A Mortar - Type N,-- Unbranded --,-- No Unilog Brand --,-- No DIB Brand --,Rees Cast Stone Company (REECA),Rees Cast Stone Company,-- Unbranded --,,25-A,,Building Materials>Masonry>Mortar & Concrete,"Rees Cast Stone Company -- Unbranded --, Mortar & Concrete, 25-A",CHARCOAL BLACK 25-A MORTAR - TYPE N,-- Unbranded -- 25-A Mortar & Concrete,Charcoal Black 25-A Mortar - Type N,-- Unbranded -- 25-A Mortar & Concrete,,,,,,,,,,,,,,,,,,,,,,,,,,,Mortar & Concrete,,,,,,,,,,,,,,,,,,,,,,,,,,,,,,,,,,,,,,,,,,,,,,,,,,,,,,,,,,,,,,,,,,,,,,,,,,,,,,,,,,,,,,,,,,,,,,,,,,,,,,,,,,,,,,,,,,,,,,,,,,,,,,,,,,,,,,,,,,,,,,,,,,,,,,,,,,,,,,,,,,,,,,,,,,,,,,,,,,,,,,,,,,,,,,,,,,,,,
,,,,,,38-E,Building Materials,Masonry,Mortar & Concrete,38-E,38-E,Dark Chocolate 38-E Mortar - Type N,-- Unbranded --,-- No Unilog Brand --,-- No DIB Brand --,Rees Cast Stone Company (REECA),Rees Cast Stone Company,-- Unbranded --,,38-E,,Building Materials>Masonry>Mortar & Concrete,"Rees Cast Stone Company -- Unbranded --, Mortar & Concrete, 38-E",DARK CHOCOLATE 38-E MORTAR - TYPE N,-- Unbranded -- 38-E Mortar & Concrete,Dark Chocolate 38-E Mortar - Type N,-- Unbranded -- 38-E Mortar & Concrete,,,,,,,,,,,,,,,,,,,,,,,,,,,Mortar & Concrete,,,,,,,,,,,,,,,,,,,,,,,,,,,,,,,,,,,,,,,,,,,,,,,,,,,,,,,,,,,,,,,,,,,,,,,,,,,,,,,,,,,,,,,,,,,,,,,,,,,,,,,,,,,,,,,,,,,,,,,,,,,,,,,,,,,,,,,,,,,,,,,,,,,,,,,,,,,,,,,,,,,,,,,,,,,,,,,,,,,,,,,,,,,,,,,,,,,,,
,,,,,,59-J,Building Materials,Masonry,Mortar & Concrete,59-J,59-J,Light Buff 59-J Mortar - Type N,-- Unbranded --,-- No Unilog Brand --,-- No DIB Brand --,Rees Cast Stone Company (REECA),Rees Cast Stone Company,-- Unbranded --,,59-J,,Building Materials>Masonry>Mortar & Concrete,"Rees Cast Stone Company -- Unbranded --, Mortar & Concrete, 59-J",LIGHT BUFF 59-J MORTAR - TYPE N,-- Unbranded -- 59-J Mortar & Concrete,Light Buff 59-J Mortar - Type N,-- Unbranded -- 59-J Mortar & Concrete,,,,,,,,,,,,,,,,,,,,,,,,,,,Mortar & Concrete,,,,,,,,,,,,,,,,,,,,,,,,,,,,,,,,,,,,,,,,,,,,,,,,,,,,,,,,,,,,,,,,,,,,,,,,,,,,,,,,,,,,,,,,,,,,,,,,,,,,,,,,,,,,,,,,,,,,,,,,,,,,,,,,,,,,,,,,,,,,,,,,,,,,,,,,,,,,,,,,,,,,,,,,,,,,,,,,,,,,,,,,,,,,,,,,,,,,,
,,,,,,44-A,Building Materials,Masonry,Mortar & Concrete,44-A,44-A,Light Chocolate 44-A Mortar - Type N,-- Unbranded --,-- No Unilog Brand --,-- No DIB Brand --,Rees Cast Stone Company (REECA),Rees Cast Stone Company,-- Unbranded --,,44-A,,Building Materials>Masonry>Mortar & Concrete,"Rees Cast Stone Company -- Unbranded --, Mortar & Concrete, 44-A",LIGHT CHOCOLATE 44-A MORTAR - TYPE N,-- Unbranded -- 44-A Mortar & Concrete,Light Chocolate 44-A Mortar - Type N,-- Unbranded -- 44-A Mortar & Concrete,,,,,,,,,,,,,,,,,,,,,,,,,,,Mortar & Concrete,,,,,,,,,,,,,,,,,,,,,,,24 in W x 24-1/4 in D,,Depth With Door Open,50-3/16,in,Minimum Height,33-7/16,in,Maximum Height,"10-3/8 in Upper Rack, 13-1/4 in Lower Rack",,Sound Level,41,dBA,Material,Stainless Steel,,Color,Stainless Steel,,Ad,,,,,,,,,,,,,,,,,,,,,,,,,,,,,,,,,,,,,,,,,,,,,,,,,,,,,,,,,,,,,,,,,,,,,,,,,,,,,,,,,,,,,,,,,,,,,,,,,,,,,,,,,,,,,,,,,,,,,,,,,,,,,,,,,,,,,,,,,,,,,,,,,,,,,,,,,,
,,,,,,543302126,Building Materials,Decking & Railing,Deck Railings,543302126,543302126,6' Wh Select T-Rail Kit Horiz - w/Sq Composite Balusters,TREX,-- No Unilog Brand --,-- No DIB Brand --,U S Lumber (3073),U.S. Lumber,Trex,,543302126,,Building Materials>Decking & Railing>Deck Railings,"U.S. Lumber Trex, Deck Railings, 543302126",6' WH SELECT T-RAIL KIT HORIZ - W/SQ COMPOSITE BALUSTERS,Trex 543302126 Deck Railings,6' Wh Select T-Rail Kit Horiz - w/Sq Composite Balusters,Trex 543302126 Deck Railings,,,,,,,,,,,,,,,,,,,,,,,,,,,Deck Railings,,,,,,,,,,,,,,,,,,,,,,,,,,,,,,,,,,,,,,,,,,,,,,,,,,,,,,,,,,,,,,,,,,,,,,,,,,,,,,,,,,,,,,,,,,,,,,,,,,,,,,,,,,,,,,,,,,,,,,,,,,,,,,,,,,,,,,,,,,,,,,,,,,,,,,,,,,,,,,,,,,,,,,,,,,,,,,,,,,,,,,,,,,,,,,,,,,,,,
,,,,,,543302146,Building Materials,Decking & Railing,Deck Railings,543302146,543302146,8' Wh Select T-Rail Kit Horiz - w/Sq Composite Balusters,TREX,-- No Unilog Brand --,-- No DIB Brand --,U S Lumber (3073),U.S. Lumber,Trex,,543302146,,Building Materials>Decking & Railing>Deck Railings,"U.S. Lumber Trex, Deck Railings, 543302146",8' WH SELECT T-RAIL KIT HORIZ - W/SQ COMPOSITE BALUSTERS,Trex 543302146 Deck Railings,8' Wh Select T-Rail Kit Horiz - w/Sq Composite Balusters,Trex 543302146 Deck Railings,,,,,,,,,,,,,,,,,,,,,,,,,,,Deck Railings,,,,,,,,,,,,,,,,,,,,,,,,,,,,,,,,,,,,,,,,,,,,,,,,,,,,,,,,,,,,,,,,,,,,,,,,,,,,,,,,,,,,,,,,,,,,,,,,,,,,,,,,,,,,,,,,,,,,,,,,,,,,,,,,,,,,,,,,,,,,,,,,,,,,,,,,,,,,,,,,,,,,,,,,,,,,,,,,,,,,,,,,,,,,,,,,,,,,,
,,,,,,73019603,Building Materials,Decking & Railing,Deck Railings,73019603,73019603,Finyline Wh 6' Fl Rail Kit Sq,-- Unbranded --,-- No Unilog Brand --,-- No DIB Brand --,-,-,-- Unbranded --,,73019603,,Building Materials>Decking & Railing>Deck Railings,"- -- Unbranded --, Deck Railings, 73019603",FINYLINE WH 6' FL RAIL KIT SQ,-- Unbranded -- 73019603 Deck Railings,Finyline Wh 6' Fl Rail Kit Sq,-- Unbranded -- 73019603 Deck Railings,,,,,,,,,,,,,,,,,,,,,,,,,,,Deck Railings,,,,,,,,,,,,,,,,,,,,,,,,,,,,,,,,,,,,,,,,,,,,,,,,,,,,,,,,,,,,,,,,,,,,,,,,,,,,,,,,,,,,,,,,,,,,,,,,,,,,,,,,,,,,,,,,,,,,,,,,,,,,,,,,,,,,,,,,,,,,,,,,,,,,,,,,,,,,,,,,,,,,,,,,,,,,,,,,,,,,,,,,,,,,,,,,,,,,,
,,,,,,73019652,Building Materials,Decking & Railing,Deck Railings,73019652,73019652,Finyline Wh 8' Fl Rail Kit Sq,-- Unbranded --,-- No Unilog Brand --,-- No DIB Brand --,-,-,-- Unbranded --,,73019652,,Building Materials>Decking & Railing>Deck Railings,"- -- Unbranded --, Deck Railings, 73019652",FINYLINE WH 8' FL RAIL KIT SQ,-- Unbranded -- 73019652 Deck Railings,Finyline Wh 8' Fl Rail Kit Sq,-- Unbranded -- 73019652 Deck Railings,,,,,,,,,,,,,,,,,,,,,,,,,,,Deck Railings,,,,,,,,,,,,,,,,,,,,,,,,,,,,,,,,,,,,,,,,,,,,,,,,,,,,,,,,,,,,,,,,,,,,,,,,,,,,,,,,,,,,,,,,,,,,,,,,,,,,,,,,,,,,,,,,,,,,,,,,,,,,,,,,,,,,,,,,,,,,,,,,,,,,,,,,,,,,,,,,,,,,,,,,,,,,,,,,,,,,,,,,,,,,,,,,,,,,,
,,,,,,73019517,Building Materials,Decking & Railing,Deck Railings,73019517,73019517,Finyline Wh 10' Fl Rail Kit Sq,-- Unbranded --,-- No Unilog Brand --,-- No DIB Brand --,-,-,-- Unbranded --,,73019517,,Building Materials>Decking & Railing>Deck Railings,"- -- Unbranded --, Deck Railings, 73019517",FINYLINE WH 10' FL RAIL KIT SQ,-- Unbranded -- 73019517 Deck Railings,Finyline Wh 10' Fl Rail Kit Sq,-- Unbranded -- 73019517 Deck Railings,,,,,,,,,,,,,,,,,,,,,,,,,,,Deck Railings,,,,,,,,,,,,,,,,,,,,,,,,,,,,,,,,,,,,,,,,,,,,,,,,,,,,,,,,,,,,,,,,,,,,,,,,,,,,,,,,,,,,,,,,,,,,,,,,,,,,,,,,,,,,,,,,,,,,,,,,,,,,,,,,,,,,,,,,,,,,,,,,,,,,,,,,,,,,,,,,,,,,,,,,,,,,,,,,,,,,,,,,,,,,,,,,,,,,,
,,,,,,73019602,Building Materials,Decking & Railing,Deck Railings,73019602,73019602,Finyline Wh 6' Fl Rail Kit Rd - w/Black Alum Balusters,-- Unbranded --,-- No Unilog Brand --,-- No DIB Brand --,-,-,-- Unbranded --,,73019602,,Building Materials>Decking & Railing>Deck Railings,"- -- Unbranded --, Deck Railings, 73019602",FINYLINE WH 6' FL RAIL KIT RD - W/BLACK ALUM BALUSTERS,-- Unbranded -- 73019602 Deck Railings,Finyline Wh 6' Fl Rail Kit Rd - w/Black Alum Balusters,-- Unbranded -- 73019602 Deck Railings,,,,,,,,,,,,,,,,,,,,,,,,,,,Deck Railings,Color,Black,,,,,,,,,,,,,,,,,,,,,,,,,,,,,,,,,,,,,,,,,,,,,,,,,,,,,,,,,,,,,,,,,,,,,,,,,,,,,,,,,,,,,,,,,,,,,,,,,,,,,,,,,,,,,,,,,,,,,,,,,,,,,,,,,,,,,,,,,,,,,,,,,,,,,,,,,,,,,,,,,,,,,,,,,,,,,,,,,,,,,,,,,,,,,,,,,,,
,,,,,,73019651,Building Materials,Decking & Railing,Deck Railings,73019651,73019651,Finyline Wh 8' Fl Rail Kit Rd - w/Black Alum Balusters,-- Unbranded --,-- No Unilog Brand --,-- No DIB Brand --,-,Whirlpool Corporation,Whirlpool®,,WDTS7024RZ,,Appliances & Consumer Electronics>Kitchen Appliances>Built-In Dishwashers,"Whirlpool, Dishwasher, Eco Series, W",FINYLINE WH 8' FL RAIL KIT RD - W/BLACK ALUM BALUSTERS,Whirlpool® 73019651 Deck Railings,Finyline Wh 8' Fl Rail Kit Rd - w/Black Alum Balusters,Whirlpool® 73019651 Deck Railings,,,,,,,,,,,,,,,,,,,,,,,,,,,Deck Railings,Color,Black,,,,,,,,,,,,,,,,,,,,,,,,,,,,,,,,,,,,,,,,,,,,,,,,,,,,,,,,,,,,,,,,,,,,,,,,,,,,,,,,,,,,,,,,,,,,,,,,,,,,,,,,,,,,,,,,,,,,,,,,,,,,,,,,,,,,,,,,,,,,,,,,,,,,,,,,,,,,,,,,,,,,,,,,,,,,,,,,,,,,,,,,,,,,,,,,,,,
,,,,,,73019516,Building Materials,Decking & Railing,Deck Railings,73019516,73019516,Finyline Wh 10' Fl Rail Kit Rd - w/Black Alum Balusters,-- Unbranded --,-- No Unilog Brand --,-- No DIB Brand --,-,-,-- Unbranded --,,73019516,,Building Materials>Decking & Railing>Deck Railings,"- -- Unbranded --, Deck Railings, 73019516",FINYLINE WH 10' FL RAIL KIT RD - W/BLACK ALUM BALUSTERS,-- Unbranded -- 73019516 Deck Railings,Finyline Wh 10' Fl Rail Kit Rd - w/Black Alum Balusters,-- Unbranded -- 73019516 Deck Railings,,,,,,,,,,,,,,,,,,,,,,,,,,,Deck Railings,Color,Black,,,,,,,,,,,,,,,,,,,,,,,,,,,,,,,,,,,,,,,,,,,,,,,,,,,,,,,,,,,,,,,,,,,,,,,,,,,,,,,,,,,,,,,,,,,,,,,,,,,,,,,,,,,,,,,,,,,,,,,,,,,,,,,,,,,,,,,,,,,,,,,,,,,,,,,,,,,,,,,,,,,,,,,,,,,,,,,,,,,,,,,,,,,,,,,,,,,
,,,,,,543300256,Building Materials,Decking & Railing,Deck Railings,543300256,543300256,6' Black Select Classic Horiz - Rail w/Rnd Black Alum Baluster,TREX,-- No Unilog Brand --,-- No DIB Brand --,Boise Cascade Building Materials (BOICA),Boise Cascade,Trex,,543300256,,Building Materials>Decking & Railing>Deck Railings,"Boise Cascade Trex, Deck Railings, 543300256",6' BLACK SELECT CLASSIC HORIZ - RAIL W/RND BLACK ALUM BALUSTER,Trex 543300256 Deck Railings,6' Black Select Classic Horiz - Rail w/Rnd Black Alum Baluster,Trex 543300256 Deck Railings,,,,,,,,,,,,,,,,,,,,,,,,,,,Deck Railings,Color,Black,,,,,,,,,,,,,,,,,,,,,,,,,,,,,,,,,,,,,,,,,,,,,,,,,,,,,,,,,,,,,,,,,,,,,,,,,,,,,,,,,,,,,,,,,,,,,,,,,,,,,,,,,,,,,,,,,,,,,,,,,,,,,,,,,,,,,,,,,,,,,,,,,,,,,,,,,,,,,,,,,,,,,,,,,,,,,,,,,,,,,,,,,,,,,,,,,,,
,,,,,,543300276,Building Materials,Decking & Railing,Deck Railings,543300276,543300276,8' Black Select Classic Horiz - Rail w/Rnd Black Alum Baluster,TREX,-- No Unilog Brand --,-- No DIB Brand --,Boise Cascade Building Materials (BOICA),Boise Cascade,Trex,,543300276,,Building Materials>Decking & Railing>Deck Railings,"Boise Cascade Trex, Deck Railings, 543300276",8' BLACK SELECT CLASSIC HORIZ - RAIL W/RND BLACK ALUM BALUSTER,Trex 543300276 Deck Railings,8' Black Select Classic Horiz - Rail w/Rnd Black Alum Baluster,Trex 543300276 Deck Railings,,,,,,,,,,,,,,,,,,,,,,,,,,,Deck Railings,Color,Black,,,,,,,,,,,,,,,,,,,,,,,,,,,,,,,,,,,,,,,,,,,,,,,,,,,,,,,,,,,,,,,,,,,,,,,,,,,,,,,,,,,,,,,,,,,,,,,,,,,,,,,,,,,,,,,,,,,,,,,,,,,,,,,,,,,,,,,,,,,,,,,,,,,,,,,,,,,,,,,,,,,,,,,,,,,,,,,,,,,,,,,,,,,,,,,,,,,
,,,,,,73045028,,,,73045028,73045028,Custom Finyline Wh Gate Sq Bal,-- Unbranded --,-- No Unilog Brand --,-- No DIB Brand --,-,-,-- Unbranded --,,73045028,,,"- -- Unbranded --, Hardware & Tools, 73045028",CUSTOM FINYLINE WH GATE SQ BAL,-- Unbranded -- 73045028 Hardware & Tools,Custom Finyline Wh Gate Sq Bal,-- Unbranded -- 73045028 Hardware & Tools,,,,,,,,,,,,,,,,,,,,,,,,,,,Hardware & Tools,,,,,,,,,,,,,,,,,,,,,,,,,,,,,,,,,,,,,,,,,,,,,,,,,,,,,,,,,,,,,,,,,,,,,,,,,,,,,,,,,,,,,,,,,,,,,,,,,,,,,,,,,,,,,,,,,,,,,,,,,,,,,,,,,,,,,,,,,,,,,,,,,,,,,,,,,,,,,,,,,,,,,,,,,,,,,,,,,,,,,,,,,,,,,,,,,,,,,
,,,,,,73045031,Building Materials,Decking & Railing,Deck Railings,73045031,73045031,Custom Finyline Wh Gate Rd - w/Black Alum Balusters,-- Unbranded --,-- No Unilog Brand --,-- No DIB Brand --,-,-,-- Unbranded --,,73045031,,Building Materials>Decking & Railing>Deck Railings,"- -- Unbranded --, Deck Railings, 73045031",CUSTOM FINYLINE WH GATE RD - W/BLACK ALUM BALUSTERS,-- Unbranded -- 73045031 Deck Railings,Custom Finyline Wh Gate Rd - w/Black Alum Balusters,-- Unbranded -- 73045031 Deck Railings,,,,,,,,,,,,,,,,,,,,,,,,,,,Deck Railings,Color,Black,,,,,,,,,,,,,,,,,,,,,,,,,,,,,,,,,,,,,,,,,,,,,,,,,,,,,,,,,,,,,,,,,,,,,,,,,,,,,,,,,,,,,,,,,,,,,,,,,,,,,,,,,,,,,,,,,,,,,,,,,,,,,,,,,,,,,,,,,,,,,,,,,,,,,,,,,,,,,,,,,,,,,,,,,,,,,,,,,,,,,,,,,,,,,,,,,,,
,,,,,,543340126,Building Materials,Decking & Railing,Deck Railings,543340126,543340126,"6'x36"" Select Alm w/Sq Bal Hor - Assembled Black Rail Panel",TREX,-- No Unilog Brand --,-- No DIB Brand --,Boise Cascade Building Materials (BOICA),Boise Cascade,Trex,,543340126,,Building Materials>Decking & Railing>Deck Railings,"Boise Cascade Trex, Deck Railings, 543340126","6'X36"" SELECT ALM W/SQ BAL HOR - ASSEMBLED BLACK RAIL PANEL",Trex 543340126 Deck Railings,"6'x36"" Select Alm w/Sq Bal Hor - Assembled Black Rail Panel",Trex 543340126 Deck Railings,,,,,,,,,,,,,,,,,,,,,,,,,,,Deck Railings,Color,Black,,,,,,,,,,,,,,,,,,,,,,,,,,,,,,,,,,,,,,,,,,,,,,,,,,,,,,,,,,,,,,,,,,,,,,,,,,,,,,,,,,,,,,,,,,,,,,,,,,,,,,,,,,,,,,,,,,,,,,,,,,,,,,,,,,,,,,,,,,,,,,,,,,,,,,,,,,,,,,,,,,,,,,,,,,,,,,,,,,,,,,,,,,,,,,,,,,,
,,,,,,543340127,Building Materials,Decking & Railing,Deck Railings,543340127,543340127,"6'x36"" Select Alm w/Sq Bal Str - Assembled Black Rail Panel",TREX,-- No Unilog Brand --,-- No DIB Brand --,Boise Cascade Building Materials (BOICA),Whirlpool Corporation,Whirlpool®,,WDTS7024RZ,,Appliances & Consumer Electronics>Kitchen Appliances>Built-In Dishwashers,"Whirlpool, Dishwasher, Eco Series, W","6'X36"" SELECT ALM W/SQ BAL STR - ASSEMBLED BLACK RAIL PANEL",Whirlpool® 543340127 Deck Railings,"6'x36"" Select Alm w/Sq Bal Str - Assembled Black Rail Panel",Whirlpool® 543340127 Deck Railings,,,,,,,,,,,,,,,,,,,,,,,,,,,Deck Railings,Color,Black,,,,,,,,,,,,,,,,,,,,,,,,,,,,,,,,,,,,,,,,,,,,,,,,,,,,,,,,,,,,,,,,,,,,,,,,,,,,,,,,,,,,,,,,,,,,,,,,,,,,,,,,,,,,,,,,,,,,,,,,,,,,,,,,,,,,,,,,,,,,,,,,,,,,,,,,,,,,,,,,,,,,,,,,,,,,,,,,,,,,,,,,,,,,,,,,,,,
,,,,,,543340146,Building Materials,Decking & Railing,Deck Railings,543340146,543340146,"8'x36"" Select Alm w/Sq Bal Hor - Assembled Black Rail Panel",TREX,-- No Unilog Brand --,-- No DIB Brand --,Boise Cascade Building Materials (BOICA),Boise Cascade,Trex,,543340146,,Building Materials>Decking & Railing>Deck Railings,"Boise Cascade Trex, Deck Railings, 543340146","8'X36"" SELECT ALM W/SQ BAL HOR - ASSEMBLED BLACK RAIL PANEL",Trex 543340146 Deck Railings,"8'x36"" Select Alm w/Sq Bal Hor - Assembled Black Rail Panel",Trex 543340146 Deck Railings,,,,,,,,,,,,,,,,,,,,,,,,,,,Deck Railings,Color,Black,,,,,,,,,,,,,,,,,,,,,,,,,,,,,,,,,,,,,,,,,,,,,,,,,,,,,,,,,,,,,,,,,,,,,,,,,,,,,,,,,,,,,,,,,,,,,,,,,,,,,,,,,,,,,,,,,,,,,,,,,,,,,,,,,,,,,,,,,,,,,,,,,,,,,,,,,,,,,,,,,,,,,,,,,,,,,,,,,,,,,,,,,,,,,,,,,,,
,,,,,,543340147,Building Materials,Decking & Railing,Deck Railings,543340147,543340147,"8'x36"" Select Alm w/Sq Bal Str - Assembled Black Rail Panel",TREX,-- No Unilog Brand --,-- No DIB Brand --,Boise Cascade Building Materials (BOICA),Boise Cascade,Trex,,543340147,,Building Materials>Decking & Railing>Deck Railings,"Boise Cascade Trex, Deck Railings, 543340147","8'X36"" SELECT ALM W/SQ BAL STR - ASSEMBLED BLACK RAIL PANEL",Trex 543340147 Deck Railings,"8'x36"" Select Alm w/Sq Bal Str - Assembled Black Rail Panel",Trex 543340147 Deck Railings,,,,,,,,,,,,,,,,,,,,,,,,,,,Deck Railings,Color,Black,,,,,,,,,,,,,,,,,,,,,,,,,,,,,,,,,,,,,,,,,,,,,,,,,,,,,,,,,,,,,,,,,,,,,,,,,,,,,,,,,,,,,,,,,,,,,,,,,,,,,,,,,,,,,,,,,,,,,,,,,,,,,,,,,,,,,,,,,,,,,,,,,,,,,,,,,,,,,,,,,,,,,,,,,,,,,,,,,,,,,,,,,,,,,,,,,,,
,,,,,,ADB15516CS,Building Materials,Decking & Railing,Composite Decking,ADB15516CS,ADB15516CS,1x6-16' Coastline Sq Edge - Vintage Azek PVC Decking,TIMBERTECH,-- No Unilog Brand --,-- No DIB Brand --,Parksite (6151),Parksite,Azek,,ADB15516CS,,Building Materials>Decking & Railing>Composite Decking,"Parksite Azek, Composite Decking, ADB15516CS",1X6-16' COASTLINE SQ EDGE - VINTAGE AZEK PVC DECKING,Azek ADB15516CS Composite Decking,1x6-16' Coastline Sq Edge - Vintage Azek PVC Decking,Azek ADB15516CS Composite Decking,,,,,,,,,,,,,,,,,,,,,,,,,,,Composite Decking,Thickness,1,in,Width,6,in,Length,16,ft,Color,Vintage,,,,,,,,,,,,,,,,,,,,,,,,,,,,,,,,,,,,,,,,,,,,,,,,,,,,,,,,,,,,,,,,,,,,,,,,,,,,,,,,,,,,,,,,,,,,,,,,,,,,,,,,,,,,,,,,,,,,,,,,,,,,,,,,,,,,,,,,,,,,,,,,,,,,,16,ft,,,6,in,,,,,,,,,,,,,,,,,,,,,,,,,,,,,,,,
,,,,,,ADB15520CS,Building Materials,Decking & Railing,Composite Decking,ADB15520CS,ADB15520CS,1x6-20' Coastline Sq Edge - Vintage Azek PVC Decking,TIMBERTECH,-- No Unilog Brand --,-- No DIB Brand --,Parksite (6151),Parksite,Azek,,ADB15520CS,,Building Materials>Decking & Railing>Composite Decking,"Parksite Azek, Composite Decking, ADB15520CS",1X6-20' COASTLINE SQ EDGE - VINTAGE AZEK PVC DECKING,Azek ADB15520CS Composite Decking,1x6-20' Coastline Sq Edge - Vintage Azek PVC Decking,Azek ADB15520CS Composite Decking,,,,,,,,,,,,,,,,,,,,,,,,,,,Composite Decking,Thickness,1,in,Width,6,in,Length,20,ft,Color,Vintage,,,,,,,,,,,,,,,,,,,,,,,,,,,,,,,,,,,,,,,,,,,,,,,,,,,,,,,,,,,,,,,,,,,,,,,,,,,,,,,,,,,,,,,,,,,,,,,,,,,,,,,,,,,,,,,,,,,,,,,,,,,,,,,,,,,,,,,,,,,,,,,,,,,,,20,ft,,,6,in,,,,,,,,,,,,,,,,,,,,,,,,,,,,,,,,
,,,,,,ADB15516EW,Building Materials,Decking & Railing,Composite Decking,ADB15516EW,ADB15516EW,1x6-16' English Walnut Sq Edge - Vintage Azek PVC Decking,TIMBERTECH,-- No Unilog Brand --,-- No DIB Brand --,Parksite (6151),Parksite,Azek,,ADB15516EW,,Building Materials>Decking & Railing>Composite Decking,"Parksite Azek, Composite Decking, ADB15516EW",1X6-16' ENGLISH WALNUT SQ EDGE - VINTAGE AZEK PVC DECKING,Azek ADB15516EW Composite Decking,1x6-16' English Walnut Sq Edge - Vintage Azek PVC Decking,Azek ADB15516EW Composite Decking,,,,,,,,,,,,,,,,,,,,,,,,,,,Composite Decking,Thickness,1,in,Width,6,in,Length,16,ft,Color,Walnut,,,,,,,,,,,,,,,,,,,,,,,,,,,,,,,,,,,,,,,,,,,,,,,,,,,,,,,,,,,,,,,,,,,,,,,,,,,,,,,,,,,,,,,,,,,,,,,,,,,,,,,,,,,,,,,,,,,,,,,,,,,,,,,,,,,,,,,,,,,,,,,,,,,,,16,ft,,,6,in,,,,,,,,,,,,,,,,,,,,,,,,,,,,,,,,
,,,,,,ADB15520EW,Building Materials,Decking & Railing,Composite Decking,ADB15520EW,ADB15520EW,1x6-20' English Walnut Sq Edge - Vintage Azek PVC Decking,TIMBERTECH,-- No Unilog Brand --,-- No DIB Brand --,Parksite (6151),Parksite,Azek,,ADB15520EW,,Building Materials>Decking & Railing>Composite Decking,"Parksite Azek, Composite Decking, ADB15520EW",1X6-20' ENGLISH WALNUT SQ EDGE - VINTAGE AZEK PVC DECKING,Azek ADB15520EW Composite Decking,1x6-20' English Walnut Sq Edge - Vintage Azek PVC Decking,Azek ADB15520EW Composite Decking,,,,,,,,,,,,,,,,,,,,,,,,,,,Composite Decking,Thickness,1,in,Width,6,in,Length,20,ft,Color,Walnut,,,,,,,,,,,,,,,,,,,,,,,,,,,,,,,,,,,,,,,,,,,,,,,,,,,,,,,,,,,,,,,,,,,,,,,,,,,,,,,,,,,,,,,,,,,,,,,,,,,,,,,,,,,,,,,,,,,,,,,,,,,,,,,,,,,,,,,,,,,,,,,,,,,,,20,ft,,,6,in,,,,,,,,,,,,,,,,,,,,,,,,,,,,,,,,
,,,,,,ADB15516MH,Building Materials,Decking & Railing,Composite Decking,ADB15516MH,ADB15516MH,1x6-16' Mahogany Sq Edge - Vintage Azek PVC Decking,TIMBERTECH,-- No Unilog Brand --,-- No DIB Brand --,Parksite (6151),Parksite,Azek,,ADB15516MH,,Building Materials>Decking & Railing>Composite Decking,"Parksite Azek, Composite Decking, ADB15516MH",1X6-16' MAHOGANY SQ EDGE - VINTAGE AZEK PVC DECKING,Azek ADB15516MH Composite Decking,1x6-16' Mahogany Sq Edge - Vintage Azek PVC Decking,Azek ADB15516MH Composite Decking,,,,,,,,,,,,,,,,,,,,,,,,,,,Composite Decking,Thickness,1,in,Width,6,in,Length,16,ft,Color,Mahogany,,,,,,,,,,,,,,,,,,,,,,,,,,,,,,,,,,,,,,,,,,,,,,,,,,,,,,,,,,,,,,,,,,,,,,,,,,,,,,,,,,,,,,,,,,,,,,,,,,,,,,,,,,,,,,,,,,,,,,,,,,,,,,,,,,,,,,,,,,,,,,,,,,,,,16,ft,,,6,in,,,,,,,,,,,,,,,,,,,,,,,,,,,,,,,,
,,,,,,ADB15520MH,Building Materials,Decking & Railing,Composite Decking,ADB15520MH,ADB15520MH,1x6-20' Mahogany Sq Edge - Vintage Azek PVC Decking,TIMBERTECH,-- No Unilog Brand --,-- No DIB Brand --,Parksite (6151),Parksite,Azek,,ADB15520MH,,Building Materials>Decking & Railing>Composite Decking,"Parksite Azek, Composite Decking, ADB15520MH",1X6-20' MAHOGANY SQ EDGE - VINTAGE AZEK PVC DECKING,Azek ADB15520MH Composite Decking,1x6-20' Mahogany Sq Edge - Vintage Azek PVC Decking,Azek ADB15520MH Composite Decking,,,,,,,,,,,,,,,,,,,,,,,,,,,Composite Decking,Thickness,1,in,Width,6,in,Length,20,ft,Color,Mahogany,,,,,,,,,,,,,,,,,,,,,,,,,,,,,,,,,,,,,,,,,,,,,,,,,,,,,,,,,,,,,,,,,,,,,,,,,,,,,,,,,,,,,,,,,,,,,,,,,,,,,,,,,,,,,,,,,,,,,,,,,,,,,,,,,,,,,,,,,,,,,,,,,,,,,20,ft,,,6,in,,,,,,,,,,,,,,,,,,,,,,,,,,,,,,,,
,,,,,,ADB15516WT,Building Materials,Decking & Railing,Composite Decking,ADB15516WT,ADB15516WT,1x6-16' Weathered Teak Sq Edge - Vintage Azek PVC Decking,TIMBERTECH,-- No Unilog Brand --,-- No DIB Brand --,Parksite (6151),Parksite,Azek,,ADB15516WT,,Building Materials>Decking & Railing>Composite Decking,"Parksite Azek, Composite Decking, ADB15516WT",1X6-16' WEATHERED TEAK SQ EDGE - VINTAGE AZEK PVC DECKING,Azek ADB15516WT Composite Decking,1x6-16' Weathered Teak Sq Edge - Vintage Azek PVC Decking,Azek ADB15516WT Composite Decking,,,,,,,,,,,,,,,,,,,,,,,,,,,Composite Decking,Thickness,1,in,Width,6,in,Length,16,ft,Color,Vintage,,,,,,,,,,,,,,,,,,,,,,,,,,,,,,,,,,,,,,,,,,,,,,,,,,,,,,,,,,,,,,,,,,,,,,,,,,,,,,,,,,,,,,,,,,,,,,,,,,,,,,,,,,,,,,,,,,,,,,,,,,,,,,,,,,,,,,,,,,,,,,,,,,,,,16,ft,,,6,in,,,,,,,,,,,,,,,,,,,,,,,,,,,,,,,,
,,,,,,ADB15520WT,Building Materials,Decking & Railing,Composite Decking,ADB15520WT,ADB15520WT,1x6-20' Weathered Teak Sq Edge - Vintage Azek PVC Decking,TIMBERTECH,-- No Unilog Brand --,-- No DIB Brand --,Parksite (6151),Parksite,Azek,,ADB15520WT,,Building Materials>Decking & Railing>Composite Decking,"Parksite Azek, Composite Decking, ADB15520WT",1X6-20' WEATHERED TEAK SQ EDGE - VINTAGE AZEK PVC DECKING,Azek ADB15520WT Composite Decking,1x6-20' Weathered Teak Sq Edge - Vintage Azek PVC Decking,Azek ADB15520WT Composite Decking,,,,,,,,,,,,,,,,,,,,,,,,,,,Composite Decking,Thickness,1,in,Width,6,in,Length,20,ft,Color,Vintage,,,,,,,,,,,,,,,,,,,,,,,,,,,,,,,,,,,,,,,,,,,,,,,,,,,,,,,,,,,,,,,,,,,,,,,,,,,,,,,,,,,,,,,,,,,,,,,,,,,,,,,,,,,,,,,,,,,,,,,,,,,,,,,,,,,,,,,,,,,,,,,,,,,,,20,ft,,,6,in,,,,,,,,,,,,,,,,,,,,,,,,,,,,,,,,
,,,,,,AGB15512CS,Building Materials,Decking & Railing,Composite Decking,AGB15512CS,AGB15512CS,1x6-12' Coastline Grooved - Vintage Azek PVC Decking,TIMBERTECH,-- No Unilog Brand --,-- No DIB Brand --,Parksite (6151),Parksite,Azek,,AGB15512CS,,Building Materials>Decking & Railing>Composite Decking,"Parksite Azek, Composite Decking, AGB15512CS",1X6-12' COASTLINE GROOVED - VINTAGE AZEK PVC DECKING,Azek AGB15512CS Composite Decking,1x6-12' Coastline Grooved - Vintage Azek PVC Decking,Azek AGB15512CS Composite Decking,,,,,,,,,,,,,,,,,,,,,,,,,,,Composite Decking,Thickness,1,in,Width,6,in,Length,12,ft,Color,Vintage,,,,,,,,,,,,,,,,,,,,,,,,,,,,,,,,,,,,,,,,,,,,,,,,,,,,,,,,,,,,,,,,,,,,,,,,,,,,,,,,,,,,,,,,,,,,,,,,,,,,,,,,,,,,,,,,,,,,,,,,,,,,,,,,,,,,,,,,,,,,,,,,,,,,,12,ft,,,6,in,,,,,,,,,,,,,,,,,,,,,,,,,,,,,,,,
,,,,,,AGB15516CS,Building Materials,Decking & Railing,Composite Decking,AGB15516CS,AGB15516CS,1x6-16' Coastline Grooved - Vintage Azek PVC Decking,TIMBERTECH,-- No Unilog Brand --,-- No DIB Brand --,Parksite (6151),Parksite,Azek,,AGB15516CS,,Building Materials>Decking & Railing>Composite Decking,"Parksite Azek, Composite Decking, AGB15516CS",1X6-16' COASTLINE GROOVED - VINTAGE AZEK PVC DECKING,Azek AGB15516CS Composite Decking,1x6-16' Coastline Grooved - Vintage Azek PVC Decking,Azek AGB15516CS Composite Decking,,,,,,,,,,,,,,,,,,,,,,,,,,,Composite Decking,Thickness,1,in,Width,6,in,Length,16,ft,Color,Vintage,,,,,,,,,,,,,,,,,,,,,,,,,,,,,,,,,,,,,,,,,,,,,,,,,,,,,,,,,,,,,,,,,,,,,,,,,,,,,,,,,,,,,,,,,,,,,,,,,,,,,,,,,,,,,,,,,,,,,,,,,,,,,,,,,,,,,,,,,,,,,,,,,,,,,16,ft,,,6,in,,,,,,,,,,,,,,,,,,,,,,,,,,,,,,,,
,,,,,,AGB15520CS,Building Materials,Decking & Railing,Composite Decking,AGB15520CS,AGB15520CS,1x6-20' Coastline Grooved - Vintage Azek PVC Decking,TIMBERTECH,-- No Unilog Brand --,-- No DIB Brand --,Parksite (6151),Parksite,Azek,,AGB15520CS,,Building Materials>Decking & Railing>Composite Decking,"Parksite Azek, Composite Decking, AGB15520CS",1X6-20' COASTLINE GROOVED - VINTAGE AZEK PVC DECKING,Azek AGB15520CS Composite Decking,1x6-20' Coastline Grooved - Vintage Azek PVC Decking,Azek AGB15520CS Composite Decking,,,,,,,,,,,,,,,,,,,,,,,,,,,Composite Decking,Thickness,1,in,Width,6,in,Length,20,ft,Color,Vintage,,,,,,,,,,,,,,,,,,,,,,,,,,,,,,,,,,,,,,,,,,,,,,,,,,,,,,,,,,,,,,,,,,,,,,,,,,,,,,,,,,,,,,,,,,,,,,,,,,,,,,,,,,,,,,,,,,,,,,,,,,,,,,,,,,,,,,,,,,,,,,,,,,,,,20,ft,,,6,in,,,,,,,,,,,,,,,,,,,,,,,,,,,,,,,,
,,,,,,AGB15512EW,Building Materials,Decking & Railing,Composite Decking,AGB15512EW,AGB15512EW,1x6-12' English Walnut Grooved - Vintage Azek PVC Decking,TIMBERTECH,-- No Unilog Brand --,-- No DIB Brand --,Parksite (6151),Parksite,Azek,,AGB15512EW,,Building Materials>Decking & Railing>Composite Decking,"Parksite Azek, Composite Decking, AGB15512EW",1X6-12' ENGLISH WALNUT GROOVED - VINTAGE AZEK PVC DECKING,Azek AGB15512EW Composite Decking,1x6-12' English Walnut Grooved - Vintage Azek PVC Decking,Azek AGB15512EW Composite Decking,,,,,,,,,,,,,,,,,,,,,,,,,,,Composite Decking,Thickness,1,in,Width,6,in,Length,12,ft,Color,Walnut,,,,,,,,,,,,,,,,,,,,,,,,,,,,,,,,,,,,,,,,,,,,,,,,,,,,,,,,,,,,,,,,,,,,,,,,,,,,,,,,,,,,,,,,,,,,,,,,,,,,,,,,,,,,,,,,,,,,,,,,,,,,,,,,,,,,,,,,,,,,,,,,,,,,,12,ft,,,6,in,,,,,,,,,,,,,,,,,,,,,,,,,,,,,,,,
,,,,,,AGB15516EW,Building Materials,Decking & Railing,Composite Decking,AGB15516EW,AGB15516EW,1x6-16' English Walnut Grooved - Vintage Azek PVC Decking,TIMBERTECH,-- No Unilog Brand --,-- No DIB Brand --,Parksite (6151),Parksite,Azek,,AGB15516EW,,Building Materials>Decking & Railing>Composite Decking,"Parksite Azek, Composite Decking, AGB15516EW",1X6-16' ENGLISH WALNUT GROOVED - VINTAGE AZEK PVC DECKING,Azek AGB15516EW Composite Decking,1x6-16' English Walnut Grooved - Vintage Azek PVC Decking,Azek AGB15516EW Composite Decking,,,,,,,,,,,,,,,,,,,,,,,,,,,Composite Decking,Thickness,1,in,Width,6,in,Length,16,ft,Color,Walnut,,,,,,,,,,,,,,,,,,,,,,,,,,,,,,,,,,,,,,,,,,,,,,,,,,,,,,,,,,,,,,,,,,,,,,,,,,,,,,,,,,,,,,,,,,,,,,,,,,,,,,,,,,,,,,,,,,,,,,,,,,,,,,,,,,,,,,,,,,,,,,,,,,,,,16,ft,,,6,in,,,,,,,,,,,,,,,,,,,,,,,,,,,,,,,,
,,,,,,AGB15520EW,Building Materials,Decking & Railing,Composite Decking,AGB15520EW,AGB15520EW,1x6-20' English Walnut Grooved - Vintage Azek PVC Decking,TIMBERTECH,-- No Unilog Brand --,-- No DIB Brand --,Parksite (6151),Parksite,Azek,,AGB15520EW,,Building Materials>Decking & Railing>Composite Decking,"Parksite Azek, Composite Decking, AGB15520EW",1X6-20' ENGLISH WALNUT GROOVED - VINTAGE AZEK PVC DECKING,Azek AGB15520EW Composite Decking,1x6-20' English Walnut Grooved - Vintage Azek PVC Decking,Azek AGB15520EW Composite Decking,,,,,,,,,,,,,,,,,,,,,,,,,,,Composite Decking,Thickness,1,in,Width,6,in,Length,20,ft,Color,Walnut,,,,,,,,,,,,,,,,,,,,,,,,,,,,,,,,,,,,,,,,,,,,,,,,,,,,,,,,,,,,,,,,,,,,,,,,,,,,,,,,,,,,,,,,,,,,,,,,,,,,,,,,,,,,,,,,,,,,,,,,,,,,,,,,,,,,,,,,,,,,,,,,,,,,,20,ft,,,6,in,,,,,,,,,,,,,,,,,,,,,,,,,,,,,,,,
,,,,,,AGB15512MH,Building Materials,Decking & Railing,Composite Decking,AGB15512MH,AGB15512MH,1x6-12' Mahogany Grooved - Vintage Azek PVC Decking,TIMBERTECH,-- No Unilog Brand --,-- No DIB Brand --,Parksite (6151),Parksite,Azek,,AGB15512MH,,Building Materials>Decking & Railing>Composite Decking,"Parksite Azek, Composite Decking, AGB15512MH",1X6-12' MAHOGANY GROOVED - VINTAGE AZEK PVC DECKING,Azek AGB15512MH Composite Decking,1x6-12' Mahogany Grooved - Vintage Azek PVC Decking,Azek AGB15512MH Composite Decking,,,,,,,,,,,,,,,,,,,,,,,,,,,Composite Decking,Thickness,1,in,Width,6,in,Length,12,ft,Color,Mahogany,,,,,,,,,,,,,,,,,,,,,,,,,,,,,,,,,,,,,,,,,,,,,,,,,,,,,,,,,,,,,,,,,,,,,,,,,,,,,,,,,,,,,,,,,,,,,,,,,,,,,,,,,,,,,,,,,,,,,,,,,,,,,,,,,,,,,,,,,,,,,,,,,,,,,12,ft,,,6,in,,,,,,,,,,,,,,,,,,,,,,,,,,,,,,,,
,,,,,,AGB15516MH,Building Materials,Decking & Railing,Composite Decking,AGB15516MH,AGB15516MH,1x6-16' Mahogany Grooved - Vintage Azek PVC Decking,TIMBERTECH,-- No Unilog Brand --,-- No DIB Brand --,Parksite (6151),Parksite,Azek,,AGB15516MH,,Building Materials>Decking & Railing>Composite Decking,"Parksite Azek, Composite Decking, AGB15516MH",1X6-16' MAHOGANY GROOVED - VINTAGE AZEK PVC DECKING,Azek AGB15516MH Composite Decking,1x6-16' Mahogany Grooved - Vintage Azek PVC Decking,Azek AGB15516MH Composite Decking,,,,,,,,,,,,,,,,,,,,,,,,,,,Composite Decking,Thickness,1,in,Width,6,in,Length,16,ft,Color,Mahogany,,,,,,,,,,,,,,,,,,,,,,,,,,,,,,,,,,,,,,,,,,,,,,,,,,,,,,,,,,,,,,,,,,,,,,,,,,,,,,,,,,,,,,,,,,,,,,,,,,,,,,,,,,,,,,,,,,,,,,,,,,,,,,,,,,,,,,,,,,,,,,,,,,,,,16,ft,,,6,in,,,,,,,,,,,,,,,,,,,,,,,,,,,,,,,,
,,,,,,AGB15520MH,Building Materials,Decking & Railing,Composite Decking,AGB15520MH,AGB15520MH,1x6-20' Mahogany Grooved - Vintage Azek PVC Decking,TIMBERTECH,-- No Unilog Brand --,-- No DIB Brand --,Parksite (6151),Parksite,Azek,,AGB15520MH,,Building Materials>Decking & Railing>Composite Decking,"Parksite Azek, Composite Decking, AGB15520MH",1X6-20' MAHOGANY GROOVED - VINTAGE AZEK PVC DECKING,Azek AGB15520MH Composite Decking,1x6-20' Mahogany Grooved - Vintage Azek PVC Decking,Azek AGB15520MH Composite Decking,,,,,,,,,,,,,,,,,,,,,,,,,,,Composite Decking,Thickness,1,in,Width,6,in,Length,20,ft,Color,Mahogany,,,,,,,,,,,,,,,,,,,,,,,,,,,,,,,,,,,,,,,,,,,,,,,,,,,,,,,,,,,,,,,,,,,,,,,,,,,,,,,,,,,,,,,,,,,,,,,,,,,,,,,,,,,,,,,,,,,,,,,,,,,,,,,,,,,,,,,,,,,,,,,,,,,,,20,ft,,,6,in,,,,,,,,,,,,,,,,,,,,,,,,,,,,,,,,
,,,,,,AGB15512WT,Building Materials,Decking & Railing,Composite Decking,AGB15512WT,AGB15512WT,1x6-12' Weathered Teak Grooved - Vintage Azek PVC Decking,TIMBERTECH,-- No Unilog Brand --,-- No DIB Brand --,Parksite (6151),Parksite,Azek,,AGB15512WT,,Building Materials>Decking & Railing>Composite Decking,"Parksite Azek, Composite Decking, AGB15512WT",1X6-12' WEATHERED TEAK GROOVED - VINTAGE AZEK PVC DECKING,Azek AGB15512WT Composite Decking,1x6-12' Weathered Teak Grooved - Vintage Azek PVC Decking,Azek AGB15512WT Composite Decking,,,,,,,,,,,,,,,,,,,,,,,,,,,Composite Decking,Thickness,1,in,Width,6,in,Length,12,ft,Color,Vintage,,,,,,,,,,,,,,,,,,,,,,,,,,,,,,,,,,,,,,,,,,,,,,,,,,,,,,,,,,,,,,,,,,,,,,,,,,,,,,,,,,,,,,,,,,,,,,,,,,,,,,,,,,,,,,,,,,,,,,,,,,,,,,,,,,,,,,,,,,,,,,,,,,,,,12,ft,,,6,in,,,,,,,,,,,,,,,,,,,,,,,,,,,,,,,,
,,,,,,AGB15516WT,Building Materials,Decking & Railing,Composite Decking,AGB15516WT,AGB15516WT,1x6-16' Weathered Teak Grooved - Vintage Azek PVC Decking,TIMBERTECH,-- No Unilog Brand --,-- No DIB Brand --,Parksite (6151),Parksite,Azek,,AGB15516WT,,Building Materials>Decking & Railing>Composite Decking,"Parksite Azek, Composite Decking, AGB15516WT",1X6-16' WEATHERED TEAK GROOVED - VINTAGE AZEK PVC DECKING,Azek AGB15516WT Composite Decking,1x6-16' Weathered Teak Grooved - Vintage Azek PVC Decking,Azek AGB15516WT Composite Decking,,,,,,,,,,,,,,,,,,,,,,,,,,,Composite Decking,Thickness,1,in,Width,6,in,Length,16,ft,Color,Vintage,,,,,,,,,,,,,,,,,,,,,,,,,,,,,,,,,,,,,,,,,,,,,,,,,,,,,,,,,,,,,,,,,,,,,,,,,,,,,,,,,,,,,,,,,,,,,,,,,,,,,,,,,,,,,,,,,,,,,,,,,,,,,,,,,,,,,,,,,,,,,,,,,,,,,16,ft,,,6,in,,,,,,,,,,,,,,,,,,,,,,,,,,,,,,,,
,,,,,,AGB15520WT,Building Materials,Decking & Railing,Composite Decking,AGB15520WT,AGB15520WT,1x6-20' Weathered Teak Grooved - Vintage Azek PVC Decking,TIMBERTECH,-- No Unilog Brand --,-- No DIB Brand --,Parksite (6151),Parksite,Azek,,AGB15520WT,,Building Materials>Decking & Railing>Composite Decking,"Parksite Azek, Composite Decking, AGB15520WT",1X6-20' WEATHERED TEAK GROOVED - VINTAGE AZEK PVC DECKING,Azek AGB15520WT Composite Decking,1x6-20' Weathered Teak Grooved - Vintage Azek PVC Decking,Azek AGB15520WT Composite Decking,,,,,,,,,,,,,,,,,,,,,,,,,,,Composite Decking,Thickness,1,in,Width,6,in,Length,20,ft,Color,Vintage,,,,,,,,,,,,,,,,,,,,,,,,,,,,,,,,,,,,,,,,,,,,,,,,,,,,,,,,,,,,,,,,,,,,,,,,,,,,,,,,,,,,,,,,,,,,,,,,,,,,,,,,,,,,,,,,,,,,,,,,,,,,,,,,,,,,,,,,,,,,,,,,,,,,,20,ft,,,6,in,,,,,,,,,,,,,,,,,,,,,,,,,,,,,,,,
,,,,,,ADB15516AW,Building Materials,Decking & Railing,Composite Decking,ADB15516AW,ADB15516AW,1x6-16' American Walnut Sq Edg - Landmark Azek PVC Decking,TIMBERTECH,-- No Unilog Brand --,-- No DIB Brand --,Parksite (6151),Parksite,Azek,,ADB15516AW,,Building Materials>Decking & Railing>Composite Decking,"Parksite Azek, Composite Decking, ADB15516AW",1X6-16' AMERICAN WALNUT SQ EDG - LANDMARK AZEK PVC DECKING,Azek ADB15516AW Composite Decking,1x6-16' American Walnut Sq Edg - Landmark Azek PVC Decking,Azek ADB15516AW Composite Decking,,,,,,,,,,,,,,,,,,,,,,,,,,,Composite Decking,Thickness,1,in,Width,6,in,Length,16,ft,Color,Walnut,,,,,,,,,,,,,,,,,,,,,,,,,,,,,,,,,,,,,,,,,,,,,,,,,,,,,,,,,,,,,,,,,,,,,,,,,,,,,,,,,,,,,,,,,,,,,,,,,,,,,,,,,,,,,,,,,,,,,,,,,,,,,,,,,,,,,,,,,,,,,,,,,,,,,16,ft,,,6,in,,,,,,,,,,,,,,,,,,,,,,,,,,,,,,,,
,,,,,,ADB15520AW,Building Materials,Decking & Railing,Composite Decking,ADB15520AW,ADB15520AW,1x6-20' American Walnut Sq Edg - Landmark Azek PVC Decking,TIMBERTECH,-- No Unilog Brand --,-- No DIB Brand --,Parksite (6151),Parksite,Azek,,ADB15520AW,,Building Materials>Decking & Railing>Composite Decking,"Parksite Azek, Composite Decking, ADB15520AW",1X6-20' AMERICAN WALNUT SQ EDG - LANDMARK AZEK PVC DECKING,Azek ADB15520AW Composite Decking,1x6-20' American Walnut Sq Edg - Landmark Azek PVC Decking,Azek ADB15520AW Composite Decking,,,,,,,,,,,,,,,,,,,,,,,,,,,Composite Decking,Thickness,1,in,Width,6,in,Length,20,ft,Color,Walnut,,,,,,,,,,,,,,,,,,,,,,,,,,,,,,,,,,,,,,,,,,,,,,,,,,,,,,,,,,,,,,,,,,,,,,,,,,,,,,,,,,,,,,,,,,,,,,,,,,,,,,,,,,,,,,,,,,,,,,,,,,,,,,,,,,,,,,,,,,,,,,,,,,,,,20,ft,,,6,in,,,,,,,,,,,,,,,,,,,,,,,,,,,,,,,,
,,,,,,ADB15516CG,Building Materials,Decking & Railing,Composite Decking,ADB15516CG,ADB15516CG,1x6-16' Castle Gate Sq Edge - Landmark Azek PVC Decking,TIMBERTECH,-- No Unilog Brand --,-- No DIB Brand --,Parksite (6151),Parksite,Azek,,ADB15516CG,,Building Materials>Decking & Railing>Composite Decking,"Parksite Azek, Composite Decking, ADB15516CG",1X6-16' CASTLE GATE SQ EDGE - LANDMARK AZEK PVC DECKING,Azek ADB15516CG Composite Decking,1x6-16' Castle Gate Sq Edge - Landmark Azek PVC Decking,Azek ADB15516CG Composite Decking,,,,,,,,,,,,,,,,,,,,,,,,,,,Composite Decking,Thickness,1,in,Width,6,in,Length,16,ft,,,,,,,,,,,,,,,,,,,,,,,,,,,,,,,,,,,,,,,,,,,,,,,,,,,,,,,,,,,,,,,,,,,,,,,,,,,,,,,,,,,,,,,,,,,,,,,,,,,,,,,,,,,,,,,,,,,,,,,,,,,,,,,,,,,,,,,,,,,,,,,,,,,,,,,16,ft,,,6,in,,,,,,,,,,,,,,,,,,,,,,,,,,,,,,,,
,,,,,,ADB15520CG,Building Materials,Decking & Railing,Composite Decking,ADB15520CG,ADB15520CG,1x6-20' Castle Gate Sq Edge - Landmark Azek PVC Decking,TIMBERTECH,-- No Unilog Brand --,-- No DIB Brand --,Parksite (6151),Parksite,Azek,,ADB15520CG,,Building Materials>Decking & Railing>Composite Decking,"Parksite Azek, Composite Decking, ADB15520CG",1X6-20' CASTLE GATE SQ EDGE - LANDMARK AZEK PVC DECKING,Azek ADB15520CG Composite Decking,1x6-20' Castle Gate Sq Edge - Landmark Azek PVC Decking,Azek ADB15520CG Composite Decking,,,,,,,,,,,,,,,,,,,,,,,,,,,Composite Decking,Thickness,1,in,Width,6,in,Length,20,ft,,,,,,,,,,,,,,,,,,,,,,,,,,,,,,,,,,,,,,,,,,,,,,,,,,,,,,,,,,,,,,,,,,,,,,,,,,,,,,,,,,,,,,,,,,,,,,,,,,,,,,,,,,,,,,,,,,,,,,,,,,,,,,,,,,,,,,,,,,,,,,,,,,,,,,,20,ft,,,6,in,,,,,,,,,,,,,,,,,,,,,,,,,,,,,,,,
,,,,,,ADB15516FW,Building Materials,Decking & Railing,Composite Decking,ADB15516FW,ADB15516FW,1x6-16' French White Oak Sq Ed - Landmark Azek PVC Decking,TIMBERTECH,-- No Unilog Brand --,-- No DIB Brand --,Parksite (6151),Parksite,Azek,,ADB15516FW,,Building Materials>Decking & Railing>Composite Decking,"Parksite Azek, Composite Decking, ADB15516FW",1X6-16' FRENCH WHITE OAK SQ ED - LANDMARK AZEK PVC DECKING,Azek ADB15516FW Composite Decking,1x6-16' French White Oak Sq Ed - Landmark Azek PVC Decking,Azek ADB15516FW Composite Decking,,,,,,,,,,,,,,,,,,,,,,,,,,,Composite Decking,Thickness,1,in,Width,6,in,Length,16,ft,Color,White,,,,,,,,,,,,,,,,,,,,,,,,,,,,,,,,,,,,,,,,,,,,,,,,,,,,,,,,,,,,,,,,,,,,,,,,,,,,,,,,,,,,,,,,,,,,,,,,,,,,,,,,,,,,,,,,,,,,,,,,,,,,,,,,,,,,,,,,,,,,,,,,,,,,,16,ft,,,6,in,,,,,,,,,,,,,,,,,,,,,,,,,,,,,,,,
,,,,,,ADB15520FW,Building Materials,Decking & Railing,Composite Decking,ADB15520FW,ADB15520FW,1x6-20' French White Oak Sq Ed - Landmark Azek PVC Decking,TIMBERTECH,-- No Unilog Brand --,-- No DIB Brand --,Parksite (6151),Parksite,Azek,,ADB15520FW,,Building Materials>Decking & Railing>Composite Decking,"Parksite Azek, Composite Decking, ADB15520FW",1X6-20' FRENCH WHITE OAK SQ ED - LANDMARK AZEK PVC DECKING,Azek ADB15520FW Composite Decking,1x6-20' French White Oak Sq Ed - Landmark Azek PVC Decking,Azek ADB15520FW Composite Decking,,,,,,,,,,,,,,,,,,,,,,,,,,,Composite Decking,Thickness,1,in,Width,6,in,Length,20,ft,Color,White,,,,,,,,,,,,,,,,,,,,,,,,,,,,,,,,,,,,,,,,,,,,,,,,,,,,,,,,,,,,,,,,,,,,,,,,,,,,,,,,,,,,,,,,,,,,,,,,,,,,,,,,,,,,,,,,,,,,,,,,,,,,,,,,,,,,,,,,,,,,,,,,,,,,,20,ft,,,6,in,,,,,,,,,,,,,,,,,,,,,,,,,,,,,,,,
,,,,,,AGB15512AW,Building Materials,Decking & Railing,Composite Decking,AGB15512AW,AGB15512AW,1x6-12' American Walnut Groove - Landmark Azek PVC Decking,TIMBERTECH,-- No Unilog Brand --,-- No DIB Brand --,Parksite (6151),Parksite,Azek,,AGB15512AW,,Building Materials>Decking & Railing>Composite Decking,"Parksite Azek, Composite Decking, AGB15512AW",1X6-12' AMERICAN WALNUT GROOVE - LANDMARK AZEK PVC DECKING,Azek AGB15512AW Composite Decking,1x6-12' American Walnut Groove - Landmark Azek PVC Decking,Azek AGB15512AW Composite Decking,,,,,,,,,,,,,,,,,,,,,,,,,,,Composite Decking,Thickness,1,in,Width,6,in,Length,12,ft,Color,Walnut,,,,,,,,,,,,,,,,,,,,,,,,,,,,,,,,,,,,,,,,,,,,,,,,,,,,,,,,,,,,,,,,,,,,,,,,,,,,,,,,,,,,,,,,,,,,,,,,,,,,,,,,,,,,,,,,,,,,,,,,,,,,,,,,,,,,,,,,,,,,,,,,,,,,,12,ft,,,6,in,,,,,,,,,,,,,,,,,,,,,,,,,,,,,,,,
,,,,,,AGB15516AW,Building Materials,Decking & Railing,Composite Decking,AGB15516AW,AGB15516AW,1x6-16' American Walnut Groove - Landmark Azek PVC Decking,TIMBERTECH,-- No Unilog Brand --,-- No DIB Brand --,Parksite (6151),Parksite,Azek,,AGB15516AW,,Building Materials>Decking & Railing>Composite Decking,"Parksite Azek, Composite Decking, AGB15516AW",1X6-16' AMERICAN WALNUT GROOVE - LANDMARK AZEK PVC DECKING,Azek AGB15516AW Composite Decking,1x6-16' American Walnut Groove - Landmark Azek PVC Decking,Azek AGB15516AW Composite Decking,,,,,,,,,,,,,,,,,,,,,,,,,,,Composite Decking,Thickness,1,in,Width,6,in,Length,16,ft,Color,Walnut,,,,,,,,,,,,,,,,,,,,,,,,,,,,,,,,,,,,,,,,,,,,,,,,,,,,,,,,,,,,,,,,,,,,,,,,,,,,,,,,,,,,,,,,,,,,,,,,,,,,,,,,,,,,,,,,,,,,,,,,,,,,,,,,,,,,,,,,,,,,,,,,,,,,,16,ft,,,6,in,,,,,,,,,,,,,,,,,,,,,,,,,,,,,,,,
,,,,,,AGB15520AW,Building Materials,Decking & Railing,Composite Decking,AGB15520AW,AGB15520AW,1x6-20' American Walnut Groove - Landmark Azek PVC Decking,TIMBERTECH,-- No Unilog Brand --,-- No DIB Brand --,Parksite (6151),Parksite,Azek,,AGB15520AW,,Building Materials>Decking & Railing>Composite Decking,"Parksite Azek, Composite Decking, AGB15520AW",1X6-20' AMERICAN WALNUT GROOVE - LANDMARK AZEK PVC DECKING,Azek AGB15520AW Composite Decking,1x6-20' American Walnut Groove - Landmark Azek PVC Decking,Azek AGB15520AW Composite Decking,,,,,,,,,,,,,,,,,,,,,,,,,,,Composite Decking,Thickness,1,in,Width,6,in,Length,20,ft,Color,Walnut,,,,,,,,,,,,,,,,,,,,,,,,,,,,,,,,,,,,,,,,,,,,,,,,,,,,,,,,,,,,,,,,,,,,,,,,,,,,,,,,,,,,,,,,,,,,,,,,,,,,,,,,,,,,,,,,,,,,,,,,,,,,,,,,,,,,,,,,,,,,,,,,,,,,,20,ft,,,6,in,,,,,,,,,,,,,,,,,,,,,,,,,,,,,,,,
,,,,,,AGB15512CG,Building Materials,Decking & Railing,Composite Decking,AGB15512CG,AGB15512CG,1x6-12' Castle Gate Grooved - Landmark Azek PVC Decking,TIMBERTECH,-- No Unilog Brand --,-- No DIB Brand --,Parksite (6151),Parksite,Azek,,AGB15512CG,,Building Materials>Decking & Railing>Composite Decking,"Parksite Azek, Composite Decking, AGB15512CG",1X6-12' CASTLE GATE GROOVED - LANDMARK AZEK PVC DECKING,Azek AGB15512CG Composite Decking,1x6-12' Castle Gate Grooved - Landmark Azek PVC Decking,Azek AGB15512CG Composite Decking,,,,,,,,,,,,,,,,,,,,,,,,,,,Composite Decking,Thickness,1,in,Width,6,in,Length,12,ft,,,,,,,,,,,,,,,,,,,,,,,,,,,,,,,,,,,,,,,,,,,,,,,,,,,,,,,,,,,,,,,,,,,,,,,,,,,,,,,,,,,,,,,,,,,,,,,,,,,,,,,,,,,,,,,,,,,,,,,,,,,,,,,,,,,,,,,,,,,,,,,,,,,,,,,12,ft,,,6,in,,,,,,,,,,,,,,,,,,,,,,,,,,,,,,,,
,,,,,,AGB15516CG,Building Materials,Decking & Railing,Composite Decking,AGB15516CG,AGB15516CG,1x6-16' Castle Gate Grooved - Landmark Azek PVC Decking,TIMBERTECH,-- No Unilog Brand --,-- No DIB Brand --,Parksite (6151),Parksite,Azek,,AGB15516CG,,Building Materials>Decking & Railing>Composite Decking,"Parksite Azek, Composite Decking, AGB15516CG",1X6-16' CASTLE GATE GROOVED - LANDMARK AZEK PVC DECKING,Azek AGB15516CG Composite Decking,1x6-16' Castle Gate Grooved - Landmark Azek PVC Decking,Azek AGB15516CG Composite Decking,,,,,,,,,,,,,,,,,,,,,,,,,,,Composite Decking,Thickness,1,in,Width,6,in,Length,16,ft,,,,,,,,,,,,,,,,,,,,,,,,,,,,,,,,,,,,,,,,,,,,,,,,,,,,,,,,,,,,,,,,,,,,,,,,,,,,,,,,,,,,,,,,,,,,,,,,,,,,,,,,,,,,,,,,,,,,,,,,,,,,,,,,,,,,,,,,,,,,,,,,,,,,,,,16,ft,,,6,in,,,,,,,,,,,,,,,,,,,,,,,,,,,,,,,,
,,,,,,AGB15520CG,Building Materials,Decking & Railing,Composite Decking,AGB15520CG,AGB15520CG,1x6-20' Castle Gate Grooved - Landmark Azek PVC Decking,TIMBERTECH,-- No Unilog Brand --,-- No DIB Brand --,Parksite (6151),Parksite,Azek,,AGB15520CG,,Building Materials>Decking & Railing>Composite Decking,"Parksite Azek, Composite Decking, AGB15520CG",1X6-20' CASTLE GATE GROOVED - LANDMARK AZEK PVC DECKING,Azek AGB15520CG Composite Decking,1x6-20' Castle Gate Grooved - Landmark Azek PVC Decking,Azek AGB15520CG Composite Decking,,,,,,,,,,,,,,,,,,,,,,,,,,,Composite Decking,Thickness,1,in,Width,6,in,Length,20,ft,,,,,,,,,,,,,,,,,,,,,,,,,,,,,,,,,,,,,,,,,,,,,,,,,,,,,,,,,,,,,,,,,,,,,,,,,,,,,,,,,,,,,,,,,,,,,,,,,,,,,,,,,,,,,,,,,,,,,,,,,,,,,,,,,,,,,,,,,,,,,,,,,,,,,,,20,ft,,,6,in,,,,,,,,,,,,,,,,,,,,,,,,,,,,,,,,
,,,,,,AGB15512FW,Building Materials,Decking & Railing,Composite Decking,AGB15512FW,AGB15512FW,1x6-12' French White Oak Groov - Landmark Azek PVC Decking,TIMBERTECH,-- No Unilog Brand --,-- No DIB Brand --,Parksite (6151),Parksite,Azek,,AGB15512FW,,Building Materials>Decking & Railing>Composite Decking,"Parksite Azek, Composite Decking, AGB15512FW",1X6-12' FRENCH WHITE OAK GROOV - LANDMARK AZEK PVC DECKING,Azek AGB15512FW Composite Decking,1x6-12' French White Oak Groov - Landmark Azek PVC Decking,Azek AGB15512FW Composite Decking,,,,,,,,,,,,,,,,,,,,,,,,,,,Composite Decking,Thickness,1,in,Width,6,in,Length,12,ft,Color,White,,,,,,,,,,,,,,,,,,,,,,,,,,,,,,,,,,,,,,,,,,,,,,,,,,,,,,,,,,,,,,,,,,,,,,,,,,,,,,,,,,,,,,,,,,,,,,,,,,,,,,,,,,,,,,,,,,,,,,,,,,,,,,,,,,,,,,,,,,,,,,,,,,,,,12,ft,,,6,in,,,,,,,,,,,,,,,,,,,,,,,,,,,,,,,,
,,,,,,AGB15516FW,Building Materials,Decking & Railing,Composite Decking,AGB15516FW,AGB15516FW,1x6-16' French White Oak Groov - Landmark Azek PVC Decking,TIMBERTECH,-- No Unilog Brand --,-- No DIB Brand --,Parksite (6151),Parksite,Azek,,AGB15516FW,,Building Materials>Decking & Railing>Composite Decking,"Parksite Azek, Composite Decking, AGB15516FW",1X6-16' FRENCH WHITE OAK GROOV - LANDMARK AZEK PVC DECKING,Azek AGB15516FW Composite Decking,1x6-16' French White Oak Groov - Landmark Azek PVC Decking,Azek AGB15516FW Composite Decking,,,,,,,,,,,,,,,,,,,,,,,,,,,Composite Decking,Thickness,1,in,Width,6,in,Length,16,ft,Color,White,,,,,,,,,,,,,,,,,,,,,,,,,,,,,,,,,,,,,,,,,,,,,,,,,,,,,,,,,,,,,,,,,,,,,,,,,,,,,,,,,,,,,,,,,,,,,,,,,,,,,,,,,,,,,,,,,,,,,,,,,,,,,,,,,,,,,,,,,,,,,,,,,,,,,16,ft,,,6,in,,,,,,,,,,,,,,,,,,,,,,,,,,,,,,,,
,,,,,,AGB15520FW,Building Materials,Decking & Railing,Composite Decking,AGB15520FW,AGB15520FW,1x6-20' French White Oak Groov - Landmark Azek PVC Decking,TIMBERTECH,-- No Unilog Brand --,-- No DIB Brand --,Parksite (6151),Parksite,Azek,,AGB15520FW,,Building Materials>Decking & Railing>Composite Decking,"Parksite Azek, Composite Decking, AGB15520FW",1X6-20' FRENCH WHITE OAK GROOV - LANDMARK AZEK PVC DECKING,Azek AGB15520FW Composite Decking,1x6-20' French White Oak Groov - Landmark Azek PVC Decking,Azek AGB15520FW Composite Decking,,,,,,,,,,,,,,,,,,,,,,,,,,,Composite Decking,Thickness,1,in,Width,6,in,Length,20,ft,Color,White,,,,,,,,,,,,,,,,,,,,,,,,,,,,,,,,,,,,,,,,,,,,,,,,,,,,,,,,,,,,,,,,,,,,,,,,,,,,,,,,,,,,,,,,,,,,,,,,,,,,,,,,,,,,,,,,,,,,,,,,,,,,,,,,,,,,,,,,,,,,,,,,,,,,,20,ft,,,6,in,,,,,,,,,,,,,,,,,,,,,,,,,,,,,,,,
,,,,,,ADCB15516BS,Building Materials,Decking & Railing,Composite Decking,ADCB15516BS,ADCB15516BS,1x6-16' Brownstone Sq Edge - Harvest Azek PVC Decking,TIMBERTECH,-- No Unilog Brand --,-- No DIB Brand --,Parksite (6151),Parksite,Azek,,ADCB15516BS,,Building Materials>Decking & Railing>Composite Decking,"Parksite Azek, Composite Decking, ADCB15516BS",1X6-16' BROWNSTONE SQ EDGE - HARVEST AZEK PVC DECKING,Azek ADCB15516BS Composite Decking,1x6-16' Brownstone Sq Edge - Harvest Azek PVC Decking,Azek ADCB15516BS Composite Decking,,,,,,,,,,,,,,,,,,,,,,,,,,,Composite Decking,Thickness,1,in,Width,6,in,Length,16,ft,,,,,,,,,,,,,,,,,,,,,,,,,,,,,,,,,,,,,,,,,,,,,,,,,,,,,,,,,,,,,,,,,,,,,,,,,,,,,,,,,,,,,,,,,,,,,,,,,,,,,,,,,,,,,,,,,,,,,,,,,,,,,,,,,,,,,,,,,,,,,,,,,,,,,,,16,ft,,,6,in,,,,,,,,,,,,,,,,,,,,,,,,,,,,,,,,
,,,,,,ADCB15520BS,Building Materials,Decking & Railing,Composite Decking,ADCB15520BS,ADCB15520BS,1x6-20' Brownstone Sq Edge - Harvest Azek PVC Decking,TIMBERTECH,-- No Unilog Brand --,-- No DIB Brand --,Parksite (6151),Parksite,Azek,,ADCB15520BS,,Building Materials>Decking & Railing>Composite Decking,"Parksite Azek, Composite Decking, ADCB15520BS",1X6-20' BROWNSTONE SQ EDGE - HARVEST AZEK PVC DECKING,Azek ADCB15520BS Composite Decking,1x6-20' Brownstone Sq Edge - Harvest Azek PVC Decking,Azek ADCB15520BS Composite Decking,,,,,,,,,,,,,,,,,,,,,,,,,,,Composite Decking,Thickness,1,in,Width,6,in,Length,20,ft,,,,,,,,,,,,,,,,,,,,,,,,,,,,,,,,,,,,,,,,,,,,,,,,,,,,,,,,,,,,,,,,,,,,,,,,,,,,,,,,,,,,,,,,,,,,,,,,,,,,,,,,,,,,,,,,,,,,,,,,,,,,,,,,,,,,,,,,,,,,,,,,,,,,,,,20,ft,,,6,in,,,,,,,,,,,,,,,,,,,,,,,,,,,,,,,,
,,,,,,ADCB15516SG,Building Materials,Decking & Railing,Composite Decking,ADCB15516SG,ADCB15516SG,1x6-16' Slate Gray Sq Edge - Harvest Azek PVC Decking,TIMBERTECH,-- No Unilog Brand --,-- No DIB Brand --,Parksite (6151),Parksite,Azek,,ADCB15516SG,,Building Materials>Decking & Railing>Composite Decking,"Parksite Azek, Composite Decking, ADCB15516SG",1X6-16' SLATE GRAY SQ EDGE - HARVEST AZEK PVC DECKING,Azek ADCB15516SG Composite Decking,1x6-16' Slate Gray Sq Edge - Harvest Azek PVC Decking,Azek ADCB15516SG Composite Decking,,,,,,,,,,,,,,,,,,,,,,,,,,,Composite Decking,Thickness,1,in,Width,6,in,Length,16,ft,Color,Gray,,,,,,,,,,,,,,,,,,,,,,,,,,,,,,,,,,,,,,,,,,,,,,,,,,,,,,,,,,,,,,,,,,,,,,,,,,,,,,,,,,,,,,,,,,,,,,,,,,,,,,,,,,,,,,,,,,,,,,,,,,,,,,,,,,,,,,,,,,,,,,,,,,,,,16,ft,,,6,in,,,,,,,,,,,,,,,,,,,,,,,,,,,,,,,,
,,,,,,ADCB15520SG,Building Materials,Decking & Railing,Composite Decking,ADCB15520SG,ADCB15520SG,1x6-20' Slate Gray Sq Edge - Harvest Azek PVC Decking,TIMBERTECH,-- No Unilog Brand --,-- No DIB Brand --,Parksite (6151),Parksite,Azek,,ADCB15520SG,,Building Materials>Decking & Railing>Composite Decking,"Parksite Azek, Composite Decking, ADCB15520SG",1X6-20' SLATE GRAY SQ EDGE - HARVEST AZEK PVC DECKING,Azek ADCB15520SG Composite Decking,1x6-20' Slate Gray Sq Edge - Harvest Azek PVC Decking,Azek ADCB15520SG Composite Decking,,,,,,,,,,,,,,,,,,,,,,,,,,,Composite Decking,Thickness,1,in,Width,6,in,Length,20,ft,Color,Gray,,,,,,,,,,,,,,,,,,,,,,,,,,,,,,,,,,,,,,,,,,,,,,,,,,,,,,,,,,,,,,,,,,,,,,,,,,,,,,,,,,,,,,,,,,,,,,,,,,,,,,,,,,,,,,,,,,,,,,,,,,,,,,,,,,,,,,,,,,,,,,,,,,,,,20,ft,,,6,in,,,,,,,,,,,,,,,,,,,,,,,,,,,,,,,,
,,,,,,AGB15512BS,Building Materials,Decking & Railing,Composite Decking,AGB15512BS,AGB15512BS,1x6-12' Brownstone Grooved - Harvest Azek PVC Decking,TIMBERTECH,-- No Unilog Brand --,-- No DIB Brand --,Parksite (6151),Parksite,Azek,,AGB15512BS,,Building Materials>Decking & Railing>Composite Decking,"Parksite Azek, Composite Decking, AGB15512BS",1X6-12' BROWNSTONE GROOVED - HARVEST AZEK PVC DECKING,Azek AGB15512BS Composite Decking,1x6-12' Brownstone Grooved - Harvest Azek PVC Decking,Azek AGB15512BS Composite Decking,,,,,,,,,,,,,,,,,,,,,,,,,,,Composite Decking,Thickness,1,in,Width,6,in,Length,12,ft,,,,,,,,,,,,,,,,,,,,,,,,,,,,,,,,,,,,,,,,,,,,,,,,,,,,,,,,,,,,,,,,,,,,,,,,,,,,,,,,,,,,,,,,,,,,,,,,,,,,,,,,,,,,,,,,,,,,,,,,,,,,,,,,,,,,,,,,,,,,,,,,,,,,,,,12,ft,,,6,in,,,,,,,,,,,,,,,,,,,,,,,,,,,,,,,,
,,,,,,AGB15516BS,Building Materials,Decking & Railing,Composite Decking,AGB15516BS,AGB15516BS,1x6-16' Brownstone Grooved - Harvest Azek PVC Decking,TIMBERTECH,-- No Unilog Brand --,-- No DIB Brand --,Parksite (6151),Parksite,Azek,,AGB15516BS,,Building Materials>Decking & Railing>Composite Decking,"Parksite Azek, Composite Decking, AGB15516BS",1X6-16' BROWNSTONE GROOVED - HARVEST AZEK PVC DECKING,Azek AGB15516BS Composite Decking,1x6-16' Brownstone Grooved - Harvest Azek PVC Decking,Azek AGB15516BS Composite Decking,,,,,,,,,,,,,,,,,,,,,,,,,,,Composite Decking,Thickness,1,in,Width,6,in,Length,16,ft,,,,,,,,,,,,,,,,,,,,,,,,,,,,,,,,,,,,,,,,,,,,,,,,,,,,,,,,,,,,,,,,,,,,,,,,,,,,,,,,,,,,,,,,,,,,,,,,,,,,,,,,,,,,,,,,,,,,,,,,,,,,,,,,,,,,,,,,,,,,,,,,,,,,,,,16,ft,,,6,in,,,,,,,,,,,,,,,,,,,,,,,,,,,,,,,,
,,,,,,AGB15520BS,Building Materials,Decking & Railing,Composite Decking,AGB15520BS,AGB15520BS,1x6-20' Brownstone Grooved - Harvest Azek PVC Decking,TIMBERTECH,-- No Unilog Brand --,-- No DIB Brand --,Parksite (6151),Parksite,Azek,,AGB15520BS,,Building Materials>Decking & Railing>Composite Decking,"Parksite Azek, Composite Decking, AGB15520BS",1X6-20' BROWNSTONE GROOVED - HARVEST AZEK PVC DECKING,Azek AGB15520BS Composite Decking,1x6-20' Brownstone Grooved - Harvest Azek PVC Decking,Azek AGB15520BS Composite Decking,,,,,,,,,,,,,,,,,,,,,,,,,,,Composite Decking,Thickness,1,in,Width,6,in,Length,20,ft,,,,,,,,,,,,,,,,,,,,,,,,,,,,,,,,,,,,,,,,,,,,,,,,,,,,,,,,,,,,,,,,,,,,,,,,,,,,,,,,,,,,,,,,,,,,,,,,,,,,,,,,,,,,,,,,,,,,,,,,,,,,,,,,,,,,,,,,,,,,,,,,,,,,,,,20,ft,,,6,in,,,,,,,,,,,,,,,,,,,,,,,,,,,,,,,,
,,,,,,AGB15512SG,Building Materials,Decking & Railing,Composite Decking,AGB15512SG,AGB15512SG,1x6-12' Slate Gray Grooved - Harvest Azek PVC Decking,TIMBERTECH,-- No Unilog Brand --,-- No DIB Brand --,Parksite (6151),Parksite,Azek,,AGB15512SG,,Building Materials>Decking & Railing>Composite Decking,"Parksite Azek, Composite Decking, AGB15512SG",1X6-12' SLATE GRAY GROOVED - HARVEST AZEK PVC DECKING,Azek AGB15512SG Composite Decking,1x6-12' Slate Gray Grooved - Harvest Azek PVC Decking,Azek AGB15512SG Composite Decking,,,,,,,,,,,,,,,,,,,,,,,,,,,Composite Decking,Thickness,1,in,Width,6,in,Length,12,ft,Color,Gray,,,,,,,,,,,,,,,,,,,,,,,,,,,,,,,,,,,,,,,,,,,,,,,,,,,,,,,,,,,,,,,,,,,,,,,,,,,,,,,,,,,,,,,,,,,,,,,,,,,,,,,,,,,,,,,,,,,,,,,,,,,,,,,,,,,,,,,,,,,,,,,,,,,,,12,ft,,,6,in,,,,,,,,,,,,,,,,,,,,,,,,,,,,,,,,
,,,,,,AGB15516SG,Building Materials,Decking & Railing,Composite Decking,AGB15516SG,AGB15516SG,1x6-16' Slate Gray Grooved - Harvest Azek PVC Decking,TIMBERTECH,-- No Unilog Brand --,-- No DIB Brand --,Parksite (6151),Parksite,Azek,,AGB15516SG,,Building Materials>Decking & Railing>Composite Decking,"Parksite Azek, Composite Decking, AGB15516SG",1X6-16' SLATE GRAY GROOVED - HARVEST AZEK PVC DECKING,Azek AGB15516SG Composite Decking,1x6-16' Slate Gray Grooved - Harvest Azek PVC Decking,Azek AGB15516SG Composite Decking,,,,,,,,,,,,,,,,,,,,,,,,,,,Composite Decking,Thickness,1,in,Width,6,in,Length,16,ft,Color,Gray,,,,,,,,,,,,,,,,,,,,,,,,,,,,,,,,,,,,,,,,,,,,,,,,,,,,,,,,,,,,,,,,,,,,,,,,,,,,,,,,,,,,,,,,,,,,,,,,,,,,,,,,,,,,,,,,,,,,,,,,,,,,,,,,,,,,,,,,,,,,,,,,,,,,,16,ft,,,6,in,,,,,,,,,,,,,,,,,,,,,,,,,,,,,,,,
,,,,,,AGB15520SG,Building Materials,Decking & Railing,Composite Decking,AGB15520SG,AGB15520SG,1x6-20' Slate Gray Grooved - Harvest Azek PVC Decking,TIMBERTECH,-- No Unilog Brand --,-- No DIB Brand --,Parksite (6151),Parksite,Azek,,AGB15520SG,,Building Materials>Decking & Railing>Composite Decking,"Parksite Azek, Composite Decking, AGB15520SG",1X6-20' SLATE GRAY GROOVED - HARVEST AZEK PVC DECKING,Azek AGB15520SG Composite Decking,1x6-20' Slate Gray Grooved - Harvest Azek PVC Decking,Azek AGB15520SG Composite Decking,,,,,,,,,,,,,,,,,,,,,,,,,,,Composite Decking,Thickness,1,in,Width,6,in,Length,20,ft,Color,Gray,,,,,,,,,,,,,,,,,,,,,,,,,,,,,,,,,,,,,,,,,,,,,,,,,,,,,,,,,,,,,,,,,,,,,,,,,,,,,,,,,,,,,,,,,,,,,,,,,,,,,,,,,,,,,,,,,,,,,,,,,,,,,,,,,,,,,,,,,,,,,,,,,,,,,20,ft,,,6,in,,,,,,,,,,,,,,,,,,,,,,,,,,,,,,,,
,,,,,,543140016,Building Materials,Decking & Railing,Composite Decking,543140016,543140016,1nx6-16' Biscayne Sq Edge - Trex Transcend Lineage Decking,TREX,-- No Unilog Brand --,-- No DIB Brand --,U S Lumber (3073),U.S. Lumber,Trex,,543140016,,Building Materials>Decking & Railing>Composite Decking,"U.S. Lumber Trex, Composite Decking, 543140016",1NX6-16' BISCAYNE SQ EDGE - TREX TRANSCEND LINEAGE DECKING,Trex 543140016 Composite Decking,1nx6-16' Biscayne Sq Edge - Trex Transcend Lineage Decking,Trex 543140016 Composite Decking,,,,,,,,,,,,,,,,,,,,,,,,,,,Composite Decking,,,,,,,,,,,,,,,,,,,,,,,,,,,,,,,,,,,,,,,,,,,,,,,,,,,,,,,,,,,,,,,,,,,,,,,,,,,,,,,,,,,,,,,,,,,,,,,,,,,,,,,,,,,,,,,,,,,,,,,,,,,,,,,,,,,,,,,,,,,,,,,,,,,,,,,,,,,,,,,,,,,,,,,,,,,,,,,,,,,,,,,,,,,,,,,,,,,,,
,,,,,,543140020,Building Materials,Decking & Railing,Composite Decking,543140020,543140020,1nx6-20' Biscayne Sq Edge - Trex Transcend Lineage Decking,TREX,-- No Unilog Brand --,-- No DIB Brand --,U S Lumber (3073),U.S. Lumber,Trex,,543140020,,Building Materials>Decking & Railing>Composite Decking,"U.S. Lumber Trex, Composite Decking, 543140020",1NX6-20' BISCAYNE SQ EDGE - TREX TRANSCEND LINEAGE DECKING,Trex 543140020 Composite Decking,1nx6-20' Biscayne Sq Edge - Trex Transcend Lineage Decking,Trex 543140020 Composite Decking,,,,,,,,,,,,,,,,,,,,,,,,,,,Composite Decking,,,,,,,,,,,,,,,,,,,,,,,,,,,,,,,,,,,,,,,,,,,,,,,,,,,,,,,,,,,,,,,,,,,,,,,,,,,,,,,,,,,,,,,,,,,,,,,,,,,,,,,,,,,,,,,,,,,,,,,,,,,,,,,,,,,,,,,,,,,,,,,,,,,,,,,,,,,,,,,,,,,,,,,,,,,,,,,,,,,,,,,,,,,,,,,,,,,,,
,,,,,,543142016,Building Materials,Decking & Railing,Composite Decking,543142016,543142016,1nx6-16' Carmel Sq Edge - Trex Transcend Lineage Decking,TREX,-- No Unilog Brand --,-- No DIB Brand --,U S Lumber (3073),U.S. Lumber,Trex,,543142016,,Building Materials>Decking & Railing>Composite Decking,"U.S. Lumber Trex, Composite Decking, 543142016",1NX6-16' CARMEL SQ EDGE - TREX TRANSCEND LINEAGE DECKING,Trex 543142016 Composite Decking,1nx6-16' Carmel Sq Edge - Trex Transcend Lineage Decking,Trex 543142016 Composite Decking,,,,,,,,,,,,,,,,,,,,,,,,,,,Composite Decking,,,,,,,,,,,,,,,,,,,,,,,,,,,,,,,,,,,,,,,,,,,,,,,,,,,,,,,,,,,,,,,,,,,,,,,,,,,,,,,,,,,,,,,,,,,,,,,,,,,,,,,,,,,,,,,,,,,,,,,,,,,,,,,,,,,,,,,,,,,,,,,,,,,,,,,,,,,,,,,,,,,,,,,,,,,,,,,,,,,,,,,,,,,,,,,,,,,,,
,,,,,,543142020,Building Materials,Decking & Railing,Composite Decking,543142020,543142020,1nx6-20' Carmel Sq Edge - Trex Transcend Lineage Decking,TREX,-- No Unilog Brand --,-- No DIB Brand --,U S Lumber (3073),U.S. Lumber,Trex,,543142020,,Building Materials>Decking & Railing>Composite Decking,"U.S. Lumber Trex, Composite Decking, 543142020",1NX6-20' CARMEL SQ EDGE - TREX TRANSCEND LINEAGE DECKING,Trex 543142020 Composite Decking,1nx6-20' Carmel Sq Edge - Trex Transcend Lineage Decking,Trex 543142020 Composite Decking,,,,,,,,,,,,,,,,,,,,,,,,,,,Composite Decking,,,,,,,,,,,,,,,,,,,,,,,,,,,,,,,,,,,,,,,,,,,,,,,,,,,,,,,,,,,,,,,,,,,,,,,,,,,,,,,,,,,,,,,,,,,,,,,,,,,,,,,,,,,,,,,,,,,,,,,,,,,,,,,,,,,,,,,,,,,,,,,,,,,,,,,,,,,,,,,,,,,,,,,,,,,,,,,,,,,,,,,,,,,,,,,,,,,,,
,,,,,,543144016,Building Materials,Decking & Railing,Composite Decking,543144016,543144016,1nx6-16' Island Mist Sq Edge - Trex Transcend Lineage Decking,TREX,-- No Unilog Brand --,-- No DIB Brand --,U S Lumber (3073),U.S. Lumber,Trex,,543144016,,Building Materials>Decking & Railing>Composite Decking,"U.S. Lumber Trex, Composite Decking, 543144016",1NX6-16' ISLAND MIST SQ EDGE - TREX TRANSCEND LINEAGE DECKING,Trex 543144016 Composite Decking,1nx6-16' Island Mist Sq Edge - Trex Transcend Lineage Decking,Trex 543144016 Composite Decking,,,,,,,,,,,,,,,,,,,,,,,,,,,Composite Decking,,,,,,,,,,,,,,,,,,,,,,,,,,,,,,,,,,,,,,,,,,,,,,,,,,,,,,,,,,,,,,,,,,,,,,,,,,,,,,,,,,,,,,,,,,,,,,,,,,,,,,,,,,,,,,,,,,,,,,,,,,,,,,,,,,,,,,,,,,,,,,,,,,,,,,,,,,,,,,,,,,,,,,,,,,,,,,,,,,,,,,,,,,,,,,,,,,,,,
,,,,,,543144020,Building Materials,Decking & Railing,Composite Decking,543144020,543144020,1nx6-20' Island Mist Sq Edge - Trex Transcend Lineage Decking,TREX,-- No Unilog Brand --,-- No DIB Brand --,U S Lumber (3073),U.S. Lumber,Trex,,543144020,,Building Materials>Decking & Railing>Composite Decking,"U.S. Lumber Trex, Composite Decking, 543144020",1NX6-20' ISLAND MIST SQ EDGE - TREX TRANSCEND LINEAGE DECKING,Trex 543144020 Composite Decking,1nx6-20' Island Mist Sq Edge - Trex Transcend Lineage Decking,Trex 543144020 Composite Decking,,,,,,,,,,,,,,,,,,,,,,,,,,,Composite Decking,,,,,,,,,,,,,,,,,,,,,,,,,,,,,,,,,,,,,,,,,,,,,,,,,,,,,,,,,,,,,,,,,,,,,,,,,,,,,,,,,,,,,,,,,,,,,,,,,,,,,,,,,,,,,,,,,,,,,,,,,,,,,,,,,,,,,,,,,,,,,,,,,,,,,,,,,,,,,,,,,,,,,,,,,,,,,,,,,,,,,,,,,,,,,,,,,,,,,
,,,,,,543143016,Building Materials,Decking & Railing,Composite Decking,543143016,543143016,1nx6-16' Jasper Sq Edge - Trex Transcend Lineage Decking,TREX,-- No Unilog Brand --,-- No DIB Brand --,U S Lumber (3073),U.S. Lumber,Trex,,543143016,,Building Materials>Decking & Railing>Composite Decking,"U.S. Lumber Trex, Composite Decking, 543143016",1NX6-16' JASPER SQ EDGE - TREX TRANSCEND LINEAGE DECKING,Trex 543143016 Composite Decking,1nx6-16' Jasper Sq Edge - Trex Transcend Lineage Decking,Trex 543143016 Composite Decking,,,,,,,,,,,,,,,,,,,,,,,,,,,Composite Decking,,,,,,,,,,,,,,,,,,,,,,,,,,,,,,,,,,,,,,,,,,,,,,,,,,,,,,,,,,,,,,,,,,,,,,,,,,,,,,,,,,,,,,,,,,,,,,,,,,,,,,,,,,,,,,,,,,,,,,,,,,,,,,,,,,,,,,,,,,,,,,,,,,,,,,,,,,,,,,,,,,,,,,,,,,,,,,,,,,,,,,,,,,,,,,,,,,,,,
,,,,,,543143020,Building Materials,Decking & Railing,Composite Decking,543143020,543143020,1nx6-20' Jasper Sq Edge - Trex Transcend Lineage Decking,TREX,-- No Unilog Brand --,-- No DIB Brand --,U S Lumber (3073),Whirlpool Corporation,Whirlpool®,,WDTS7024RZ,,Appliances & Consumer Electronics>Kitchen Appliances>Built-In Dishwashers,"Whirlpool, Dishwasher, Eco Series, W",1NX6-20' JASPER SQ EDGE - TREX TRANSCEND LINEAGE DECKING,Whirlpool® 543143020 Composite Decking,1nx6-20' Jasper Sq Edge - Trex Transcend Lineage Decking,Whirlpool® 543143020 Composite Decking,,,,,,,,,,,,,,,,,,,,,,,,,,,Composite Decking,,,,,,,,,,,,,,,,,,,,,,,,,,,,,,,,,,,,,,,,,,,,,,,,,,,,,,,,,,,,,,,,,,,,,,,,,,,,,,,,,,,,,,,,,,,,,,,,,,,,,,,,,,,,,,,,,,,,,,,,,,,,,,,,,,,,,,,,,,,,,,,,,,,,,,,,,,,,,,,,,,,,,,,,,,,,,,,,,,,,,,,,,,,,,,,,,,,,,
,,,,,,543141016,Building Materials,Decking & Railing,Composite Decking,543141016,543141016,1nx6-16' Rainier Sq Edge - Trex Transcend Lineage Decking,TREX,-- No Unilog Brand --,-- No DIB Brand --,U S Lumber (3073),U.S. Lumber,Trex,,543141016,,Building Materials>Decking & Railing>Composite Decking,"U.S. Lumber Trex, Composite Decking, 543141016",1NX6-16' RAINIER SQ EDGE - TREX TRANSCEND LINEAGE DECKING,Trex 543141016 Composite Decking,1nx6-16' Rainier Sq Edge - Trex Transcend Lineage Decking,Trex 543141016 Composite Decking,,,,,,,,,,,,,,,,,,,,,,,,,,,Composite Decking,,,,,,,,,,,,,,,,,,,,,,,,,,,,,,,,,,,,,,,,,,,,,,,,,,,,,,,,,,,,,,,,,,,,,,,,,,,,,,,,,,,,,,,,,,,,,,,,,,,,,,,,,,,,,,,,,,,,,,,,,,,,,,,,,,,,,,,,,,,,,,,,,,,,,,,,,,,,,,,,,,,,,,,,,,,,,,,,,,,,,,,,,,,,,,,,,,,,,
,,,,,,543141020,Building Materials,Decking & Railing,Composite Decking,543141020,543141020,1nx6-20' Rainier Sq Edge - Trex Transcend Lineage Decking,TREX,-- No Unilog Brand --,-- No DIB Brand --,U S Lumber (3073),U.S. Lumber,Trex,,543141020,,Building Materials>Decking & Railing>Composite Decking,"U.S. Lumber Trex, Composite Decking, 543141020",1NX6-20' RAINIER SQ EDGE - TREX TRANSCEND LINEAGE DECKING,Trex 543141020 Composite Decking,1nx6-20' Rainier Sq Edge - Trex Transcend Lineage Decking,Trex 543141020 Composite Decking,,,,,,,,,,,,,,,,,,,,,,,,,,,Composite Decking,,,,,,,,,,,,,,,,,,,,,,,,,,,,,,,,,,,,,,,,,,,,,,,,,,,,,,,,,,,,,,,,,,,,,,,,,,,,,,,,,,,,,,,,,,,,,,,,,,,,,,,,,,,,,,,,,,,,,,,,,,,,,,,,,,,,,,,,,,,,,,,,,,,,,,,,,,,,,,,,,,,,,,,,,,,,,,,,,,,,,,,,,,,,,,,,,,,,,
,,,,,,543140412,Building Materials,Decking & Railing,Composite Decking,543140412,543140412,1nx6-12' Biscayne Grooved - Trex Transcend Lineage Decking,TREX,-- No Unilog Brand --,-- No DIB Brand --,U S Lumber (3073),U.S. Lumber,Trex,,543140412,,Building Materials>Decking & Railing>Composite Decking,"U.S. Lumber Trex, Composite Decking, 543140412",1NX6-12' BISCAYNE GROOVED - TREX TRANSCEND LINEAGE DECKING,Trex 543140412 Composite Decking,1nx6-12' Biscayne Grooved - Trex Transcend Lineage Decking,Trex 543140412 Composite Decking,,,,,,,,,,,,,,,,,,,,,,,,,,,Composite Decking,,,,,,,,,,,,,,,,,,,,,,,,,,,,,,,,,,,,,,,,,,,,,,,,,,,,,,,,,,,,,,,,,,,,,,,,,,,,,,,,,,,,,,,,,,,,,,,,,,,,,,,,,,,,,,,,,,,,,,,,,,,,,,,,,,,,,,,,,,,,,,,,,,,,,,,,,,,,,,,,,,,,,,,,,,,,,,,,,,,,,,,,,,,,,,,,,,,,,
,,,,,,543140416,Building Materials,Decking & Railing,Composite Decking,543140416,543140416,1nx6-16' Biscayne Grooved - Trex Transcend Lineage Decking,TREX,-- No Unilog Brand --,-- No DIB Brand --,U S Lumber (3073),U.S. Lumber,Trex,,543140416,,Building Materials>Decking & Railing>Composite Decking,"U.S. Lumber Trex, Composite Decking, 543140416",1NX6-16' BISCAYNE GROOVED - TREX TRANSCEND LINEAGE DECKING,Trex 543140416 Composite Decking,1nx6-16' Biscayne Grooved - Trex Transcend Lineage Decking,Trex 543140416 Composite Decking,,,,,,,,,,,,,,,,,,,,,,,,,,,Composite Decking,,,,,,,,,,,,,,,,,,,,,,,,,,,,,,,,,,,,,,,,,,,,,,,,,,,,,,,,,,,,,,,,,,,,,,,,,,,,,,,,,,,,,,,,,,,,,,,,,,,,,,,,,,,,,,,,,,,,,,,,,,,,,,,,,,,,,,,,,,,,,,,,,,,,,,,,,,,,,,,,,,,,,,,,,,,,,,,,,,,,,,,,,,,,,,,,,,,,,
,,,,,,543140420,Building Materials,Decking & Railing,Composite Decking,543140420,543140420,1nx6-20' Biscayne Grooved - Trex Transcend Lineage Decking,TREX,-- No Unilog Brand --,-- No DIB Brand --,U S Lumber (3073),U.S. Lumber,Trex,,543140420,,Building Materials>Decking & Railing>Composite Decking,"U.S. Lumber Trex, Composite Decking, 543140420",1NX6-20' BISCAYNE GROOVED - TREX TRANSCEND LINEAGE DECKING,Trex 543140420 Composite Decking,1nx6-20' Biscayne Grooved - Trex Transcend Lineage Decking,Trex 543140420 Composite Decking,,,,,,,,,,,,,,,,,,,,,,,,,,,Composite Decking,,,,,,,,,,,,,,,,,,,,,,,,,,,,,,,,,,,,,,,,,,,,,,,,,,,,,,,,,,,,,,,,,,,,,,,,,,,,,,,,,,,,,,,,,,,,,,,,,,,,,,,,,,,,,,,,,,,,,,,,,,,,,,,,,,,,,,,,,,,,,,,,,,,,,,,,,,,,,,,,,,,,,,,,,,,,,,,,,,,,,,,,,,,,,,,,,,,,,
,,,,,,543142412,Building Materials,Decking & Railing,Composite Decking,543142412,543142412,1nx6-12' Carmel Grooved - Trex Transcend Lineage Decking,TREX,-- No Unilog Brand --,-- No DIB Brand --,U S Lumber (3073),U.S. Lumber,Trex,,543142412,,Building Materials>Decking & Railing>Composite Decking,"U.S. Lumber Trex, Composite Decking, 543142412",1NX6-12' CARMEL GROOVED - TREX TRANSCEND LINEAGE DECKING,Trex 543142412 Composite Decking,1nx6-12' Carmel Grooved - Trex Transcend Lineage Decking,Trex 543142412 Composite Decking,,,,,,,,,,,,,,,,,,,,,,,,,,,Composite Decking,,,,,,,,,,,,,,,,,,,,,,,,,,,,,,,,,,,,,,,,,,,,,,,,,,,,,,,,,,,,,,,,,,,,,,,,,,,,,,,,,,,,,,,,,,,,,,,,,,,,,,,,,,,,,,,,,,,,,,,,,,,,,,,,,,,,,,,,,,,,,,,,,,,,,,,,,,,,,,,,,,,,,,,,,,,,,,,,,,,,,,,,,,,,,,,,,,,,,
,,,,,,543142416,Building Materials,Decking & Railing,Composite Decking,543142416,543142416,1nx6-16' Carmel Grooved - Trex Transcend Lineage Decking,TREX,-- No Unilog Brand --,-- No DIB Brand --,U S Lumber (3073),U.S. Lumber,Trex,,543142416,,Building Materials>Decking & Railing>Composite Decking,"U.S. Lumber Trex, Composite Decking, 543142416",1NX6-16' CARMEL GROOVED - TREX TRANSCEND LINEAGE DECKING,Trex 543142416 Composite Decking,1nx6-16' Carmel Grooved - Trex Transcend Lineage Decking,Trex 543142416 Composite Decking,,,,,,,,,,,,,,,,,,,,,,,,,,,Composite Decking,,,,,,,,,,,,,,,,,,,,,,,,,,,,,,,,,,,,,,,,,,,,,,,,,,,,,,,,,,,,,,,,,,,,,,,,,,,,,,,,,,,,,,,,,,,,,,,,,,,,,,,,,,,,,,,,,,,,,,,,,,,,,,,,,,,,,,,,,,,,,,,,,,,,,,,,,,,,,,,,,,,,,,,,,,,,,,,,,,,,,,,,,,,,,,,,,,,,,
,,,,,,543142420,Building Materials,Decking & Railing,Composite Decking,543142420,543142420,1nx6-20' Carmel Grooved - Trex Transcend Lineage Decking,TREX,-- No Unilog Brand --,-- No DIB Brand --,U S Lumber (3073),U.S. Lumber,Trex,,543142420,,Building Materials>Decking & Railing>Composite Decking,"U.S. Lumber Trex, Composite Decking, 543142420",1NX6-20' CARMEL GROOVED - TREX TRANSCEND LINEAGE DECKING,Trex 543142420 Composite Decking,1nx6-20' Carmel Grooved - Trex Transcend Lineage Decking,Trex 543142420 Composite Decking,,,,,,,,,,,,,,,,,,,,,,,,,,,Composite Decking,,,,,,,,,,,,,,,,,,,,,,,,,,,,,,,,,,,,,,,,,,,,,,,,,,,,,,,,,,,,,,,,,,,,,,,,,,,,,,,,,,,,,,,,,,,,,,,,,,,,,,,,,,,,,,,,,,,,,,,,,,,,,,,,,,,,,,,,,,,,,,,,,,,,,,,,,,,,,,,,,,,,,,,,,,,,,,,,,,,,,,,,,,,,,,,,,,,,,
,,,,,,543144412,Building Materials,Decking & Railing,Composite Decking,543144412,543144412,1nx6-12' Island Mist Grooved - Trex Transcend Lineage Decking,TREX,-- No Unilog Brand --,-- No DIB Brand --,U S Lumber (3073),U.S. Lumber,Trex,,543144412,,Building Materials>Decking & Railing>Composite Decking,"U.S. Lumber Trex, Composite Decking, 543144412",1NX6-12' ISLAND MIST GROOVED - TREX TRANSCEND LINEAGE DECKING,Trex 543144412 Composite Decking,1nx6-12' Island Mist Grooved - Trex Transcend Lineage Decking,Trex 543144412 Composite Decking,,,,,,,,,,,,,,,,,,,,,,,,,,,Composite Decking,,,,,,,,,,,,,,,,,,,,,,,,,,,,,,,,,,,,,,,,,,,,,,,,,,,,,,,,,,,,,,,,,,,,,,,,,,,,,,,,,,,,,,,,,,,,,,,,,,,,,,,,,,,,,,,,,,,,,,,,,,,,,,,,,,,,,,,,,,,,,,,,,,,,,,,,,,,,,,,,,,,,,,,,,,,,,,,,,,,,,,,,,,,,,,,,,,,,,
,,,,,,543144416,Building Materials,Decking & Railing,Composite Decking,543144416,543144416,1nx6-16' Island Mist Grooved - Trex Transcend Lineage Decking,TREX,-- No Unilog Brand --,-- No DIB Brand --,U S Lumber (3073),U.S. Lumber,Trex,,543144416,,Building Materials>Decking & Railing>Composite Decking,"U.S. Lumber Trex, Composite Decking, 543144416",1NX6-16' ISLAND MIST GROOVED - TREX TRANSCEND LINEAGE DECKING,Trex 543144416 Composite Decking,1nx6-16' Island Mist Grooved - Trex Transcend Lineage Decking,Trex 543144416 Composite Decking,,,,,,,,,,,,,,,,,,,,,,,,,,,Composite Decking,,,,,,,,,,,,,,,,,,,,,,,,,,,,,,,,,,,,,,,,,,,,,,,,,,,,,,,,,,,,,,,,,,,,,,,,,,,,,,,,,,,,,,,,,,,,,,,,,,,,,,,,,,,,,,,,,,,,,,,,,,,,,,,,,,,,,,,,,,,,,,,,,,,,,,,,,,,,,,,,,,,,,,,,,,,,,,,,,,,,,,,,,,,,,,,,,,,,,
,,,,,,543144420,Building Materials,Decking & Railing,Composite Decking,543144420,543144420,1nx6-20' Island Mist Grooved - Trex Transcend Lineage Decking,TREX,-- No Unilog Brand --,-- No DIB Brand --,U S Lumber (3073),U.S. Lumber,Trex,,543144420,,Building Materials>Decking & Railing>Composite Decking,"U.S. Lumber Trex, Composite Decking, 543144420",1NX6-20' ISLAND MIST GROOVED - TREX TRANSCEND LINEAGE DECKING,Trex 543144420 Composite Decking,1nx6-20' Island Mist Grooved - Trex Transcend Lineage Decking,Trex 543144420 Composite Decking,,,,,,,,,,,,,,,,,,,,,,,,,,,Composite Decking,,,,,,,,,,,,,,,,,,,,,,,,,,,,,,,,,,,,,,,,,,,,,,,,,,,,,,,,,,,,,,,,,,,,,,,,,,,,,,,,,,,,,,,,,,,,,,,,,,,,,,,,,,,,,,,,,,,,,,,,,,,,,,,,,,,,,,,,,,,,,,,,,,,,,,,,,,,,,,,,,,,,,,,,,,,,,,,,,,,,,,,,,,,,,,,,,,,,,
,,,,,,543143412,Building Materials,Decking & Railing,Composite Decking,543143412,543143412,1nx6-12' Jasper Grooved - Trex Transcend Lineage Decking,TREX,-- No Unilog Brand --,-- No DIB Brand --,U S Lumber (3073),Whirlpool Corporation,Whirlpool®,,WDTS7024RZ,,Appliances & Consumer Electronics>Kitchen Appliances>Built-In Dishwashers,"Whirlpool, Dishwasher, Eco Series, W",1NX6-12' JASPER GROOVED - TREX TRANSCEND LINEAGE DECKING,Whirlpool® 543143412 Composite Decking,1nx6-12' Jasper Grooved - Trex Transcend Lineage Decking,Whirlpool® 543143412 Composite Decking,,,,,,,,,,,,,,,,,,,,,,,,,,,Composite Decking,,,,,,,,,,,,,,,,,,,,,,,,,,,,,,,,,,,,,,,,,,,,,,,,,,,,,,,,,,,,,,,,,,,,,,,,,,,,,,,,,,,,,,,,,,,,,,,,,,,,,,,,,,,,,,,,,,,,,,,,,,,,,,,,,,,,,,,,,,,,,,,,,,,,,,,,,,,,,,,,,,,,,,,,,,,,,,,,,,,,,,,,,,,,,,,,,,,,,
,,,,,,543143416,Building Materials,Decking & Railing,Composite Decking,543143416,543143416,1nx6-16' Jasper Grooved - Trex Transcend Lineage Decking,TREX,-- No Unilog Brand --,-- No DIB Brand --,U S Lumber (3073),U.S. Lumber,Trex,,543143416,,Building Materials>Decking & Railing>Composite Decking,"U.S. Lumber Trex, Composite Decking, 543143416",1NX6-16' JASPER GROOVED - TREX TRANSCEND LINEAGE DECKING,Trex 543143416 Composite Decking,1nx6-16' Jasper Grooved - Trex Transcend Lineage Decking,Trex 543143416 Composite Decking,,,,,,,,,,,,,,,,,,,,,,,,,,,Composite Decking,,,,,,,,,,,,,,,,,,,,,,,,,,,,,,,,,,,,,,,,,,,,,,,,,,,,,,,,,,,,,,,,,,,,,,,,,,,,,,,,,,,,,,,,,,,,,,,,,,,,,,,,,,,,,,,,,,,,,,,,,,,,,,,,,,,,,,,,,,,,,,,,,,,,,,,,,,,,,,,,,,,,,,,,,,,,,,,,,,,,,,,,,,,,,,,,,,,,,
,,,,,,543143420,Building Materials,Decking & Railing,Composite Decking,543143420,543143420,1nx6-20' Jasper Grooved - Trex Transcend Lineage Decking,TREX,-- No Unilog Brand --,-- No DIB Brand --,U S Lumber (3073),U.S. Lumber,Trex,,543143420,,Building Materials>Decking & Railing>Composite Decking,"U.S. Lumber Trex, Composite Decking, 543143420",1NX6-20' JASPER GROOVED - TREX TRANSCEND LINEAGE DECKING,Trex 543143420 Composite Decking,1nx6-20' Jasper Grooved - Trex Transcend Lineage Decking,Trex 543143420 Composite Decking,,,,,,,,,,,,,,,,,,,,,,,,,,,Composite Decking,,,,,,,,,,,,,,,,,,,,,,,,,,,,,,,,,,,,,,,,,,,,,,,,,,,,,,,,,,,,,,,,,,,,,,,,,,,,,,,,,,,,,,,,,,,,,,,,,,,,,,,,,,,,,,,,,,,,,,,,,,,,,,,,,,,,,,,,,,,,,,,,,,,,,,,,,,,,,,,,,,,,,,,,,,,,,,,,,,,,,,,,,,,,,,,,,,,,,
,,,,,,543141412,Building Materials,Decking & Railing,Composite Decking,543141412,543141412,1nx6-12' Rainier Grooved - Trex Transcend Lineage Decking,TREX,-- No Unilog Brand --,-- No DIB Brand --,U S Lumber (3073),U.S. Lumber,Trex,,543141412,,Building Materials>Decking & Railing>Composite Decking,"U.S. Lumber Trex, Composite Decking, 543141412",1NX6-12' RAINIER GROOVED - TREX TRANSCEND LINEAGE DECKING,Trex 543141412 Composite Decking,1nx6-12' Rainier Grooved - Trex Transcend Lineage Decking,Trex 543141412 Composite Decking,,,,,,,,,,,,,,,,,,,,,,,,,,,Composite Decking,,,,,,,,,,,,,,,,,,,,,,,,,,,,,,,,,,,,,,,,,,,,,,,,,,,,,,,,,,,,,,,,,,,,,,,,,,,,,,,,,,,,,,,,,,,,,,,,,,,,,,,,,,,,,,,,,,,,,,,,,,,,,,,,,,,,,,,,,,,,,,,,,,,,,,,,,,,,,,,,,,,,,,,,,,,,,,,,,,,,,,,,,,,,,,,,,,,,,
,,,,,,543141416,Building Materials,Decking & Railing,Composite Decking,543141416,543141416,1nx6-16' Rainier Grooved - Trex Transcend Lineage Decking,TREX,-- No Unilog Brand --,-- No DIB Brand --,U S Lumber (3073),U.S. Lumber,Trex,,543141416,,Building Materials>Decking & Railing>Composite Decking,"U.S. Lumber Trex, Composite Decking, 543141416",1NX6-16' RAINIER GROOVED - TREX TRANSCEND LINEAGE DECKING,Trex 543141416 Composite Decking,1nx6-16' Rainier Grooved - Trex Transcend Lineage Decking,Trex 543141416 Composite Decking,,,,,,,,,,,,,,,,,,,,,,,,,,,Composite Decking,,,,,,,,,,,,,,,,,,,,,,,,,,,,,,,,,,,,,,,,,,,,,,,,,,,,,,,,,,,,,,,,,,,,,,,,,,,,,,,,,,,,,,,,,,,,,,,,,,,,,,,,,,,,,,,,,,,,,,,,,,,,,,,,,,,,,,,,,,,,,,,,,,,,,,,,,,,,,,,,,,,,,,,,,,,,,,,,,,,,,,,,,,,,,,,,,,,,,
,,,,,,543141420,Building Materials,Decking & Railing,Composite Decking,543141420,543141420,1nx6-20' Rainier Grooved - Trex Transcend Lineage Decking,TREX,-- No Unilog Brand --,-- No DIB Brand --,U S Lumber (3073),U.S. Lumber,Trex,,543141420,,Building Materials>Decking & Railing>Composite Decking,"U.S. Lumber Trex, Composite Decking, 543141420",1NX6-20' RAINIER GROOVED - TREX TRANSCEND LINEAGE DECKING,Trex 543141420 Composite Decking,1nx6-20' Rainier Grooved - Trex Transcend Lineage Decking,Trex 543141420 Composite Decking,,,,,,,,,,,,,,,,,,,,,,,,,,,Composite Decking,,,,,,,,,,,,,,,,,,,,,,,,,,,,,,,,,,,,,,,,,,,,,,,,,,,,,,,,,,,,,,,,,,,,,,,,,,,,,,,,,,,,,,,,,,,,,,,,,,,,,,,,,,,,,,,,,,,,,,,,,,,,,,,,,,,,,,,,,,,,,,,,,,,,,,,,,,,,,,,,,,,,,,,,,,,,,,,,,,,,,,,,,,,,,,,,,,,,,
,,,,,,1513703,Building Materials,Decking & Railing,Composite Decking,1513703,1513703,1nx6-16' Hatteras Sq Edge - Trex Transcend Lineage Decking,TREX,-- No Unilog Brand --,-- No DIB Brand --,Boise Cascade Building Materials (BOICA),Boise Cascade,Trex,,1513703,,Building Materials>Decking & Railing>Composite Decking,"Boise Cascade Trex, Composite Decking, 1513703",1NX6-16' HATTERAS SQ EDGE - TREX TRANSCEND LINEAGE DECKING,Trex 1513703 Composite Decking,1nx6-16' Hatteras Sq Edge - Trex Transcend Lineage Decking,Trex 1513703 Composite Decking,,,,,,,,,,,,,,,,,,,,,,,,,,,Composite Decking,,,,,,,,,,,,,,,,,,,,,,,,,,,,,,,,,,,,,,,,,,,,,,,,,,,,,,,,,,,,,,,,,,,,,,,,,,,,,,,,,,,,,,,,,,,,,,,,,,,,,,,,,,,,,,,,,,,,,,,,,,,,,,,,,,,,,,,,,,,,,,,,,,,,,,,,,,,,,,,,,,,,,,,,,,,,,,,,,,,,,,,,,,,,,,,,,,,,,
,,,,,,1513704,Building Materials,Decking & Railing,Composite Decking,1513704,1513704,1nx6-20' Hatteras Sq Edge - Trex Transcend Lineage Decking,TREX,-- No Unilog Brand --,-- No DIB Brand --,Boise Cascade Building Materials (BOICA),Boise Cascade,Trex,,1513704,,Building Materials>Decking & Railing>Composite Decking,"Boise Cascade Trex, Composite Decking, 1513704",1NX6-20' HATTERAS SQ EDGE - TREX TRANSCEND LINEAGE DECKING,Trex 1513704 Composite Decking,1nx6-20' Hatteras Sq Edge - Trex Transcend Lineage Decking,Trex 1513704 Composite Decking,,,,,,,,,,,,,,,,,,,,,,,,,,,Composite Decking,,,,,,,,,,,,,,,,,,,,,,,,,,,,,,,,,,,,,,,,,,,,,,,,,,,,,,,,,,,,,,,,,,,,,,,,,,,,,,,,,,,,,,,,,,,,,,,,,,,,,,,,,,,,,,,,,,,,,,,,,,,,,,,,,,,,,,,,,,,,,,,,,,,,,,,,,,,,,,,,,,,,,,,,,,,,,,,,,,,,,,,,,,,,,,,,,,,,,
,,,,,,1513705,Building Materials,Decking & Railing,Composite Decking,1513705,1513705,1nx6-12' Hatteras Grooved - Trex Transcend Lineage Decking,TREX,-- No Unilog Brand --,-- No DIB Brand --,Boise Cascade Building Materials (BOICA),Boise Cascade,Trex,,1513705,,Building Materials>Decking & Railing>Composite Decking,"Boise Cascade Trex, Composite Decking, 1513705",1NX6-12' HATTERAS GROOVED - TREX TRANSCEND LINEAGE DECKING,Trex 1513705 Composite Decking,1nx6-12' Hatteras Grooved - Trex Transcend Lineage Decking,Trex 1513705 Composite Decking,,,,,,,,,,,,,,,,,,,,,,,,,,,Composite Decking,,,,,,,,,,,,,,,,,,,,,,,,,,,,,,,,,,,,,,,,,,,,,,,,,,,,,,,,,,,,,,,,,,,,,,,,,,,,,,,,,,,,,,,,,,,,,,,,,,,,,,,,,,,,,,,,,,,,,,,,,,,,,,,,,,,,,,,,,,,,,,,,,,,,,,,,,,,,,,,,,,,,,,,,,,,,,,,,,,,,,,,,,,,,,,,,,,,,,
,,,,,,1513706,Building Materials,Decking & Railing,Composite Decking,1513706,1513706,1nx6-16' Hatteras Grooved - Trex Transcend Lineage Decking,TREX,-- No Unilog Brand --,-- No DIB Brand --,Boise Cascade Building Materials (BOICA),Boise Cascade,Trex,,1513706,,Building Materials>Decking & Railing>Composite Decking,"Boise Cascade Trex, Composite Decking, 1513706",1NX6-16' HATTERAS GROOVED - TREX TRANSCEND LINEAGE DECKING,Trex 1513706 Composite Decking,1nx6-16' Hatteras Grooved - Trex Transcend Lineage Decking,Trex 1513706 Composite Decking,,,,,,,,,,,,,,,,,,,,,,,,,,,Composite Decking,,,,,,,,,,,,,,,,,,,,,,,,,,,,,,,,,,,,,,,,,,,,,,,,,,,,,,,,,,,,,,,,,,,,,,,,,,,,,,,,,,,,,,,,,,,,,,,,,,,,,,,,,,,,,,,,,,,,,,,,,,,,,,,,,,,,,,,,,,,,,,,,,,,,,,,,,,,,,,,,,,,,,,,,,,,,,,,,,,,,,,,,,,,,,,,,,,,,,
,,,,,,1513707,Building Materials,Decking & Railing,Composite Decking,1513707,1513707,1nx6-20' Hatteras Grooved - Trex Transcend Lineage Decking,TREX,-- No Unilog Brand --,-- No DIB Brand --,Boise Cascade Building Materials (BOICA),Boise Cascade,Trex,,1513707,,Building Materials>Decking & Railing>Composite Decking,"Boise Cascade Trex, Composite Decking, 1513707",1NX6-20' HATTERAS GROOVED - TREX TRANSCEND LINEAGE DECKING,Trex 1513707 Composite Decking,1nx6-20' Hatteras Grooved - Trex Transcend Lineage Decking,Trex 1513707 Composite Decking,,,,,,,,,,,,,,,,,,,,,,,,,,,Composite Decking,,,,,,,,,,,,,,,,,,,,,,,,,,,,,,,,,,,,,,,,,,,,,,,,,,,,,,,,,,,,,,,,,,,,,,,,,,,,,,,,,,,,,,,,,,,,,,,,,,,,,,,,,,,,,,,,,,,,,,,,,,,,,,,,,,,,,,,,,,,,,,,,,,,,,,,,,,,,,,,,,,,,,,,,,,,,,,,,,,,,,,,,,,,,,,,,,,,,,
,,,,,,1513708,Building Materials,Decking & Railing,Composite Decking,1513708,1513708,1nx6-16' Salt Flat Sq Edge - Trex Transcend Lineage Decking,TREX,-- No Unilog Brand --,-- No DIB Brand --,Boise Cascade Building Materials (BOICA),Boise Cascade,Trex,,1513708,,Building Materials>Decking & Railing>Composite Decking,"Boise Cascade Trex, Composite Decking, 1513708",1NX6-16' SALT FLAT SQ EDGE - TREX TRANSCEND LINEAGE DECKING,Trex 1513708 Composite Decking,1nx6-16' Salt Flat Sq Edge - Trex Transcend Lineage Decking,Trex 1513708 Composite Decking,,,,,,,,,,,,,,,,,,,,,,,,,,,Composite Decking,,,,,,,,,,,,,,,,,,,,,,,,,,,,,,,,,,,,,,,,,,,,,,,,,,,,,,,,,,,,,,,,,,,,,,,,,,,,,,,,,,,,,,,,,,,,,,,,,,,,,,,,,,,,,,,,,,,,,,,,,,,,,,,,,,,,,,,,,,,,,,,,,,,,,,,,,,,,,,,,,,,,,,,,,,,,,,,,,,,,,,,,,,,,,,,,,,,,,
,,,,,,1513709,Building Materials,Decking & Railing,Composite Decking,1513709,1513709,1nx6-20' Salt Flat Sq Edge - Trex Transcend Lineage Decking,TREX,-- No Unilog Brand --,-- No DIB Brand --,Boise Cascade Building Materials (BOICA),Boise Cascade,Trex,,1513709,,Building Materials>Decking & Railing>Composite Decking,"Boise Cascade Trex, Composite Decking, 1513709",1NX6-20' SALT FLAT SQ EDGE - TREX TRANSCEND LINEAGE DECKING,Trex 1513709 Composite Decking,1nx6-20' Salt Flat Sq Edge - Trex Transcend Lineage Decking,Trex 1513709 Composite Decking,,,,,,,,,,,,,,,,,,,,,,,,,,,Composite Decking,,,,,,,,,,,,,,,,,,,,,,,,,,,,,,,,,,,,,,,,,,,,,,,,,,,,,,,,,,,,,,,,,,,,,,,,,,,,,,,,,,,,,,,,,,,,,,,,,,,,,,,,,,,,,,,,,,,,,,,,,,,,,,,,,,,,,,,,,,,,,,,,,,,,,,,,,,,,,,,,,,,,,,,,,,,,,,,,,,,,,,,,,,,,,,,,,,,,,
,,,,,,1513710,Building Materials,Decking & Railing,Composite Decking,1513710,1513710,1nx6-12' Salt Flat Grooved - Trex Transcend Lineage Decking,TREX,-- No Unilog Brand --,-- No DIB Brand --,Boise Cascade Building Materials (BOICA),Boise Cascade,Trex,,1513710,,Building Materials>Decking & Railing>Composite Decking,"Boise Cascade Trex, Composite Decking, 1513710",1NX6-12' SALT FLAT GROOVED - TREX TRANSCEND LINEAGE DECKING,Trex 1513710 Composite Decking,1nx6-12' Salt Flat Grooved - Trex Transcend Lineage Decking,Trex 1513710 Composite Decking,,,,,,,,,,,,,,,,,,,,,,,,,,,Composite Decking,,,,,,,,,,,,,,,,,,,,,,,,,,,,,,,,,,,,,,,,,,,,,,,,,,,,,,,,,,,,,,,,,,,,,,,,,,,,,,,,,,,,,,,,,,,,,,,,,,,,,,,,,,,,,,,,,,,,,,,,,,,,,,,,,,,,,,,,,,,,,,,,,,,,,,,,,,,,,,,,,,,,,,,,,,,,,,,,,,,,,,,,,,,,,,,,,,,,,
,,,,,,1513711,Building Materials,Decking & Railing,Composite Decking,1513711,1513711,1nx6-16' Salt Flat Grooved - Trex Transcend Lineage Decking,TREX,-- No Unilog Brand --,-- No DIB Brand --,Boise Cascade Building Materials (BOICA),Boise Cascade,Trex,,1513711,,Building Materials>Decking & Railing>Composite Decking,"Boise Cascade Trex, Composite Decking, 1513711",1NX6-16' SALT FLAT GROOVED - TREX TRANSCEND LINEAGE DECKING,Trex 1513711 Composite Decking,1nx6-16' Salt Flat Grooved - Trex Transcend Lineage Decking,Trex 1513711 Composite Decking,,,,,,,,,,,,,,,,,,,,,,,,,,,Composite Decking,,,,,,,,,,,,,,,,,,,,,,,,,,,,,,,,,,,,,,,,,,,,,,,,,,,,,,,,,,,,,,,,,,,,,,,,,,,,,,,,,,,,,,,,,,,,,,,,,,,,,,,,,,,,,,,,,,,,,,,,,,,,,,,,,,,,,,,,,,,,,,,,,,,,,,,,,,,,,,,,,,,,,,,,,,,,,,,,,,,,,,,,,,,,,,,,,,,,,
,,,,,,1513712,Building Materials,Decking & Railing,Composite Decking,1513712,1513712,1nx6-20' Salt Flat Grooved - Trex Transcend Lineage Decking,TREX,-- No Unilog Brand --,-- No DIB Brand --,Boise Cascade Building Materials (BOICA),Boise Cascade,Trex,,1513712,,Building Materials>Decking & Railing>Composite Decking,"Boise Cascade Trex, Composite Decking, 1513712",1NX6-20' SALT FLAT GROOVED - TREX TRANSCEND LINEAGE DECKING,Trex 1513712 Composite Decking,1nx6-20' Salt Flat Grooved - Trex Transcend Lineage Decking,Trex 1513712 Composite Decking,,,,,,,,,,,,,,,,,,,,,,,,,,,Composite Decking,,,,,,,,,,,,,,,,,,,,,,,,,,,,,,,,,,,,,,,,,,,,,,,,,,,,,,,,,,,,,,,,,,,,,,,,,,,,,,,,,,,,,,,,,,,,,,,,,,,,,,,,,,,,,,,,,,,,,,,,,,,,,,,,,,,,,,,,,,,,,,,,,,,,,,,,,,,,,,,,,,,,,,,,,,,,,,,,,,,,,,,,,,,,,,,,,,,,,
,,,,,,1513717,Building Materials,Decking & Railing,Composite Decking,1513717,1513717,1nx6-16' Honey Grove Sq Edge - Trex Enhance Naturals Decking,TREX,-- No Unilog Brand --,-- No DIB Brand --,Boise Cascade Building Materials (BOICA),Boise Cascade,Trex,,1513717,,Building Materials>Decking & Railing>Composite Decking,"Boise Cascade Trex, Composite Decking, 1513717",1NX6-16' HONEY GROVE SQ EDGE - TREX ENHANCE NATURALS DECKING,Trex 1513717 Composite Decking,1nx6-16' Honey Grove Sq Edge - Trex Enhance Naturals Decking,Trex 1513717 Composite Decking,,,,,,,,,,,,,,,,,,,,,,,,,,,Composite Decking,,,,,,,,,,,,,,,,,,,,,,,,,,,,,,,,,,,,,,,,,,,,,,,,,,,,,,,,,,,,,,,,,,,,,,,,,,,,,,,,,,,,,,,,,,,,,,,,,,,,,,,,,,,,,,,,,,,,,,,,,,,,,,,,,,,,,,,,,,,,,,,,,,,,,,,,,,,,,,,,,,,,,,,,,,,,,,,,,,,,,,,,,,,,,,,,,,,,,
,,,,,,1513718,Building Materials,Decking & Railing,Composite Decking,1513718,1513718,1nx6-20' Honey Grove Sq Edge - Trex Enhance Naturals Decking,TREX,-- No Unilog Brand --,-- No DIB Brand --,Boise Cascade Building Materials (BOICA),Boise Cascade,Trex,,1513718,,Building Materials>Decking & Railing>Composite Decking,"Boise Cascade Trex, Composite Decking, 1513718",1NX6-20' HONEY GROVE SQ EDGE - TREX ENHANCE NATURALS DECKING,Trex 1513718 Composite Decking,1nx6-20' Honey Grove Sq Edge - Trex Enhance Naturals Decking,Trex 1513718 Composite Decking,,,,,,,,,,,,,,,,,,,,,,,,,,,Composite Decking,,,,,,,,,,,,,,,,,,,,,,,,,,,,,,,,,,,,,,,,,,,,,,,,,,,,,,,,,,,,,,,,,,,,,,,,,,,,,,,,,,,,,,,,,,,,,,,,,,,,,,,,,,,,,,,,,,,,,,,,,,,,,,,,,,,,,,,,,,,,,,,,,,,,,,,,,,,,,,,,,,,,,,,,,,,,,,,,,,,,,,,,,,,,,,,,,,,,,
,,,,,,1513719,Building Materials,Decking & Railing,Composite Decking,1513719,1513719,1nx6-12' Honey Grove Grooved - Trex Enhance Naturals Decking,TREX,-- No Unilog Brand --,-- No DIB Brand --,Boise Cascade Building Materials (BOICA),Boise Cascade,Trex,,1513719,,Building Materials>Decking & Railing>Composite Decking,"Boise Cascade Trex, Composite Decking, 1513719",1NX6-12' HONEY GROVE GROOVED - TREX ENHANCE NATURALS DECKING,Trex 1513719 Composite Decking,1nx6-12' Honey Grove Grooved - Trex Enhance Naturals Decking,Trex 1513719 Composite Decking,,,,,,,,,,,,,,,,,,,,,,,,,,,Composite Decking,,,,,,,,,,,,,,,,,,,,,,,,,,,,,,,,,,,,,,,,,,,,,,,,,,,,,,,,,,,,,,,,,,,,,,,,,,,,,,,,,,,,,,,,,,,,,,,,,,,,,,,,,,,,,,,,,,,,,,,,,,,,,,,,,,,,,,,,,,,,,,,,,,,,,,,,,,,,,,,,,,,,,,,,,,,,,,,,,,,,,,,,,,,,,,,,,,,,,
,,,,,,1513720,Building Materials,Decking & Railing,Composite Decking,1513720,1513720,1nx6-16' Honey Grove Grooved - Trex Enhance Naturals Decking,TREX,-- No Unilog Brand --,-- No DIB Brand --,Boise Cascade Building Materials (BOICA),Boise Cascade,Trex,,1513720,,Building Materials>Decking & Railing>Composite Decking,"Boise Cascade Trex, Composite Decking, 1513720",1NX6-16' HONEY GROVE GROOVED - TREX ENHANCE NATURALS DECKING,Trex 1513720 Composite Decking,1nx6-16' Honey Grove Grooved - Trex Enhance Naturals Decking,Trex 1513720 Composite Decking,,,,,,,,,,,,,,,,,,,,,,,,,,,Composite Decking,,,,,,,,,,,,,,,,,,,,,,,,,,,,,,,,,,,,,,,,,,,,,,,,,,,,,,,,,,,,,,,,,,,,,,,,,,,,,,,,,,,,,,,,,,,,,,,,,,,,,,,,,,,,,,,,,,,,,,,,,,,,,,,,,,,,,,,,,,,,,,,,,,,,,,,,,,,,,,,,,,,,,,,,,,,,,,,,,,,,,,,,,,,,,,,,,,,,,
,,,,,,1513721,Building Materials,Decking & Railing,Composite Decking,1513721,1513721,1nx6-20' Honey Grove Grooved - Trex Enhance Naturals Decking,TREX,-- No Unilog Brand --,-- No DIB Brand --,Boise Cascade Building Materials (BOICA),Boise Cascade,Trex,,1513721,,Building Materials>Decking & Railing>Composite Decking,"Boise Cascade Trex, Composite Decking, 1513721",1NX6-20' HONEY GROVE GROOVED - TREX ENHANCE NATURALS DECKING,Trex 1513721 Composite Decking,1nx6-20' Honey Grove Grooved - Trex Enhance Naturals Decking,Trex 1513721 Composite Decking,,,,,,,,,,,,,,,,,,,,,,,,,,,Composite Decking,,,,,,,,,,,,,,,,,,,,,,,,,,,,,,,,,,,,,,,,,,,,,,,,,,,,,,,,,,,,,,,,,,,,,,,,,,,,,,,,,,,,,,,,,,,,,,,,,,,,,,,,,,,,,,,,,,,,,,,,,,,,,,,,,,,,,,,,,,,,,,,,,,,,,,,,,,,,,,,,,,,,,,,,,,,,,,,,,,,,,,,,,,,,,,,,,,,,,
,,,,,,1513724,Building Materials,Decking & Railing,Composite Decking,1513724,1513724,1nx6-16' Tide Pool Sq Edge - Trex Enhance Basics Decking,TREX,-- No Unilog Brand --,-- No DIB Brand --,Boise Cascade Building Materials (BOICA),Boise Cascade,Trex,,1513724,,Building Materials>Decking & Railing>Composite Decking,"Boise Cascade Trex, Composite Decking, 1513724",1NX6-16' TIDE POOL SQ EDGE - TREX ENHANCE BASICS DECKING,Trex 1513724 Composite Decking,1nx6-16' Tide Pool Sq Edge - Trex Enhance Basics Decking,Trex 1513724 Composite Decking,,,,,,,,,,,,,,,,,,,,,,,,,,,Composite Decking,,,,,,,,,,,,,,,,,,,,,,,,,,,,,,,,,,,,,,,,,,,,,,,,,,,,,,,,,,,,,,,,,,,,,,,,,,,,,,,,,,,,,,,,,,,,,,,,,,,,,,,,,,,,,,,,,,,,,,,,,,,,,,,,,,,,,,,,,,,,,,,,,,,,,,,,,,,,,,,,,,,,,,,,,,,,,,,,,,,,,,,,,,,,,,,,,,,,,
,,,,,,1513725,Building Materials,Decking & Railing,Composite Decking,1513725,1513725,1nx6-20' Tide Pool Sq Edge - Trex Enhance Basics Decking,TREX,-- No Unilog Brand --,-- No DIB Brand --,Boise Cascade Building Materials (BOICA),Boise Cascade,Trex,,1513725,,Building Materials>Decking & Railing>Composite Decking,"Boise Cascade Trex, Composite Decking, 1513725",1NX6-20' TIDE POOL SQ EDGE - TREX ENHANCE BASICS DECKING,Trex 1513725 Composite Decking,1nx6-20' Tide Pool Sq Edge - Trex Enhance Basics Decking,Trex 1513725 Composite Decking,,,,,,,,,,,,,,,,,,,,,,,,,,,Composite Decking,,,,,,,,,,,,,,,,,,,,,,,,,,,,,,,,,,,,,,,,,,,,,,,,,,,,,,,,,,,,,,,,,,,,,,,,,,,,,,,,,,,,,,,,,,,,,,,,,,,,,,,,,,,,,,,,,,,,,,,,,,,,,,,,,,,,,,,,,,,,,,,,,,,,,,,,,,,,,,,,,,,,,,,,,,,,,,,,,,,,,,,,,,,,,,,,,,,,,
,,,,,,1513726,Building Materials,Decking & Railing,Composite Decking,1513726,1513726,1nx6-12' Tide Pool Grooved - Trex Enhance Basics Decking,TREX,-- No Unilog Brand --,-- No DIB Brand --,Boise Cascade Building Materials (BOICA),Boise Cascade,Trex,,1513726,,Building Materials>Decking & Railing>Composite Decking,"Boise Cascade Trex, Composite Decking, 1513726",1NX6-12' TIDE POOL GROOVED - TREX ENHANCE BASICS DECKING,Trex 1513726 Composite Decking,1nx6-12' Tide Pool Grooved - Trex Enhance Basics Decking,Trex 1513726 Composite Decking,,,,,,,,,,,,,,,,,,,,,,,,,,,Composite Decking,,,,,,,,,,,,,,,,,,,,,,,,,,,,,,,,,,,,,,,,,,,,,,,,,,,,,,,,,,,,,,,,,,,,,,,,,,,,,,,,,,,,,,,,,,,,,,,,,,,,,,,,,,,,,,,,,,,,,,,,,,,,,,,,,,,,,,,,,,,,,,,,,,,,,,,,,,,,,,,,,,,,,,,,,,,,,,,,,,,,,,,,,,,,,,,,,,,,,
,,,,,,1513727,Building Materials,Decking & Railing,Composite Decking,1513727,1513727,1nx6-16' Tide Pool Grooved - Trex Enhance Basics Decking,TREX,-- No Unilog Brand --,-- No DIB Brand --,Boise Cascade Building Materials (BOICA),Boise Cascade,Trex,,1513727,,Building Materials>Decking & Railing>Composite Decking,"Boise Cascade Trex, Composite Decking, 1513727",1NX6-16' TIDE POOL GROOVED - TREX ENHANCE BASICS DECKING,Trex 1513727 Composite Decking,1nx6-16' Tide Pool Grooved - Trex Enhance Basics Decking,Trex 1513727 Composite Decking,,,,,,,,,,,,,,,,,,,,,,,,,,,Composite Decking,,,,,,,,,,,,,,,,,,,,,,,,,,,,,,,,,,,,,,,,,,,,,,,,,,,,,,,,,,,,,,,,,,,,,,,,,,,,,,,,,,,,,,,,,,,,,,,,,,,,,,,,,,,,,,,,,,,,,,,,,,,,,,,,,,,,,,,,,,,,,,,,,,,,,,,,,,,,,,,,,,,,,,,,,,,,,,,,,,,,,,,,,,,,,,,,,,,,,
,,,,,,1513728,Building Materials,Decking & Railing,Composite Decking,1513728,1513728,1nx6-20' Tide Pool Grooved - Trex Enhance Basics Decking,TREX,-- No Unilog Brand --,-- No DIB Brand --,Boise Cascade Building Materials (BOICA),Boise Cascade,Trex,,1513728,,Building Materials>Decking & Railing>Composite Decking,"Boise Cascade Trex, Composite Decking, 1513728",1NX6-20' TIDE POOL GROOVED - TREX ENHANCE BASICS DECKING,Trex 1513728 Composite Decking,1nx6-20' Tide Pool Grooved - Trex Enhance Basics Decking,Trex 1513728 Composite Decking,,,,,,,,,,,,,,,,,,,,,,,,,,,Composite Decking,,,,,,,,,,,,,,,,,,,,,,,,,,,,,,,,,,,,,,,,,,,,,,,,,,,,,,,,,,,,,,,,,,,,,,,,,,,,,,,,,,,,,,,,,,,,,,,,,,,,,,,,,,,,,,,,,,,,,,,,,,,,,,,,,,,,,,,,,,,,,,,,,,,,,,,,,,,,,,,,,,,,,,,,,,,,,,,,,,,,,,,,,,,,,,,,,,,,,
,,,,,,543076016,Building Materials,Decking & Railing,Composite Decking,543076016,543076016,1nx6-16' Cinnamon Cove Sq Edge - Trex Enhance Naturals Decking,TREX,-- No Unilog Brand --,-- No DIB Brand --,Boise Cascade Building Materials (BOICA),Boise Cascade,Trex,,543076016,,Building Materials>Decking & Railing>Composite Decking,"Boise Cascade Trex, Composite Decking, 543076016",1NX6-16' CINNAMON COVE SQ EDGE - TREX ENHANCE NATURALS DECKING,Trex 543076016 Composite Decking,1nx6-16' Cinnamon Cove Sq Edge - Trex Enhance Naturals Decking,Trex 543076016 Composite Decking,,,,,,,,,,,,,,,,,,,,,,,,,,,Composite Decking,,,,,,,,,,,,,,,,,,,,,,,,,,,,,,,,,,,,,,,,,,,,,,,,,,,,,,,,,,,,,,,,,,,,,,,,,,,,,,,,,,,,,,,,,,,,,,,,,,,,,,,,,,,,,,,,,,,,,,,,,,,,,,,,,,,,,,,,,,,,,,,,,,,,,,,,,,,,,,,,,,,,,,,,,,,,,,,,,,,,,,,,,,,,,,,,,,,,,
,,,,,,543076020,Building Materials,Decking & Railing,Composite Decking,543076020,543076020,1nx6-20' Cinnamon Cove Sq Edge - Trex Enhance Naturals Decking,TREX,-- No Unilog Brand --,-- No DIB Brand --,Boise Cascade Building Materials (BOICA),Boise Cascade,Trex,,543076020,,Building Materials>Decking & Railing>Composite Decking,"Boise Cascade Trex, Composite Decking, 543076020",1NX6-20' CINNAMON COVE SQ EDGE - TREX ENHANCE NATURALS DECKING,Trex 543076020 Composite Decking,1nx6-20' Cinnamon Cove Sq Edge - Trex Enhance Naturals Decking,Trex 543076020 Composite Decking,,,,,,,,,,,,,,,,,,,,,,,,,,,Composite Decking,,,,,,,,,,,,,,,,,,,,,,,,,,,,,,,,,,,,,,,,,,,,,,,,,,,,,,,,,,,,,,,,,,,,,,,,,,,,,,,,,,,,,,,,,,,,,,,,,,,,,,,,,,,,,,,,,,,,,,,,,,,,,,,,,,,,,,,,,,,,,,,,,,,,,,,,,,,,,,,,,,,,,,,,,,,,,,,,,,,,,,,,,,,,,,,,,,,,,
,,,,,,543076412,Building Materials,Decking & Railing,Composite Decking,543076412,543076412,1nx6-12' Cinnamon Cove Grooved - Trex Enhance Naturals Decking,TREX,-- No Unilog Brand --,-- No DIB Brand --,Boise Cascade Building Materials (BOICA),Boise Cascade,Trex,,543076412,,Building Materials>Decking & Railing>Composite Decking,"Boise Cascade Trex, Composite Decking, 543076412",1NX6-12' CINNAMON COVE GROOVED - TREX ENHANCE NATURALS DECKING,Trex 543076412 Composite Decking,1nx6-12' Cinnamon Cove Grooved - Trex Enhance Naturals Decking,Trex 543076412 Composite Decking,,,,,,,,,,,,,,,,,,,,,,,,,,,Composite Decking,,,,,,,,,,,,,,,,,,,,,,,,,,,,,,,,,,,,,,,,,,,,,,,,,,,,,,,,,,,,,,,,,,,,,,,,,,,,,,,,,,,,,,,,,,,,,,,,,,,,,,,,,,,,,,,,,,,,,,,,,,,,,,,,,,,,,,,,,,,,,,,,,,,,,,,,,,,,,,,,,,,,,,,,,,,,,,,,,,,,,,,,,,,,,,,,,,,,,
,,,,,,543076416,Building Materials,Decking & Railing,Composite Decking,543076416,543076416,1nx6-16' Cinnamon Cove Grooved - Trex Enhance Naturals Decking,TREX,-- No Unilog Brand --,-- No DIB Brand --,Boise Cascade Building Materials (BOICA),Boise Cascade,Trex,,543076416,,Building Materials>Decking & Railing>Composite Decking,"Boise Cascade Trex, Composite Decking, 543076416",1NX6-16' CINNAMON COVE GROOVED - TREX ENHANCE NATURALS DECKING,Trex 543076416 Composite Decking,1nx6-16' Cinnamon Cove Grooved - Trex Enhance Naturals Decking,Trex 543076416 Composite Decking,,,,,,,,,,,,,,,,,,,,,,,,,,,Composite Decking,,,,,,,,,,,,,,,,,,,,,,,,,,,,,,,,,,,,,,,,,,,,,,,,,,,,,,,,,,,,,,,,,,,,,,,,,,,,,,,,,,,,,,,,,,,,,,,,,,,,,,,,,,,,,,,,,,,,,,,,,,,,,,,,,,,,,,,,,,,,,,,,,,,,,,,,,,,,,,,,,,,,,,,,,,,,,,,,,,,,,,,,,,,,,,,,,,,,,
,,,,,,543076420,Building Materials,Decking & Railing,Composite Decking,543076420,543076420,1nx6-20' Cinnamon Cove Grooved - Trex Enhance Naturals Decking,TREX,-- No Unilog Brand --,-- No DIB Brand --,Boise Cascade Building Materials (BOICA),Boise Cascade,Trex,,543076420,,Building Materials>Decking & Railing>Composite Decking,"Boise Cascade Trex, Composite Decking, 543076420",1NX6-20' CINNAMON COVE GROOVED - TREX ENHANCE NATURALS DECKING,Trex 543076420 Composite Decking,1nx6-20' Cinnamon Cove Grooved - Trex Enhance Naturals Decking,Trex 543076420 Composite Decking,,,,,,,,,,,,,,,,,,,,,,,,,,,Composite Decking,,,,,,,,,,,,,,,,,,,,,,,,,,,,,,,,,,,,,,,,,,,,,,,,,,,,,,,,,,,,,,,,,,,,,,,,,,,,,,,,,,,,,,,,,,,,,,,,,,,,,,,,,,,,,,,,,,,,,,,,,,,,,,,,,,,,,,,,,,,,,,,,,,,,,,,,,,,,,,,,,,,,,,,,,,,,,,,,,,,,,,,,,,,,,,,,,,,,,
,,,,,,1516870,Building Materials,Decking & Railing,Composite Decking,1516870,1516870,1nx6-16' Golden Hour Sq Edge - Trex Enhance Naturals Decking,TREX,-- No Unilog Brand --,-- No DIB Brand --,Boise Cascade Building Materials (BOICA),Boise Cascade,Trex,,1516870,,Building Materials>Decking & Railing>Composite Decking,"Boise Cascade Trex, Composite Decking, 1516870",1NX6-16' GOLDEN HOUR SQ EDGE - TREX ENHANCE NATURALS DECKING,Trex 1516870 Composite Decking,1nx6-16' Golden Hour Sq Edge - Trex Enhance Naturals Decking,Trex 1516870 Composite Decking,,,,,,,,,,,,,,,,,,,,,,,,,,,Composite Decking,,,,,,,,,,,,,,,,,,,,,,,,,,,,,,,,,,,,,,,,,,,,,,,,,,,,,,,,,,,,,,,,,,,,,,,,,,,,,,,,,,,,,,,,,,,,,,,,,,,,,,,,,,,,,,,,,,,,,,,,,,,,,,,,,,,,,,,,,,,,,,,,,,,,,,,,,,,,,,,,,,,,,,,,,,,,,,,,,,,,,,,,,,,,,,,,,,,,,
,,,,,,1516871,Building Materials,Decking & Railing,Composite Decking,1516871,1516871,1nx6-20' Golden Hour Sq Edge - Trex Enhance Naturals Decking,TREX,-- No Unilog Brand --,-- No DIB Brand --,Boise Cascade Building Materials (BOICA),Boise Cascade,Trex,,1516871,,Building Materials>Decking & Railing>Composite Decking,"Boise Cascade Trex, Composite Decking, 1516871",1NX6-20' GOLDEN HOUR SQ EDGE - TREX ENHANCE NATURALS DECKING,Trex 1516871 Composite Decking,1nx6-20' Golden Hour Sq Edge - Trex Enhance Naturals Decking,Trex 1516871 Composite Decking,,,,,,,,,,,,,,,,,,,,,,,,,,,Composite Decking,,,,,,,,,,,,,,,,,,,,,,,,,,,,,,,,,,,,,,,,,,,,,,,,,,,,,,,,,,,,,,,,,,,,,,,,,,,,,,,,,,,,,,,,,,,,,,,,,,,,,,,,,,,,,,,,,,,,,,,,,,,,,,,,,,,,,,,,,,,,,,,,,,,,,,,,,,,,,,,,,,,,,,,,,,,,,,,,,,,,,,,,,,,,,,,,,,,,,
,,,,,,1516872,Building Materials,Decking & Railing,Composite Decking,1516872,1516872,1nx6-12' Golden Hour Grooved - Trex Enhance Naturals Decking,TREX,-- No Unilog Brand --,-- No DIB Brand --,Boise Cascade Building Materials (BOICA),Boise Cascade,Trex,,1516872,,Building Materials>Decking & Railing>Composite Decking,"Boise Cascade Trex, Composite Decking, 1516872",1NX6-12' GOLDEN HOUR GROOVED - TREX ENHANCE NATURALS DECKING,Trex 1516872 Composite Decking,1nx6-12' Golden Hour Grooved - Trex Enhance Naturals Decking,Trex 1516872 Composite Decking,,,,,,,,,,,,,,,,,,,,,,,,,,,Composite Decking,,,,,,,,,,,,,,,,,,,,,,,,,,,,,,,,,,,,,,,,,,,,,,,,,,,,,,,,,,,,,,,,,,,,,,,,,,,,,,,,,,,,,,,,,,,,,,,,,,,,,,,,,,,,,,,,,,,,,,,,,,,,,,,,,,,,,,,,,,,,,,,,,,,,,,,,,,,,,,,,,,,,,,,,,,,,,,,,,,,,,,,,,,,,,,,,,,,,,
,,,,,,1516873,Building Materials,Decking & Railing,Composite Decking,1516873,1516873,1nx6-16' Golden Hour Grooved - Trex Enhance Naturals Decking,TREX,-- No Unilog Brand --,-- No DIB Brand --,Boise Cascade Building Materials (BOICA),Boise Cascade,Trex,,1516873,,Building Materials>Decking & Railing>Composite Decking,"Boise Cascade Trex, Composite Decking, 1516873",1NX6-16' GOLDEN HOUR GROOVED - TREX ENHANCE NATURALS DECKING,Trex 1516873 Composite Decking,1nx6-16' Golden Hour Grooved - Trex Enhance Naturals Decking,Trex 1516873 Composite Decking,,,,,,,,,,,,,,,,,,,,,,,,,,,Composite Decking,,,,,,,,,,,,,,,,,,,,,,,,,,,,,,,,,,,,,,,,,,,,,,,,,,,,,,,,,,,,,,,,,,,,,,,,,,,,,,,,,,,,,,,,,,,,,,,,,,,,,,,,,,,,,,,,,,,,,,,,,,,,,,,,,,,,,,,,,,,,,,,,,,,,,,,,,,,,,,,,,,,,,,,,,,,,,,,,,,,,,,,,,,,,,,,,,,,,,
,,,,,,1516874,Building Materials,Decking & Railing,Composite Decking,1516874,1516874,1nx6-20' Golden Hour Grooved - Trex Enhance Naturals Decking,TREX,-- No Unilog Brand --,-- No DIB Brand --,Boise Cascade Building Materials (BOICA),Boise Cascade,Trex,,1516874,,Building Materials>Decking & Railing>Composite Decking,"Boise Cascade Trex, Composite Decking, 1516874",1NX6-20' GOLDEN HOUR GROOVED - TREX ENHANCE NATURALS DECKING,Trex 1516874 Composite Decking,1nx6-20' Golden Hour Grooved - Trex Enhance Naturals Decking,Trex 1516874 Composite Decking,,,,,,,,,,,,,,,,,,,,,,,,,,,Composite Decking,,,,,,,,,,,,,,,,,,,,,,,,,,,,,,,,,,,,,,,,,,,,,,,,,,,,,,,,,,,,,,,,,,,,,,,,,,,,,,,,,,,,,,,,,,,,,,,,,,,,,,,,,,,,,,,,,,,,,,,,,,,,,,,,,,,,,,,,,,,,,,,,,,,,,,,,,,,,,,,,,,,,,,,,,,,,,,,,,,,,,,,,,,,,,,,,,,,,,
,,,,,,1516879,Building Materials,Decking & Railing,Composite Decking,1516879,1516879,1nx6-16' Pebble Beach Sq Edge - Trex Enhance Basics Decking,TREX,-- No Unilog Brand --,-- No DIB Brand --,Boise Cascade Building Materials (BOICA),Boise Cascade,Trex,,1516879,,Building Materials>Decking & Railing>Composite Decking,"Boise Cascade Trex, Composite Decking, 1516879",1NX6-16' PEBBLE BEACH SQ EDGE - TREX ENHANCE BASICS DECKING,Trex 1516879 Composite Decking,1nx6-16' Pebble Beach Sq Edge - Trex Enhance Basics Decking,Trex 1516879 Composite Decking,,,,,,,,,,,,,,,,,,,,,,,,,,,Composite Decking,,,,,,,,,,,,,,,,,,,,,,,,,,,,,,,,,,,,,,,,,,,,,,,,,,,,,,,,,,,,,,,,,,,,,,,,,,,,,,,,,,,,,,,,,,,,,,,,,,,,,,,,,,,,,,,,,,,,,,,,,,,,,,,,,,,,,,,,,,,,,,,,,,,,,,,,,,,,,,,,,,,,,,,,,,,,,,,,,,,,,,,,,,,,,,,,,,,,,
,,,,,,1516880,Building Materials,Decking & Railing,Composite Decking,1516880,1516880,1nx6-20' Pebble Beach Sq Edge - Trex Enhance Basics Decking,TREX,-- No Unilog Brand --,-- No DIB Brand --,Boise Cascade Building Materials (BOICA),Boise Cascade,Trex,,1516880,,Building Materials>Decking & Railing>Composite Decking,"Boise Cascade Trex, Composite Decking, 1516880",1NX6-20' PEBBLE BEACH SQ EDGE - TREX ENHANCE BASICS DECKING,Trex 1516880 Composite Decking,1nx6-20' Pebble Beach Sq Edge - Trex Enhance Basics Decking,Trex 1516880 Composite Decking,,,,,,,,,,,,,,,,,,,,,,,,,,,Composite Decking,,,,,,,,,,,,,,,,,,,,,,,,,,,,,,,,,,,,,,,,,,,,,,,,,,,,,,,,,,,,,,,,,,,,,,,,,,,,,,,,,,,,,,,,,,,,,,,,,,,,,,,,,,,,,,,,,,,,,,,,,,,,,,,,,,,,,,,,,,,,,,,,,,,,,,,,,,,,,,,,,,,,,,,,,,,,,,,,,,,,,,,,,,,,,,,,,,,,,
,,,,,,1516881,Building Materials,Decking & Railing,Composite Decking,1516881,1516881,1nx6-12' Pebble Beach Grooved - Trex Enhance Basics Decking,TREX,-- No Unilog Brand --,-- No DIB Brand --,Boise Cascade Building Materials (BOICA),Boise Cascade,Trex,,1516881,,Building Materials>Decking & Railing>Composite Decking,"Boise Cascade Trex, Composite Decking, 1516881",1NX6-12' PEBBLE BEACH GROOVED - TREX ENHANCE BASICS DECKING,Trex 1516881 Composite Decking,1nx6-12' Pebble Beach Grooved - Trex Enhance Basics Decking,Trex 1516881 Composite Decking,,,,,,,,,,,,,,,,,,,,,,,,,,,Composite Decking,,,,,,,,,,,,,,,,,,,,,,,,,,,,,,,,,,,,,,,,,,,,,,,,,,,,,,,,,,,,,,,,,,,,,,,,,,,,,,,,,,,,,,,,,,,,,,,,,,,,,,,,,,,,,,,,,,,,,,,,,,,,,,,,,,,,,,,,,,,,,,,,,,,,,,,,,,,,,,,,,,,,,,,,,,,,,,,,,,,,,,,,,,,,,,,,,,,,,
,,,,,,1516882,Building Materials,Decking & Railing,Composite Decking,1516882,1516882,1nx6-16' Pebble Beach Grooved - Trex Enhance Basics Decking,TREX,-- No Unilog Brand --,-- No DIB Brand --,Boise Cascade Building Materials (BOICA),Boise Cascade,Trex,,1516882,,Building Materials>Decking & Railing>Composite Decking,"Boise Cascade Trex, Composite Decking, 1516882",1NX6-16' PEBBLE BEACH GROOVED - TREX ENHANCE BASICS DECKING,Trex 1516882 Composite Decking,1nx6-16' Pebble Beach Grooved - Trex Enhance Basics Decking,Trex 1516882 Composite Decking,,,,,,,,,,,,,,,,,,,,,,,,,,,Composite Decking,,,,,,,,,,,,,,,,,,,,,,,,,,,,,,,,,,,,,,,,,,,,,,,,,,,,,,,,,,,,,,,,,,,,,,,,,,,,,,,,,,,,,,,,,,,,,,,,,,,,,,,,,,,,,,,,,,,,,,,,,,,,,,,,,,,,,,,,,,,,,,,,,,,,,,,,,,,,,,,,,,,,,,,,,,,,,,,,,,,,,,,,,,,,,,,,,,,,,
,,,,,,1516883,Building Materials,Decking & Railing,Composite Decking,1516883,1516883,1nx6-20' Pebble Beach Grooved - Trex Enhance Basics Decking,TREX,-- No Unilog Brand --,-- No DIB Brand --,Boise Cascade Building Materials (BOICA),Boise Cascade,Trex,,1516883,,Building Materials>Decking & Railing>Composite Decking,"Boise Cascade Trex, Composite Decking, 1516883",1NX6-20' PEBBLE BEACH GROOVED - TREX ENHANCE BASICS DECKING,Trex 1516883 Composite Decking,1nx6-20' Pebble Beach Grooved - Trex Enhance Basics Decking,Trex 1516883 Composite Decking,,,,,,,,,,,,,,,,,,,,,,,,,,,Composite Decking,,,,,,,,,,,,,,,,,,,,,,,,,,,,,,,,,,,,,,,,,,,,,,,,,,,,,,,,,,,,,,,,,,,,,,,,,,,,,,,,,,,,,,,,,,,,,,,,,,,,,,,,,,,,,,,,,,,,,,,,,,,,,,,,,,,,,,,,,,,,,,,,,,,,,,,,,,,,,,,,,,,,,,,,,,,,,,,,,,,,,,,,,,,,,,,,,,,,,
,,,,,,543005016,Building Materials,Decking & Railing,Composite Decking,543005016,543005016,7/8nx6-16' Malted Barley Sq Edge - Trex Select 2.0 Decking,TREX,-- No Unilog Brand --,-- No DIB Brand --,Boise Cascade Building Materials (BOICA),Boise Cascade,Trex,,543005016,,Building Materials>Decking & Railing>Composite Decking,"Boise Cascade Trex, Composite Decking, 543005016",7/8NX6-16' MALTED BARLEY SQ EDGE - TREX SELECT 2.0 DECKING,Trex 543005016 Composite Decking,7/8nx6-16' Malted Barley Sq Edge - Trex Select 2.0 Decking,Trex 543005016 Composite Decking,,,,,,,,,,,,,,,,,,,,,,,,,,,Composite Decking,,,,,,,,,,,,,,,,,,,,,,,,,,,,,,,,,,,,,,,,,,,,,,,,,,,,,,,,,,,,,,,,,,,,,,,,,,,,,,,,,,,,,,,,,,,,,,,,,,,,,,,,,,,,,,,,,,,,,,,,,,,,,,,,,,,,,,,,,,,,,,,,,,,,,,,,,,,,,,,,,,,,,,,,,,,,,,,,,,,,,,,,,,,,,,,,,,,,,
,,,,,,543005020,Building Materials,Decking & Railing,Composite Decking,543005020,543005020,7/8nx6-20' Malted Barley Sq Edge - Trex Select 2.0 Decking,TREX,-- No Unilog Brand --,-- No DIB Brand --,Boise Cascade Building Materials (BOICA),Boise Cascade,Trex,,543005020,,Building Materials>Decking & Railing>Composite Decking,"Boise Cascade Trex, Composite Decking, 543005020",7/8NX6-20' MALTED BARLEY SQ EDGE - TREX SELECT 2.0 DECKING,Trex 543005020 Composite Decking,7/8nx6-20' Malted Barley Sq Edge - Trex Select 2.0 Decking,Trex 543005020 Composite Decking,,,,,,,,,,,,,,,,,,,,,,,,,,,Composite Decking,,,,,,,,,,,,,,,,,,,,,,,,,,,,,,,,,,,,,,,,,,,,,,,,,,,,,,,,,,,,,,,,,,,,,,,,,,,,,,,,,,,,,,,,,,,,,,,,,,,,,,,,,,,,,,,,,,,,,,,,,,,,,,,,,,,,,,,,,,,,,,,,,,,,,,,,,,,,,,,,,,,,,,,,,,,,,,,,,,,,,,,,,,,,,,,,,,,,,
,,,,,,543005412,Building Materials,Decking & Railing,Composite Decking,543005412,543005412,7/8nx6-12' Malted Barley Grooved - Trex Select 2.0 Decking,TREX,-- No Unilog Brand --,-- No DIB Brand --,Boise Cascade Building Materials (BOICA),Whirlpool Corporation,Whirlpool®,,WDTS7024RZ,,Appliances & Consumer Electronics>Kitchen Appliances>Built-In Dishwashers,"Whirlpool, Dishwasher, Eco Series, W",7/8NX6-12' MALTED BARLEY GROOVED - TREX SELECT 2.0 DECKING,Whirlpool® 543005412 Composite Decking,7/8nx6-12' Malted Barley Grooved - Trex Select 2.0 Decking,Whirlpool® 543005412 Composite Decking,,,,,,,,,,,,,,,,,,,,,,,,,,,Composite Decking,,,,,,,,,,,,,,,,,,,,,,,,,,,,,,,,,,,,,,,,,,,,,,,,,,,,,,,,,,,,,,,,,,,,,,,,,,,,,,,,,,,,,,,,,,,,,,,,,,,,,,,,,,,,,,,,,,,,,,,,,,,,,,,,,,,,,,,,,,,,,,,,,,,,,,,,,,,,,,,,,,,,,,,,,,,,,,,,,,,,,,,,,,,,,,,,,,,,,
,,,,,,543005416,Building Materials,Decking & Railing,Composite Decking,543005416,543005416,7/8nx6-16' Malted Barley Grooved - Trex Select 2.0 Decking,TREX,-- No Unilog Brand --,-- No DIB Brand --,Boise Cascade Building Materials (BOICA),Boise Cascade,Trex,,543005416,,Building Materials>Decking & Railing>Composite Decking,"Boise Cascade Trex, Composite Decking, 543005416",7/8NX6-16' MALTED BARLEY GROOVED - TREX SELECT 2.0 DECKING,Trex 543005416 Composite Decking,7/8nx6-16' Malted Barley Grooved - Trex Select 2.0 Decking,Trex 543005416 Composite Decking,,,,,,,,,,,,,,,,,,,,,,,,,,,Composite Decking,,,,,,,,,,,,,,,,,,,,,,,,,,,,,,,,,,,,,,,,,,,,,,,,,,,,,,,,,,,,,,,,,,,,,,,,,,,,,,,,,,,,,,,,,,,,,,,,,,,,,,,,,,,,,,,,,,,,,,,,,,,,,,,,,,,,,,,,,,,,,,,,,,,,,,,,,,,,,,,,,,,,,,,,,,,,,,,,,,,,,,,,,,,,,,,,,,,,,
,,,,,,543005420,Building Materials,Decking & Railing,Composite Decking,543005420,543005420,7/8nx6-20' Malted Barley Grooved - Trex Select 2.0 Decking,TREX,-- No Unilog Brand --,-- No DIB Brand --,Boise Cascade Building Materials (BOICA),Boise Cascade,Trex,,543005420,,Building Materials>Decking & Railing>Composite Decking,"Boise Cascade Trex, Composite Decking, 543005420",7/8NX6-20' MALTED BARLEY GROOVED - TREX SELECT 2.0 DECKING,Trex 543005420 Composite Decking,7/8nx6-20' Malted Barley Grooved - Trex Select 2.0 Decking,Trex 543005420 Composite Decking,,,,,,,,,,,,,,,,,,,,,,,,,,,Composite Decking,,,,,,,,,,,,,,,,,,,,,,,,,,,,,,,,,,,,,,,,,,,,,,,,,,,,,,,,,,,,,,,,,,,,,,,,,,,,,,,,,,,,,,,,,,,,,,,,,,,,,,,,,,,,,,,,,,,,,,,,,,,,,,,,,,,,,,,,,,,,,,,,,,,,,,,,,,,,,,,,,,,,,,,,,,,,,,,,,,,,,,,,,,,,,,,,,,,,,
,,,,,,1516891,Building Materials,Decking & Railing,Composite Decking,1516891,1516891,7/8nx6-16' Millstone Sq Edge - Trex Select 2.0 Decking,TREX,-- No Unilog Brand --,-- No DIB Brand --,Boise Cascade Building Materials (BOICA),Boise Cascade,Trex,,1516891,,Building Materials>Decking & Railing>Composite Decking,"Boise Cascade Trex, Composite Decking, 1516891",7/8NX6-16' MILLSTONE SQ EDGE - TREX SELECT 2.0 DECKING,Trex 1516891 Composite Decking,7/8nx6-16' Millstone Sq Edge - Trex Select 2.0 Decking,Trex 1516891 Composite Decking,,,,,,,,,,,,,,,,,,,,,,,,,,,Composite Decking,,,,,,,,,,,,,,,,,,,,,,,,,,,,,,,,,,,,,,,,,,,,,,,,,,,,,,,,,,,,,,,,,,,,,,,,,,,,,,,,,,,,,,,,,,,,,,,,,,,,,,,,,,,,,,,,,,,,,,,,,,,,,,,,,,,,,,,,,,,,,,,,,,,,,,,,,,,,,,,,,,,,,,,,,,,,,,,,,,,,,,,,,,,,,,,,,,,,,
,,,,,,1516892,Building Materials,Decking & Railing,Composite Decking,1516892,1516892,7/8nx6-20' Millstone Sq Edge -Trex Select 2.0 Decking,TREX,-- No Unilog Brand --,-- No DIB Brand --,Boise Cascade Building Materials (BOICA),Boise Cascade,Trex,,1516892,,Building Materials>Decking & Railing>Composite Decking,"Boise Cascade Trex, Composite Decking, 1516892",7/8NX6-20' MILLSTONE SQ EDGE -TREX SELECT 2.0 DECKING,Trex 1516892 Composite Decking,7/8nx6-20' Millstone Sq Edge -Trex Select 2.0 Decking,Trex 1516892 Composite Decking,,,,,,,,,,,,,,,,,,,,,,,,,,,Composite Decking,,,,,,,,,,,,,,,,,,,,,,,,,,,,,,,,,,,,,,,,,,,,,,,,,,,,,,,,,,,,,,,,,,,,,,,,,,,,,,,,,,,,,,,,,,,,,,,,,,,,,,,,,,,,,,,,,,,,,,,,,,,,,,,,,,,,,,,,,,,,,,,,,,,,,,,,,,,,,,,,,,,,,,,,,,,,,,,,,,,,,,,,,,,,,,,,,,,,,
,,,,,,1516893,Building Materials,Decking & Railing,Composite Decking,1516893,1516893,7/8nx6-12' Millstone Grooved - Trex Select 2.0 Decking,TREX,-- No Unilog Brand --,-- No DIB Brand --,Boise Cascade Building Materials (BOICA),Boise Cascade,Trex,,1516893,,Building Materials>Decking & Railing>Composite Decking,"Boise Cascade Trex, Composite Decking, 1516893",7/8NX6-12' MILLSTONE GROOVED - TREX SELECT 2.0 DECKING,Trex 1516893 Composite Decking,7/8nx6-12' Millstone Grooved - Trex Select 2.0 Decking,Trex 1516893 Composite Decking,,,,,,,,,,,,,,,,,,,,,,,,,,,Composite Decking,,,,,,,,,,,,,,,,,,,,,,,,,,,,,,,,,,,,,,,,,,,,,,,,,,,,,,,,,,,,,,,,,,,,,,,,,,,,,,,,,,,,,,,,,,,,,,,,,,,,,,,,,,,,,,,,,,,,,,,,,,,,,,,,,,,,,,,,,,,,,,,,,,,,,,,,,,,,,,,,,,,,,,,,,,,,,,,,,,,,,,,,,,,,,,,,,,,,,
,,,,,,1516894,Building Materials,Decking & Railing,Composite Decking,1516894,1516894,7/8nx6-16' Millstone Grooved - Trex Select 2.0 Decking,TREX,-- No Unilog Brand --,-- No DIB Brand --,Boise Cascade Building Materials (BOICA),Boise Cascade,Trex,,1516894,,Building Materials>Decking & Railing>Composite Decking,"Boise Cascade Trex, Composite Decking, 1516894",7/8NX6-16' MILLSTONE GROOVED - TREX SELECT 2.0 DECKING,Trex 1516894 Composite Decking,7/8nx6-16' Millstone Grooved - Trex Select 2.0 Decking,Trex 1516894 Composite Decking,,,,,,,,,,,,,,,,,,,,,,,,,,,Composite Decking,,,,,,,,,,,,,,,,,,,,,,,,,,,,,,,,,,,,,,,,,,,,,,,,,,,,,,,,,,,,,,,,,,,,,,,,,,,,,,,,,,,,,,,,,,,,,,,,,,,,,,,,,,,,,,,,,,,,,,,,,,,,,,,,,,,,,,,,,,,,,,,,,,,,,,,,,,,,,,,,,,,,,,,,,,,,,,,,,,,,,,,,,,,,,,,,,,,,,
,,,,,,1516895,Building Materials,Decking & Railing,Composite Decking,1516895,1516895,7/8nx6-20' Millstone Grooved - Trex Select 2.0 Decking,TREX,-- No Unilog Brand --,-- No DIB Brand --,Boise Cascade Building Materials (BOICA),Boise Cascade,Trex,,1516895,,Building Materials>Decking & Railing>Composite Decking,"Boise Cascade Trex, Composite Decking, 1516895",7/8NX6-20' MILLSTONE GROOVED - TREX SELECT 2.0 DECKING,Trex 1516895 Composite Decking,7/8nx6-20' Millstone Grooved - Trex Select 2.0 Decking,Trex 1516895 Composite Decking,,,,,,,,,,,,,,,,,,,,,,,,,,,Composite Decking,,,,,,,,,,,,,,,,,,,,,,,,,,,,,,,,,,,,,,,,,,,,,,,,,,,,,,,,,,,,,,,,,,,,,,,,,,,,,,,,,,,,,,,,,,,,,,,,,,,,,,,,,,,,,,,,,,,,,,,,,,,,,,,,,,,,,,,,,,,,,,,,,,,,,,,,,,,,,,,,,,,,,,,,,,,,,,,,,,,,,,,,,,,,,,,,,,,,,
,,,,,,543007016,Building Materials,Decking & Railing,Composite Decking,543007016,543007016,7/8nx6-16' Whiskey Barrel Sq Edge - Trex Select 2.0 Decking,TREX,-- No Unilog Brand --,-- No DIB Brand --,Boise Cascade Building Materials (BOICA),Boise Cascade,Trex,,543007016,,Building Materials>Decking & Railing>Composite Decking,"Boise Cascade Trex, Composite Decking, 543007016",7/8NX6-16' WHISKEY BARREL SQ EDGE - TREX SELECT 2.0 DECKING,Trex 543007016 Composite Decking,7/8nx6-16' Whiskey Barrel Sq Edge - Trex Select 2.0 Decking,Trex 543007016 Composite Decking,,,,,,,,,,,,,,,,,,,,,,,,,,,Composite Decking,,,,,,,,,,,,,,,,,,,,,,,,,,,,,,,,,,,,,,,,,,,,,,,,,,,,,,,,,,,,,,,,,,,,,,,,,,,,,,,,,,,,,,,,,,,,,,,,,,,,,,,,,,,,,,,,,,,,,,,,,,,,,,,,,,,,,,,,,,,,,,,,,,,,,,,,,,,,,,,,,,,,,,,,,,,,,,,,,,,,,,,,,,,,,,,,,,,,,
,,,,,,543007020,Building Materials,Decking & Railing,Composite Decking,543007020,543007020,7/8nx6-20' Whiskey Barrel Sq Edge - Trex Select 2.0 Decking,TREX,-- No Unilog Brand --,-- No DIB Brand --,Boise Cascade Building Materials (BOICA),Boise Cascade,Trex,,543007020,,Building Materials>Decking & Railing>Composite Decking,"Boise Cascade Trex, Composite Decking, 543007020",7/8NX6-20' WHISKEY BARREL SQ EDGE - TREX SELECT 2.0 DECKING,Trex 543007020 Composite Decking,7/8nx6-20' Whiskey Barrel Sq Edge - Trex Select 2.0 Decking,Trex 543007020 Composite Decking,,,,,,,,,,,,,,,,,,,,,,,,,,,Composite Decking,,,,,,,,,,,,,,,,,,,,,,,,,,,,,,,,,,,,,,,,,,,,,,,,,,,,,,,,,,,,,,,,,,,,,,,,,,,,,,,,,,,,,,,,,,,,,,,,,,,,,,,,,,,,,,,,,,,,,,,,,,,,,,,,,,,,,,,,,,,,,,,,,,,,,,,,,,,,,,,,,,,,,,,,,,,,,,,,,,,,,,,,,,,,,,,,,,,,,
,,,,,,543007412,Building Materials,Decking & Railing,Composite Decking,543007412,543007412,7/8nx6-12' Whiskey Barrel Grooved - Trex Select 2.0 Decking,TREX,-- No Unilog Brand --,-- No DIB Brand --,Boise Cascade Building Materials (BOICA),Boise Cascade,Trex,,543007412,,Building Materials>Decking & Railing>Composite Decking,"Boise Cascade Trex, Composite Decking, 543007412",7/8NX6-12' WHISKEY BARREL GROOVED - TREX SELECT 2.0 DECKING,Trex 543007412 Composite Decking,7/8nx6-12' Whiskey Barrel Grooved - Trex Select 2.0 Decking,Trex 543007412 Composite Decking,,,,,,,,,,,,,,,,,,,,,,,,,,,Composite Decking,,,,,,,,,,,,,,,,,,,,,,,,,,,,,,,,,,,,,,,,,,,,,,,,,,,,,,,,,,,,,,,,,,,,,,,,,,,,,,,,,,,,,,,,,,,,,,,,,,,,,,,,,,,,,,,,,,,,,,,,,,,,,,,,,,,,,,,,,,,,,,,,,,,,,,,,,,,,,,,,,,,,,,,,,,,,,,,,,,,,,,,,,,,,,,,,,,,,,
,,,,,,543007416,Building Materials,Decking & Railing,Composite Decking,543007416,543007416,7/8nx6-16' Whiskey Barrel Grooved - Trex Select 2.0 Decking,TREX,-- No Unilog Brand --,-- No DIB Brand --,Boise Cascade Building Materials (BOICA),Boise Cascade,Trex,,543007416,,Building Materials>Decking & Railing>Composite Decking,"Boise Cascade Trex, Composite Decking, 543007416",7/8NX6-16' WHISKEY BARREL GROOVED - TREX SELECT 2.0 DECKING,Trex 543007416 Composite Decking,7/8nx6-16' Whiskey Barrel Grooved - Trex Select 2.0 Decking,Trex 543007416 Composite Decking,,,,,,,,,,,,,,,,,,,,,,,,,,,Composite Decking,,,,,,,,,,,,,,,,,,,,,,,,,,,,,,,,,,,,,,,,,,,,,,,,,,,,,,,,,,,,,,,,,,,,,,,,,,,,,,,,,,,,,,,,,,,,,,,,,,,,,,,,,,,,,,,,,,,,,,,,,,,,,,,,,,,,,,,,,,,,,,,,,,,,,,,,,,,,,,,,,,,,,,,,,,,,,,,,,,,,,,,,,,,,,,,,,,,,,
,,,,,,543007420,Building Materials,Decking & Railing,Composite Decking,543007420,543007420,7/8nx6-20' Whiskey Barrel Grooved - Trex Select 2.0 Decking,TREX,-- No Unilog Brand --,-- No DIB Brand --,Boise Cascade Building Materials (BOICA),Boise Cascade,Trex,,543007420,,Building Materials>Decking & Railing>Composite Decking,"Boise Cascade Trex, Composite Decking, 543007420",7/8NX6-20' WHISKEY BARREL GROOVED - TREX SELECT 2.0 DECKING,Trex 543007420 Composite Decking,7/8nx6-20' Whiskey Barrel Grooved - Trex Select 2.0 Decking,Trex 543007420 Composite Decking,,,,,,,,,,,,,,,,,,,,,,,,,,,Composite Decking,,,,,,,,,,,,,,,,,,,,,,,,,,,,,,,,,,,,,,,,,,,,,,,,,,,,,,,,,,,,,,,,,,,,,,,,,,,,,,,,,,,,,,,,,,,,,,,,,,,,,,,,,,,,,,,,,,,,,,,,,,,,,,,,,,,,,,,,,,,,,,,,,,,,,,,,,,,,,,,,,,,,,,,,,,,,,,,,,,,,,,,,,,,,,,,,,,,,,
,,,,,,ADR5117512CS,Building Materials,Decking & Railing,Fascia Boards,ADR5117512CS,ADR5117512CS,1x12-12' Coastline - Vintage Azek PVC Fascia,TIMBERTECH,-- No Unilog Brand --,-- No DIB Brand --,Parksite (6151),Parksite,Azek,,ADR5117512CS,,Building Materials>Decking & Railing>Fascia Boards,"Parksite Azek, Fascia Boards, ADR5117512CS",1X12-12' COASTLINE - VINTAGE AZEK PVC FASCIA,Azek ADR5117512CS Fascia Boards,1x12-12' Coastline - Vintage Azek PVC Fascia,Azek ADR5117512CS Fascia Boards,,,,,,,,,,,,,,,,,,,,,,,,,,,Fascia Boards,Dimension,1x12-12,,,,,,,,,,,,,,,,,,,,,,,,,,,,,,,,,,,,,,,,,,,,,,,,,,,,,,,,,,,,,,,,,,,,,,,,,,,,,,,,,,,,,,,,,,,,,,,,,,,,,,,,,,,,,,,,,,,,,,,,,,,,,,,,,,,,,,,,,,,,,,,,,,,,,,,,,,,,,,,,,,,,,,,,,,,,,,,,,,,,,,,,,,,,,,,,,,,
,,,,,,ADR5117512MH,Building Materials,Decking & Railing,Fascia Boards,ADR5117512MH,ADR5117512MH,1x12-12' Mahogany - Vintage Azek PVC Fascia,TIMBERTECH,-- No Unilog Brand --,-- No DIB Brand --,Parksite (6151),Parksite,Azek,,ADR5117512MH,,Building Materials>Decking & Railing>Fascia Boards,"Parksite Azek, Fascia Boards, ADR5117512MH",1X12-12' MAHOGANY - VINTAGE AZEK PVC FASCIA,Azek ADR5117512MH Fascia Boards,1x12-12' Mahogany - Vintage Azek PVC Fascia,Azek ADR5117512MH Fascia Boards,,,,,,,,,,,,,,,,,,,,,,,,,,,Fascia Boards,Dimension,1x12-12,,,,,,,,,,,,,,,,,,,,,,,,,,,,,,,,,,,,,,,,,,,,,,,,,,,,,,,,,,,,,,,,,,,,,,,,,,,,,,,,,,,,,,,,,,,,,,,,,,,,,,,,,,,,,,,,,,,,,,,,,,,,,,,,,,,,,,,,,,,,,,,,,,,,,,,,,,,,,,,,,,,,,,,,,,,,,,,,,,,,,,,,,,,,,,,,,,,
,,,,,,ADR5117512WT,Building Materials,Decking & Railing,Fascia Boards,ADR5117512WT,ADR5117512WT,1x12-12' Weathered Teak - Vintage Azek PVC Fascia,TIMBERTECH,-- No Unilog Brand --,-- No DIB Brand --,Parksite (6151),Parksite,Azek,,ADR5117512WT,,Building Materials>Decking & Railing>Fascia Boards,"Parksite Azek, Fascia Boards, ADR5117512WT",1X12-12' WEATHERED TEAK - VINTAGE AZEK PVC FASCIA,Azek ADR5117512WT Fascia Boards,1x12-12' Weathered Teak - Vintage Azek PVC Fascia,Azek ADR5117512WT Fascia Boards,,,,,,,,,,,,,,,,,,,,,,,,,,,Fascia Boards,Dimension,1x12-12,,,,,,,,,,,,,,,,,,,,,,,,,,,,,,,,,,,,,,,,,,,,,,,,,,,,,,,,,,,,,,,,,,,,,,,,,,,,,,,,,,,,,,,,,,,,,,,,,,,,,,,,,,,,,,,,,,,,,,,,,,,,,,,,,,,,,,,,,,,,,,,,,,,,,,,,,,,,,,,,,,,,,,,,,,,,,,,,,,,,,,,,,,,,,,,,,,,
,,,,,,ADR5117512AW,Building Materials,Decking & Railing,Fascia Boards,ADR5117512AW,ADR5117512AW,1x12-12' American Walnut - Landmark Azek PVC Fascia,TIMBERTECH,-- No Unilog Brand --,-- No DIB Brand --,Parksite (6151),Parksite,Azek,,ADR5117512AW,,Building Materials>Decking & Railing>Fascia Boards,"Parksite Azek, Fascia Boards, ADR5117512AW",1X12-12' AMERICAN WALNUT - LANDMARK AZEK PVC FASCIA,Azek ADR5117512AW Fascia Boards,1x12-12' American Walnut - Landmark Azek PVC Fascia,Azek ADR5117512AW Fascia Boards,,,,,,,,,,,,,,,,,,,,,,,,,,,Fascia Boards,Dimension,1x12-12,,,,,,,,,,,,,,,,,,,,,,,,,,,,,,,,,,,,,,,,,,,,,,,,,,,,,,,,,,,,,,,,,,,,,,,,,,,,,,,,,,,,,,,,,,,,,,,,,,,,,,,,,,,,,,,,,,,,,,,,,,,,,,,,,,,,,,,,,,,,,,,,,,,,,,,,,,,,,,,,,,,,,,,,,,,,,,,,,,,,,,,,,,,,,,,,,,,
,,,,,,ADR5117512CG,Building Materials,Decking & Railing,Fascia Boards,ADR5117512CG,ADR5117512CG,1x12-12' Castle Gate - Landmark Azek PVC Fascia,TIMBERTECH,-- No Unilog Brand --,-- No DIB Brand --,Parksite (6151),Parksite,Azek,,ADR5117512CG,,Building Materials>Decking & Railing>Fascia Boards,"Parksite Azek, Fascia Boards, ADR5117512CG",1X12-12' CASTLE GATE - LANDMARK AZEK PVC FASCIA,Azek ADR5117512CG Fascia Boards,1x12-12' Castle Gate - Landmark Azek PVC Fascia,Azek ADR5117512CG Fascia Boards,,,,,,,,,,,,,,,,,,,,,,,,,,,Fascia Boards,Dimension,1x12-12,,,,,,,,,,,,,,,,,,,,,,,,,,,,,,,,,,,,,,,,,,,,,,,,,,,,,,,,,,,,,,,,,,,,,,,,,,,,,,,,,,,,,,,,,,,,,,,,,,,,,,,,,,,,,,,,,,,,,,,,,,,,,,,,,,,,,,,,,,,,,,,,,,,,,,,,,,,,,,,,,,,,,,,,,,,,,,,,,,,,,,,,,,,,,,,,,,,
,,,,,,ADR5117512FW,Building Materials,Decking & Railing,Fascia Boards,ADR5117512FW,ADR5117512FW,1x12-12' French White Oak - Landmark Azek PVC Fascia,TIMBERTECH,-- No Unilog Brand --,-- No DIB Brand --,Parksite (6151),Parksite,Azek,,ADR5117512FW,,Building Materials>Decking & Railing>Fascia Boards,"Parksite Azek, Fascia Boards, ADR5117512FW",1X12-12' FRENCH WHITE OAK - LANDMARK AZEK PVC FASCIA,Azek ADR5117512FW Fascia Boards,1x12-12' French White Oak - Landmark Azek PVC Fascia,Azek ADR5117512FW Fascia Boards,,,,,,,,,,,,,,,,,,,,,,,,,,,Fascia Boards,Dimension,1x12-12,,,,,,,,,,,,,,,,,,,,,,,,,,,,,,,,,,,,,,,,,,,,,,,,,,,,,,,,,,,,,,,,,,,,,,,,,,,,,,,,,,,,,,,,,,,,,,,,,,,,,,,,,,,,,,,,,,,,,,,,,,,,,,,,,,,,,,,,,,,,,,,,,,,,,,,,,,,,,,,,,,,,,,,,,,,,,,,,,,,,,,,,,,,,,,,,,,,
,,,,,,1508395,Building Materials,Decking & Railing,Fascia Boards,1508395,1508395,1x8-12' Brownstone - Harvest Azek PVC Fascia,TIMBERTECH,-- No Unilog Brand --,-- No DIB Brand --,Parksite (6151),Parksite,Azek,,1508395,,Building Materials>Decking & Railing>Fascia Boards,"Parksite Azek, Fascia Boards, 1508395",1X8-12' BROWNSTONE - HARVEST AZEK PVC FASCIA,Azek 1508395 Fascia Boards,1x8-12' Brownstone - Harvest Azek PVC Fascia,Azek 1508395 Fascia Boards,,,,,,,,,,,,,,,,,,,,,,,,,,,Fascia Boards,Dimension,1x8-12,,,,,,,,,,,,,,,,,,,,,,,,,,,,,,,,,,,,,,,,,,,,,,,,,,,,,,,,,,,,,,,,,,,,,,,,,,,,,,,,,,,,,,,,,,,,,,,,,,,,,,,,,,,,,,,,,,,,,,,,,,,,,,,,,,,,,,,,,,,,,,,,,,,,,,,,,,,,,,,,,,,,,,,,,,,,,,,,,,,,,,,,,,,,,,,,,,,
,,,,,,1508396,Building Materials,Decking & Railing,Fascia Boards,1508396,1508396,1x8-12' Slate Gray - Harvest Azek PVC Fascia,TIMBERTECH,-- No Unilog Brand --,-- No DIB Brand --,Parksite (6151),Parksite,Azek,,1508396,,Building Materials>Decking & Railing>Fascia Boards,"Parksite Azek, Fascia Boards, 1508396",1X8-12' SLATE GRAY - HARVEST AZEK PVC FASCIA,Azek 1508396 Fascia Boards,1x8-12' Slate Gray - Harvest Azek PVC Fascia,Azek 1508396 Fascia Boards,,,,,,,,,,,,,,,,,,,,,,,,,,,Fascia Boards,Dimension,1x8-12,,,,,,,,,,,,,,,,,,,,,,,,,,,,,,,,,,,,,,,,,,,,,,,,,,,,,,,,,,,,,,,,,,,,,,,,,,,,,,,,,,,,,,,,,,,,,,,,,,,,,,,,,,,,,,,,,,,,,,,,,,,,,,,,,,,,,,,,,,,,,,,,,,,,,,,,,,,,,,,,,,,,,,,,,,,,,,,,,,,,,,,,,,,,,,,,,,,
,,,,,,ADCR5117512BS,Building Materials,Decking & Railing,Fascia Boards,ADCR5117512BS,ADCR5117512BS,1x12-12' Brownstone - Harvest Azek PVC Fascia,TIMBERTECH,-- No Unilog Brand --,-- No DIB Brand --,Parksite (6151),Parksite,Azek,,ADCR5117512BS,,Building Materials>Decking & Railing>Fascia Boards,"Parksite Azek, Fascia Boards, ADCR5117512BS",1X12-12' BROWNSTONE - HARVEST AZEK PVC FASCIA,Azek ADCR5117512BS Fascia Boards,1x12-12' Brownstone - Harvest Azek PVC Fascia,Azek ADCR5117512BS Fascia Boards,,,,,,,,,,,,,,,,,,,,,,,,,,,Fascia Boards,Dimension,1x12-12,,,,,,,,,,,,,,,,,,,,,,,,,,,,,,,,,,,,,,,,,,,,,,,,,,,,,,,,,,,,,,,,,,,,,,,,,,,,,,,,,,,,,,,,,,,,,,,,,,,,,,,,,,,,,,,,,,,,,,,,,,,,,,,,,,,,,,,,,,,,,,,,,,,,,,,,,,,,,,,,,,,,,,,,,,,,,,,,,,,,,,,,,,,,,,,,,,,
,,,,,,ADCR5117512SG,Building Materials,Decking & Railing,Fascia Boards,ADCR5117512SG,ADCR5117512SG,1x12-12' Slate Gray - Harvest Azek PVC Fascia,TIMBERTECH,-- No Unilog Brand --,-- No DIB Brand --,Parksite (6151),Parksite,Azek,,ADCR5117512SG,,Building Materials>Decking & Railing>Fascia Boards,"Parksite Azek, Fascia Boards, ADCR5117512SG",1X12-12' SLATE GRAY - HARVEST AZEK PVC FASCIA,Azek ADCR5117512SG Fascia Boards,1x12-12' Slate Gray - Harvest Azek PVC Fascia,Azek ADCR5117512SG Fascia Boards,,,,,,,,,,,,,,,,,,,,,,,,,,,Fascia Boards,Dimension,1x12-12,,,,,,,,,,,,,,,,,,,,,,,,,,,,,,,,,,,,,,,,,,,,,,,,,,,,,,,,,,,,,,,,,,,,,,,,,,,,,,,,,,,,,,,,,,,,,,,,,,,,,,,,,,,,,,,,,,,,,,,,,,,,,,,,,,,,,,,,,,,,,,,,,,,,,,,,,,,,,,,,,,,,,,,,,,,,,,,,,,,,,,,,,,,,,,,,,,,
,,,,,,543140908,Building Materials,Decking & Railing,Composite Decking,543140908,543140908,1x8-12' Biscayne - Trex Lineage,TREX,-- No Unilog Brand --,-- No DIB Brand --,U S Lumber (3073),Whirlpool Corporation,Whirlpool®,,WDTS7024RZ,,Appliances & Consumer Electronics>Kitchen Appliances>Built-In Dishwashers,"Whirlpool, Dishwasher, Eco Series, W",1X8-12' BISCAYNE - TREX LINEAGE,Whirlpool® 543140908 Composite Decking,1x8-12' Biscayne - Trex Lineage,Whirlpool® 543140908 Composite Decking,,,,,,,,,,,,,,,,,,,,,,,,,,,Composite Decking,Thickness,1,in,Width,8,in,Length,12,ft,,,,,,,,,,,,,,,,,,,,,,,,,,,,,,,,,,,,,,,,,,,,,,,,,,,,,,,,,,,,,,,,,,,,,,,,,,,,,,,,,,,,,,,,,,,,,,,,,,,,,,,,,,,,,,,,,,,,,,,,,,,,,,,,,,,,,,,,,,,,,,,,,,,,,,,12,ft,,,8,in,,,,,,,,,,,,,,,,,,,,,,,,,,,,,,,,
,,,,,,543142908,Building Materials,Decking & Railing,Composite Decking,543142908,543142908,1x8-12' Carmel - Trex Lineage,TREX,-- No Unilog Brand --,-- No DIB Brand --,U S Lumber (3073),U.S. Lumber,Trex,,543142908,,Building Materials>Decking & Railing>Composite Decking,"U.S. Lumber Trex, Composite Decking, 543142908",1X8-12' CARMEL - TREX LINEAGE,Trex 543142908 Composite Decking,1x8-12' Carmel - Trex Lineage,Trex 543142908 Composite Decking,,,,,,,,,,,,,,,,,,,,,,,,,,,Composite Decking,Thickness,1,in,Width,8,in,Length,12,ft,,,,,,,,,,,,,,,,,,,,,,,,,,,,,,,,,,,,,,,,,,,,,,,,,,,,,,,,,,,,,,,,,,,,,,,,,,,,,,,,,,,,,,,,,,,,,,,,,,,,,,,,,,,,,,,,,,,,,,,,,,,,,,,,,,,,,,,,,,,,,,,,,,,,,,,12,ft,,,8,in,,,,,,,,,,,,,,,,,,,,,,,,,,,,,,,,
,,,,,,543143908,Building Materials,Decking & Railing,Composite Decking,543143908,543143908,1x8-12' Jasper - Trex Lineage,TREX,-- No Unilog Brand --,-- No DIB Brand --,U S Lumber (3073),Whirlpool Corporation,Whirlpool®,,WDTS7024RZ,,Appliances & Consumer Electronics>Kitchen Appliances>Built-In Dishwashers,"Whirlpool, Dishwasher, Eco Series, W",1X8-12' JASPER - TREX LINEAGE,Whirlpool® 543143908 Composite Decking,1x8-12' Jasper - Trex Lineage,Whirlpool® 543143908 Composite Decking,,,,,,,,,,,,,,,,,,,,,,,,,,,Composite Decking,Thickness,1,in,Width,8,in,Length,12,ft,,,,,,,,,,,,,,,,,,,,,,,,,,,,,,,,,,,,,,,,,,,,,,,,,,,,,,,,,,,,,,,,,,,,,,,,,,,,,,,,,,,,,,,,,,,,,,,,,,,,,,,,,,,,,,,,,,,,,,,,,,,,,,,,,,,,,,,,,,,,,,,,,,,,,,,12,ft,,,8,in,,,,,,,,,,,,,,,,,,,,,,,,,,,,,,,,
,,,,,,543140912,Building Materials,Decking & Railing,Composite Decking,543140912,543140912,1x12-12' Biscayne - Trex Lineage,TREX,-- No Unilog Brand --,-- No DIB Brand --,U S Lumber (3073),Whirlpool Corporation,Whirlpool®,,WDTS7024RZ,,Appliances & Consumer Electronics>Kitchen Appliances>Built-In Dishwashers,"Whirlpool, Dishwasher, Eco Series, W",1X12-12' BISCAYNE - TREX LINEAGE,Whirlpool® 543140912 Composite Decking,1x12-12' Biscayne - Trex Lineage,Whirlpool® 543140912 Composite Decking,,,,,,,,,,,,,,,,,,,,,,,,,,,Composite Decking,Thickness,1,in,Width,12,in,Length,12,ft,,,,,,,,,,,,,,,,,,,,,,,,,,,,,,,,,,,,,,,,,,,,,,,,,,,,,,,,,,,,,,,,,,,,,,,,,,,,,,,,,,,,,,,,,,,,,,,,,,,,,,,,,,,,,,,,,,,,,,,,,,,,,,,,,,,,,,,,,,,,,,,,,,,,,,,12,ft,,,12,in,,,,,,,,,,,,,,,,,,,,,,,,,,,,,,,,
,,,,,,543142912,Building Materials,Decking & Railing,Composite Decking,543142912,543142912,1x12-12' Carmel - Trex Lineage,TREX,-- No Unilog Brand --,-- No DIB Brand --,U S Lumber (3073),U.S. Lumber,Trex,,543142912,,Building Materials>Decking & Railing>Composite Decking,"U.S. Lumber Trex, Composite Decking, 543142912",1X12-12' CARMEL - TREX LINEAGE,Trex 543142912 Composite Decking,1x12-12' Carmel - Trex Lineage,Trex 543142912 Composite Decking,,,,,,,,,,,,,,,,,,,,,,,,,,,Composite Decking,Thickness,1,in,Width,12,in,Length,12,ft,,,,,,,,,,,,,,,,,,,,,,,,,,,,,,,,,,,,,,,,,,,,,,,,,,,,,,,,,,,,,,,,,,,,,,,,,,,,,,,,,,,,,,,,,,,,,,,,,,,,,,,,,,,,,,,,,,,,,,,,,,,,,,,,,,,,,,,,,,,,,,,,,,,,,,,12,ft,,,12,in,,,,,,,,,,,,,,,,,,,,,,,,,,,,,,,,
,,,,,,543143912,Building Materials,Decking & Railing,Composite Decking,543143912,543143912,1x12-12' Jasper - Trex Lineage,TREX,-- No Unilog Brand --,-- No DIB Brand --,U S Lumber (3073),Whirlpool Corporation,Whirlpool®,,WDTS7024RZ,,Appliances & Consumer Electronics>Kitchen Appliances>Built-In Dishwashers,"Whirlpool, Dishwasher, Eco Series, W",1X12-12' JASPER - TREX LINEAGE,Whirlpool® 543143912 Composite Decking,1x12-12' Jasper - Trex Lineage,Whirlpool® 543143912 Composite Decking,,,,,,,,,,,,,,,,,,,,,,,,,,,Composite Decking,Thickness,1,in,Width,12,in,Length,12,ft,,,,,,,,,,,,,,,,,,,,,,,,,,,,,,,,,,,,,,,,,,,,,,,,,,,,,,,,,,,,,,,,,,,,,,,,,,,,,,,,,,,,,,,,,,,,,,,,,,,,,,,,,,,,,,,,,,,,,,,,,,,,,,,,,,,,,,,,,,,,,,,,,,,,,,,12,ft,,,12,in,,,,,,,,,,,,,,,,,,,,,,,,,,,,,,,,
,,,,,,1513715,Building Materials,Decking & Railing,Composite Decking,1513715,1513715,1x12-12' Hatteras - Trex Lineage,TREX,-- No Unilog Brand --,-- No DIB Brand --,Boise Cascade Building Materials (BOICA),Boise Cascade,Trex,,1513715,,Building Materials>Decking & Railing>Composite Decking,"Boise Cascade Trex, Composite Decking, 1513715",1X12-12' HATTERAS - TREX LINEAGE,Trex 1513715 Composite Decking,1x12-12' Hatteras - Trex Lineage,Trex 1513715 Composite Decking,,,,,,,,,,,,,,,,,,,,,,,,,,,Composite Decking,Thickness,1,in,Width,12,in,Length,12,ft,,,,,,,,,,,,,,,,,,,,,,,,,,,,,,,,,,,,,,,,,,,,,,,,,,,,,,,,,,,,,,,,,,,,,,,,,,,,,,,,,,,,,,,,,,,,,,,,,,,,,,,,,,,,,,,,,,,,,,,,,,,,,,,,,,,,,,,,,,,,,,,,,,,,,,,12,ft,,,12,in,,,,,,,,,,,,,,,,,,,,,,,,,,,,,,,,
,,,,,,1513716,Building Materials,Decking & Railing,Composite Decking,1513716,1513716,1x12-12' Salt Flat - Trex Lineage,TREX,-- No Unilog Brand --,-- No DIB Brand --,Boise Cascade Building Materials (BOICA),Boise Cascade,Trex,,1513716,,Building Materials>Decking & Railing>Composite Decking,"Boise Cascade Trex, Composite Decking, 1513716",1X12-12' SALT FLAT - TREX LINEAGE,Trex 1513716 Composite Decking,1x12-12' Salt Flat - Trex Lineage,Trex 1513716 Composite Decking,,,,,,,,,,,,,,,,,,,,,,,,,,,Composite Decking,Thickness,1,in,Width,12,in,Length,12,ft,,,,,,,,,,,,,,,,,,,,,,,,,,,,,,,,,,,,,,,,,,,,,,,,,,,,,,,,,,,,,,,,,,,,,,,,,,,,,,,,,,,,,,,,,,,,,,,,,,,,,,,,,,,,,,,,,,,,,,,,,,,,,,,,,,,,,,,,,,,,,,,,,,,,,,,12,ft,,,12,in,,,,,,,,,,,,,,,,,,,,,,,,,,,,,,,,
,,,,,,1513722,Building Materials,Decking & Railing,Fascia Boards,1513722,1513722,1x8-12' Honey Grove - Trex Enhance Naturals Fascia,TREX,-- No Unilog Brand --,-- No DIB Brand --,Boise Cascade Building Materials (BOICA),Boise Cascade,Trex,,1513722,,Building Materials>Decking & Railing>Fascia Boards,"Boise Cascade Trex, Fascia Boards, 1513722",1X8-12' HONEY GROVE - TREX ENHANCE NATURALS FASCIA,Trex 1513722 Fascia Boards,1x8-12' Honey Grove - Trex Enhance Naturals Fascia,Trex 1513722 Fascia Boards,,,,,,,,,,,,,,,,,,,,,,,,,,,Fascia Boards,Dimension,1x8-12,,,,,,,,,,,,,,,,,,,,,,,,,,,,,,,,,,,,,,,,,,,,,,,,,,,,,,,,,,,,,,,,,,,,,,,,,,,,,,,,,,,,,,,,,,,,,,,,,,,,,,,,,,,,,,,,,,,,,,,,,,,,,,,,,,,,,,,,,,,,,,,,,,,,,,,,,,,,,,,,,,,,,,,,,,,,,,,,,,,,,,,,,,,,,,,,,,,
,,,,,,1513723,Building Materials,Decking & Railing,Fascia Boards,1513723,1513723,1x12-12' Honey Grove - Trex Enhance Naturals Fascia,TREX,-- No Unilog Brand --,-- No DIB Brand --,Boise Cascade Building Materials (BOICA),Boise Cascade,Trex,,1513723,,Building Materials>Decking & Railing>Fascia Boards,"Boise Cascade Trex, Fascia Boards, 1513723",1X12-12' HONEY GROVE - TREX ENHANCE NATURALS FASCIA,Trex 1513723 Fascia Boards,1x12-12' Honey Grove - Trex Enhance Naturals Fascia,Trex 1513723 Fascia Boards,,,,,,,,,,,,,,,,,,,,,,,,,,,Fascia Boards,Dimension,1x12-12,,,,,,,,,,,,,,,,,,,,,,,,,,,,,,,,,,,,,,,,,,,,,,,,,,,,,,,,,,,,,,,,,,,,,,,,,,,,,,,,,,,,,,,,,,,,,,,,,,,,,,,,,,,,,,,,,,,,,,,,,,,,,,,,,,,,,,,,,,,,,,,,,,,,,,,,,,,,,,,,,,,,,,,,,,,,,,,,,,,,,,,,,,,,,,,,,,,
,,,,,,1513729,Building Materials,Decking & Railing,Fascia Boards,1513729,1513729,1x8-12' Tide Pool - Trex Enhance Basics Fascia,TREX,-- No Unilog Brand --,-- No DIB Brand --,Boise Cascade Building Materials (BOICA),Boise Cascade,Trex,,1513729,,Building Materials>Decking & Railing>Fascia Boards,"Boise Cascade Trex, Fascia Boards, 1513729",1X8-12' TIDE POOL - TREX ENHANCE BASICS FASCIA,Trex 1513729 Fascia Boards,1x8-12' Tide Pool - Trex Enhance Basics Fascia,Trex 1513729 Fascia Boards,,,,,,,,,,,,,,,,,,,,,,,,,,,Fascia Boards,Dimension,1x8-12,,,,,,,,,,,,,,,,,,,,,,,,,,,,,,,,,,,,,,,,,,,,,,,,,,,,,,,,,,,,,,,,,,,,,,,,,,,,,,,,,,,,,,,,,,,,,,,,,,,,,,,,,,,,,,,,,,,,,,,,,,,,,,,,,,,,,,,,,,,,,,,,,,,,,,,,,,,,,,,,,,,,,,,,,,,,,,,,,,,,,,,,,,,,,,,,,,,
,,,,,,1513730,Building Materials,Decking & Railing,Fascia Boards,1513730,1513730,1x12-12' Tide Pool - Trex Enhance Basics Fascia,TREX,-- No Unilog Brand --,-- No DIB Brand --,Boise Cascade Building Materials (BOICA),Boise Cascade,Trex,,1513730,,Building Materials>Decking & Railing>Fascia Boards,"Boise Cascade Trex, Fascia Boards, 1513730",1X12-12' TIDE POOL - TREX ENHANCE BASICS FASCIA,Trex 1513730 Fascia Boards,1x12-12' Tide Pool - Trex Enhance Basics Fascia,Trex 1513730 Fascia Boards,,,,,,,,,,,,,,,,,,,,,,,,,,,Fascia Boards,Dimension,1x12-12,,,,,,,,,,,,,,,,,,,,,,,,,,,,,,,,,,,,,,,,,,,,,,,,,,,,,,,,,,,,,,,,,,,,,,,,,,,,,,,,,,,,,,,,,,,,,,,,,,,,,,,,,,,,,,,,,,,,,,,,,,,,,,,,,,,,,,,,,,,,,,,,,,,,,,,,,,,,,,,,,,,,,,,,,,,,,,,,,,,,,,,,,,,,,,,,,,,
,,,,,,543076916,Building Materials,Decking & Railing,Fascia Boards,543076916,543076916,1x8-12' Cinnamon Cove - Trex Enhance Naturals Fascia,TREX,-- No Unilog Brand --,-- No DIB Brand --,Boise Cascade Building Materials (BOICA),Whirlpool Corporation,Whirlpool®,,WDTS7024RZ,,Appliances & Consumer Electronics>Kitchen Appliances>Built-In Dishwashers,"Whirlpool, Dishwasher, Eco Series, W",1X8-12' CINNAMON COVE - TREX ENHANCE NATURALS FASCIA,Whirlpool® 543076916 Fascia Boards,1x8-12' Cinnamon Cove - Trex Enhance Naturals Fascia,Whirlpool® 543076916 Fascia Boards,,,,,,,,,,,,,,,,,,,,,,,,,,,Fascia Boards,Dimension,1x8-12,,,,,,,,,,,,,,,,,,,,,,,,,,,,,,,,,,,,,,,,,,,,,,,,,,,,,,,,,,,,,,,,,,,,,,,,,,,,,,,,,,,,,,,,,,,,,,,,,,,,,,,,,,,,,,,,,,,,,,,,,,,,,,,,,,,,,,,,,,,,,,,,,,,,,,,,,,,,,,,,,,,,,,,,,,,,,,,,,,,,,,,,,,,,,,,,,,,
,,,,,,1516876,Building Materials,Decking & Railing,Fascia Boards,1516876,1516876,1x8-12' Golden Hour - Trex Enhance Naturals Fascia,TREX,-- No Unilog Brand --,-- No DIB Brand --,Boise Cascade Building Materials (BOICA),Boise Cascade,Trex,,1516876,,Building Materials>Decking & Railing>Fascia Boards,"Boise Cascade Trex, Fascia Boards, 1516876",1X8-12' GOLDEN HOUR - TREX ENHANCE NATURALS FASCIA,Trex 1516876 Fascia Boards,1x8-12' Golden Hour - Trex Enhance Naturals Fascia,Trex 1516876 Fascia Boards,,,,,,,,,,,,,,,,,,,,,,,,,,,Fascia Boards,Dimension,1x8-12,,,,,,,,,,,,,,,,,,,,,,,,,,,,,,,,,,,,,,,,,,,,,,,,,,,,,,,,,,,,,,,,,,,,,,,,,,,,,,,,,,,,,,,,,,,,,,,,,,,,,,,,,,,,,,,,,,,,,,,,,,,,,,,,,,,,,,,,,,,,,,,,,,,,,,,,,,,,,,,,,,,,,,,,,,,,,,,,,,,,,,,,,,,,,,,,,,,
,,,,,,543076936,Building Materials,Decking & Railing,Fascia Boards,543076936,543076936,1x12-12' Cinnamon Cove - Trex Enhance Naturals Fascia,TREX,-- No Unilog Brand --,-- No DIB Brand --,Boise Cascade Building Materials (BOICA),Boise Cascade,Trex,,543076936,,Building Materials>Decking & Railing>Fascia Boards,"Boise Cascade Trex, Fascia Boards, 543076936",1X12-12' CINNAMON COVE - TREX ENHANCE NATURALS FASCIA,Trex 543076936 Fascia Boards,1x12-12' Cinnamon Cove - Trex Enhance Naturals Fascia,Trex 543076936 Fascia Boards,,,,,,,,,,,,,,,,,,,,,,,,,,,Fascia Boards,Dimension,1x12-12,,,,,,,,,,,,,,,,,,,,,,,,,,,,,,,,,,,,,,,,,,,,,,,,,,,,,,,,,,,,,,,,,,,,,,,,,,,,,,,,,,,,,,,,,,,,,,,,,,,,,,,,,,,,,,,,,,,,,,,,,,,,,,,,,,,,,,,,,,,,,,,,,,,,,,,,,,,,,,,,,,,,,,,,,,,,,,,,,,,,,,,,,,,,,,,,,,,
,,,,,,1516878,Building Materials,Decking & Railing,Fascia Boards,1516878,1516878,1x12-12' Golden Hour - Trex Enhance Naturals Fascia,TREX,-- No Unilog Brand --,-- No DIB Brand --,Boise Cascade Building Materials (BOICA),Boise Cascade,Trex,,1516878,,Building Materials>Decking & Railing>Fascia Boards,"Boise Cascade Trex, Fascia Boards, 1516878",1X12-12' GOLDEN HOUR - TREX ENHANCE NATURALS FASCIA,Trex 1516878 Fascia Boards,1x12-12' Golden Hour - Trex Enhance Naturals Fascia,Trex 1516878 Fascia Boards,,,,,,,,,,,,,,,,,,,,,,,,,,,Fascia Boards,Dimension,1x12-12,,,,,,,,,,,,,,,,,,,,,,,,,,,,,,,,,,,,,,,,,,,,,,,,,,,,,,,,,,,,,,,,,,,,,,,,,,,,,,,,,,,,,,,,,,,,,,,,,,,,,,,,,,,,,,,,,,,,,,,,,,,,,,,,,,,,,,,,,,,,,,,,,,,,,,,,,,,,,,,,,,,,,,,,,,,,,,,,,,,,,,,,,,,,,,,,,,,
,,,,,,1516884,Building Materials,Decking & Railing,Fascia Boards,1516884,1516884,1x8-12' Pebble Beach - Trex Enhance Basics Fascia,TREX,-- No Unilog Brand --,-- No DIB Brand --,Boise Cascade Building Materials (BOICA),Boise Cascade,Trex,,1516884,,Building Materials>Decking & Railing>Fascia Boards,"Boise Cascade Trex, Fascia Boards, 1516884",1X8-12' PEBBLE BEACH - TREX ENHANCE BASICS FASCIA,Trex 1516884 Fascia Boards,1x8-12' Pebble Beach - Trex Enhance Basics Fascia,Trex 1516884 Fascia Boards,,,,,,,,,,,,,,,,,,,,,,,,,,,Fascia Boards,Dimension,1x8-12,,,,,,,,,,,,,,,,,,,,,,,,,,,,,,,,,,,,,,,,,,,,,,,,,,,,,,,,,,,,,,,,,,,,,,,,,,,,,,,,,,,,,,,,,,,,,,,,,,,,,,,,,,,,,,,,,,,,,,,,,,,,,,,,,,,,,,,,,,,,,,,,,,,,,,,,,,,,,,,,,,,,,,,,,,,,,,,,,,,,,,,,,,,,,,,,,,,
,,,,,,1516885,Building Materials,Decking & Railing,Fascia Boards,1516885,1516885,1x12-12' Pebble Beach - Trex Enhance Basics Fascia,TREX,-- No Unilog Brand --,-- No DIB Brand --,Boise Cascade Building Materials (BOICA),Boise Cascade,Trex,,1516885,,Building Materials>Decking & Railing>Fascia Boards,"Boise Cascade Trex, Fascia Boards, 1516885",1X12-12' PEBBLE BEACH - TREX ENHANCE BASICS FASCIA,Trex 1516885 Fascia Boards,1x12-12' Pebble Beach - Trex Enhance Basics Fascia,Trex 1516885 Fascia Boards,,,,,,,,,,,,,,,,,,,,,,,,,,,Fascia Boards,Dimension,1x12-12,,,,,,,,,,,,,,,,,,,,,,,,,,,,,,,,,,,,,,,,,,,,,,,,,,,,,,,,,,,,,,,,,,,,,,,,,,,,,,,,,,,,,,,,,,,,,,,,,,,,,,,,,,,,,,,,,,,,,,,,,,,,,,,,,,,,,,,,,,,,,,,,,,,,,,,,,,,,,,,,,,,,,,,,,,,,,,,,,,,,,,,,,,,,,,,,,,,
,,,,,,543005916,Building Materials,Decking & Railing,Fascia Boards,543005916,543005916,1x8-12' Malted Barley - Trex Select 2.0 Fascia,TREX,-- No Unilog Brand --,-- No DIB Brand --,Boise Cascade Building Materials (BOICA),Boise Cascade,Trex,,543005916,,Building Materials>Decking & Railing>Fascia Boards,"Boise Cascade Trex, Fascia Boards, 543005916",1X8-12' MALTED BARLEY - TREX SELECT 2.0 FASCIA,Trex 543005916 Fascia Boards,1x8-12' Malted Barley - Trex Select 2.0 Fascia,Trex 543005916 Fascia Boards,,,,,,,,,,,,,,,,,,,,,,,,,,,Fascia Boards,Dimension,1x8-12,,,,,,,,,,,,,,,,,,,,,,,,,,,,,,,,,,,,,,,,,,,,,,,,,,,,,,,,,,,,,,,,,,,,,,,,,,,,,,,,,,,,,,,,,,,,,,,,,,,,,,,,,,,,,,,,,,,,,,,,,,,,,,,,,,,,,,,,,,,,,,,,,,,,,,,,,,,,,,,,,,,,,,,,,,,,,,,,,,,,,,,,,,,,,,,,,,,
,,,,,,1516902,Building Materials,Decking & Railing,Fascia Boards,1516902,1516902,1x8-12' Millstone - Trex Select 2.0 Fascia,TREX,-- No Unilog Brand --,-- No DIB Brand --,Boise Cascade Building Materials (BOICA),Boise Cascade,Trex,,1516902,,Building Materials>Decking & Railing>Fascia Boards,"Boise Cascade Trex, Fascia Boards, 1516902",1X8-12' MILLSTONE - TREX SELECT 2.0 FASCIA,Trex 1516902 Fascia Boards,1x8-12' Millstone - Trex Select 2.0 Fascia,Trex 1516902 Fascia Boards,,,,,,,,,,,,,,,,,,,,,,,,,,,Fascia Boards,Dimension,1x8-12,,,,,,,,,,,,,,,,,,,,,,,,,,,,,,,,,,,,,,,,,,,,,,,,,,,,,,,,,,,,,,,,,,,,,,,,,,,,,,,,,,,,,,,,,,,,,,,,,,,,,,,,,,,,,,,,,,,,,,,,,,,,,,,,,,,,,,,,,,,,,,,,,,,,,,,,,,,,,,,,,,,,,,,,,,,,,,,,,,,,,,,,,,,,,,,,,,,
,,,,,,543007916,Building Materials,Decking & Railing,Fascia Boards,543007916,543007916,1x8-12' Whiskey Barrel - Trex Select 2.0 Fascia,TREX,-- No Unilog Brand --,-- No DIB Brand --,Boise Cascade Building Materials (BOICA),Whirlpool Corporation,Whirlpool®,,WDTS7024RZ,,Appliances & Consumer Electronics>Kitchen Appliances>Built-In Dishwashers,"Whirlpool, Dishwasher, Eco Series, W",1X8-12' WHISKEY BARREL - TREX SELECT 2.0 FASCIA,Whirlpool® 543007916 Fascia Boards,1x8-12' Whiskey Barrel - Trex Select 2.0 Fascia,Whirlpool® 543007916 Fascia Boards,,,,,,,,,,,,,,,,,,,,,,,,,,,Fascia Boards,Dimension,1x8-12,,,,,,,,,,,,,,,,,,,,,,,,,,,,,,,,,,,,,,,,,,,,,,,,,,,,,,,,,,,,,,,,,,,,,,,,,,,,,,,,,,,,,,,,,,,,,,,,,,,,,,,,,,,,,,,,,,,,,,,,,,,,,,,,,,,,,,,,,,,,,,,,,,,,,,,,,,,,,,,,,,,,,,,,,,,,,,,,,,,,,,,,,,,,,,,,,,,
,,,,,,543005936,Building Materials,Decking & Railing,Fascia Boards,543005936,543005936,1x12-12' Malted Barley - Trex Select 2.0 Fascia,TREX,-- No Unilog Brand --,-- No DIB Brand --,Boise Cascade Building Materials (BOICA),Boise Cascade,Trex,,543005936,,Building Materials>Decking & Railing>Fascia Boards,"Boise Cascade Trex, Fascia Boards, 543005936",1X12-12' MALTED BARLEY - TREX SELECT 2.0 FASCIA,Trex 543005936 Fascia Boards,1x12-12' Malted Barley - Trex Select 2.0 Fascia,Trex 543005936 Fascia Boards,,,,,,,,,,,,,,,,,,,,,,,,,,,Fascia Boards,Dimension,1x12-12,,,,,,,,,,,,,,,,,,,,,,,,,,,,,,,,,,,,,,,,,,,,,,,,,,,,,,,,,,,,,,,,,,,,,,,,,,,,,,,,,,,,,,,,,,,,,,,,,,,,,,,,,,,,,,,,,,,,,,,,,,,,,,,,,,,,,,,,,,,,,,,,,,,,,,,,,,,,,,,,,,,,,,,,,,,,,,,,,,,,,,,,,,,,,,,,,,,
,,,,,,1516905,Building Materials,Decking & Railing,Fascia Boards,1516905,1516905,1x12-12' Millstone - Trex Select 2.0 Fascia,TREX,-- No Unilog Brand --,-- No DIB Brand --,Boise Cascade Building Materials (BOICA),Boise Cascade,Trex,,1516905,,Building Materials>Decking & Railing>Fascia Boards,"Boise Cascade Trex, Fascia Boards, 1516905",1X12-12' MILLSTONE - TREX SELECT 2.0 FASCIA,Trex 1516905 Fascia Boards,1x12-12' Millstone - Trex Select 2.0 Fascia,Trex 1516905 Fascia Boards,,,,,,,,,,,,,,,,,,,,,,,,,,,Fascia Boards,Dimension,1x12-12,,,,,,,,,,,,,,,,,,,,,,,,,,,,,,,,,,,,,,,,,,,,,,,,,,,,,,,,,,,,,,,,,,,,,,,,,,,,,,,,,,,,,,,,,,,,,,,,,,,,,,,,,,,,,,,,,,,,,,,,,,,,,,,,,,,,,,,,,,,,,,,,,,,,,,,,,,,,,,,,,,,,,,,,,,,,,,,,,,,,,,,,,,,,,,,,,,,
,,,,,,543007936,Building Materials,Decking & Railing,Fascia Boards,543007936,543007936,1x12-12' Whiskey Barrel - Trex Select 2.0 Fascia,TREX,-- No Unilog Brand --,-- No DIB Brand --,Boise Cascade Building Materials (BOICA),Whirlpool Corporation,Whirlpool®,,WDTS7024RZ,,Appliances & Consumer Electronics>Kitchen Appliances>Built-In Dishwashers,"Whirlpool, Dishwasher, Eco Series, W",1X12-12' WHISKEY BARREL - TREX SELECT 2.0 FASCIA,Whirlpool® 543007936 Fascia Boards,1x12-12' Whiskey Barrel - Trex Select 2.0 Fascia,Whirlpool® 543007936 Fascia Boards,,,,,,,,,,,,,,,,,,,,,,,,,,,Fascia Boards,Dimension,1x12-12,,,,,,,,,,,,,,,,,,,,,,,,,,,,,,,,,,,,,,,,,,,,,,,,,,,,,,,,,,,,,,,,,,,,,,,,,,,,,,,,,,,,,,,,,,,,,,,,,,,,,,,,,,,,,,,,,,,,,,,,,,,,,,,,,,,,,,,,,,,,,,,,,,,,,,,,,,,,,,,,,,,,,,,,,,,,,,,,,,,,,,,,,,,,,,,,,,,
,,,,,,543144908,Building Materials,Decking & Railing,Composite Decking,543144908,543144908,1x8-12' Island Mist - Trex Lineage,TREX,-- No Unilog Brand --,-- No DIB Brand --,U S Lumber (3073),Whirlpool Corporation,Whirlpool®,,WDTS7024RZ,,Appliances & Consumer Electronics>Kitchen Appliances>Built-In Dishwashers,"Whirlpool, Dishwasher, Eco Series, W",1X8-12' ISLAND MIST - TREX LINEAGE,Whirlpool® 543144908 Composite Decking,1x8-12' Island Mist - Trex Lineage,Whirlpool® 543144908 Composite Decking,,,,,,,,,,,,,,,,,,,,,,,,,,,Composite Decking,Thickness,1,in,Width,8,in,Length,12,ft,,,,,,,,,,,,,,,,,,,,,,,,,,,,,,,,,,,,,,,,,,,,,,,,,,,,,,,,,,,,,,,,,,,,,,,,,,,,,,,,,,,,,,,,,,,,,,,,,,,,,,,,,,,,,,,,,,,,,,,,,,,,,,,,,,,,,,,,,,,,,,,,,,,,,,,12,ft,,,8,in,,,,,,,,,,,,,,,,,,,,,,,,,,,,,,,,
,,,,,,543141908,Building Materials,Decking & Railing,Composite Decking,543141908,543141908,1x8-12' Rainier - Trex Lineage,TREX,-- No Unilog Brand --,-- No DIB Brand --,U S Lumber (3073),Whirlpool Corporation,Whirlpool®,,WDTS7024RZ,,Appliances & Consumer Electronics>Kitchen Appliances>Built-In Dishwashers,"Whirlpool, Dishwasher, Eco Series, W",1X8-12' RAINIER - TREX LINEAGE,Whirlpool® 543141908 Composite Decking,1x8-12' Rainier - Trex Lineage,Whirlpool® 543141908 Composite Decking,,,,,,,,,,,,,,,,,,,,,,,,,,,Composite Decking,Thickness,1,in,Width,8,in,Length,12,ft,,,,,,,,,,,,,,,,,,,,,,,,,,,,,,,,,,,,,,,,,,,,,,,,,,,,,,,,,,,,,,,,,,,,,,,,,,,,,,,,,,,,,,,,,,,,,,,,,,,,,,,,,,,,,,,,,,,,,,,,,,,,,,,,,,,,,,,,,,,,,,,,,,,,,,,12,ft,,,8,in,,,,,,,,,,,,,,,,,,,,,,,,,,,,,,,,
,,,,,,543144912,Building Materials,Decking & Railing,Composite Decking,543144912,543144912,1x12-12' Island Mist - Trex Lineage,TREX,-- No Unilog Brand --,-- No DIB Brand --,U S Lumber (3073),Whirlpool Corporation,Whirlpool®,,WDTS7024RZ,,Appliances & Consumer Electronics>Kitchen Appliances>Built-In Dishwashers,"Whirlpool, Dishwasher, Eco Series, W",1X12-12' ISLAND MIST - TREX LINEAGE,Whirlpool® 543144912 Composite Decking,1x12-12' Island Mist - Trex Lineage,Whirlpool® 543144912 Composite Decking,,,,,,,,,,,,,,,,,,,,,,,,,,,Composite Decking,Thickness,1,in,Width,12,in,Length,12,ft,,,,,,,,,,,,,,,,,,,,,,,,,,,,,,,,,,,,,,,,,,,,,,,,,,,,,,,,,,,,,,,,,,,,,,,,,,,,,,,,,,,,,,,,,,,,,,,,,,,,,,,,,,,,,,,,,,,,,,,,,,,,,,,,,,,,,,,,,,,,,,,,,,,,,,,12,ft,,,12,in,,,,,,,,,,,,,,,,,,,,,,,,,,,,,,,,
,,,,,,543141912,Building Materials,Decking & Railing,Composite Decking,543141912,543141912,1x12-12' Rainier - Trex Lineage,TREX,-- No Unilog Brand --,-- No DIB Brand --,U S Lumber (3073),Whirlpool Corporation,Whirlpool®,,WDTS7024RZ,,Appliances & Consumer Electronics>Kitchen Appliances>Built-In Dishwashers,"Whirlpool, Dishwasher, Eco Series, W",1X12-12' RAINIER - TREX LINEAGE,Whirlpool® 543141912 Composite Decking,1x12-12' Rainier - Trex Lineage,Whirlpool® 543141912 Composite Decking,,,,,,,,,,,,,,,,,,,,,,,,,,,Composite Decking,Thickness,1,in,Width,12,in,Length,12,ft,,,,,,,,,,,,,,,,,,,,,,,,,,,,,,,,,,,,,,,,,,,,,,,,,,,,,,,,,,,,,,,,,,,,,,,,,,,,,,,,,,,,,,,,,,,,,,,,,,,,,,,,,,,,,,,,,,,,,,,,,,,,,,,,,,,,,,,,,,,,,,,,,,,,,,,12,ft,,,12,in,,,,,,,,,,,,,,,,,,,,,,,,,,,,,,,,
,,,,,,1513713,Building Materials,Decking & Railing,Composite Decking,1513713,1513713,1x8-12' Hatteras - Trex Lineage,TREX,-- No Unilog Brand --,-- No DIB Brand --,Boise Cascade Building Materials (BOICA),Boise Cascade,Trex,,1513713,,Building Materials>Decking & Railing>Composite Decking,"Boise Cascade Trex, Composite Decking, 1513713",1X8-12' HATTERAS - TREX LINEAGE,Trex 1513713 Composite Decking,1x8-12' Hatteras - Trex Lineage,Trex 1513713 Composite Decking,,,,,,,,,,,,,,,,,,,,,,,,,,,Composite Decking,Thickness,1,in,Width,8,in,Length,12,ft,,,,,,,,,,,,,,,,,,,,,,,,,,,,,,,,,,,,,,,,,,,,,,,,,,,,,,,,,,,,,,,,,,,,,,,,,,,,,,,,,,,,,,,,,,,,,,,,,,,,,,,,,,,,,,,,,,,,,,,,,,,,,,,,,,,,,,,,,,,,,,,,,,,,,,,12,ft,,,8,in,,,,,,,,,,,,,,,,,,,,,,,,,,,,,,,,
,,,,,,1513714,Building Materials,Decking & Railing,Composite Decking,1513714,1513714,1x8-12' Salt Flat - Trex Lineage,TREX,-- No Unilog Brand --,-- No DIB Brand --,Boise Cascade Building Materials (BOICA),Boise Cascade,Trex,,1513714,,Building Materials>Decking & Railing>Composite Decking,"Boise Cascade Trex, Composite Decking, 1513714",1X8-12' SALT FLAT - TREX LINEAGE,Trex 1513714 Composite Decking,1x8-12' Salt Flat - Trex Lineage,Trex 1513714 Composite Decking,,,,,,,,,,,,,,,,,,,,,,,,,,,Composite Decking,Thickness,1,in,Width,8,in,Length,12,ft,,,,,,,,,,,,,,,,,,,,,,,,,,,,,,,,,,,,,,,,,,,,,,,,,,,,,,,,,,,,,,,,,,,,,,,,,,,,,,,,,,,,,,,,,,,,,,,,,,,,,,,,,,,,,,,,,,,,,,,,,,,,,,,,,,,,,,,,,,,,,,,,,,,,,,,12,ft,,,8,in,,,,,,,,,,,,,,,,,,,,,,,,,,,,,,,,
,,,,,,73012503,,,,73012503,73012503,4x4 Wh Heritage Post Trim RDI,-- Unbranded --,-- No Unilog Brand --,-- No DIB Brand --,-,-,-- Unbranded --,,73012503,,,"- -- Unbranded --, Hardware & Tools, 73012503",4X4 WH HERITAGE POST TRIM RDI,-- Unbranded -- 73012503 Hardware & Tools,4x4 Wh Heritage Post Trim RDI,-- Unbranded -- 73012503 Hardware & Tools,,,,,,,,,,,,,,,,,,,,,,,,,,,Hardware & Tools,Dimension,4x4,,,,,,,,,,,,,,,,,,,,,,,,,,,,,,,,,,,,,,,,,,,,,,,,,,,,,,,,,,,,,,,,,,,,,,,,,,,,,,,,,,,,,,,,,,,,,,,,,,,,,,,,,,,,,,,,,,,,,,,,,,,,,,,,,,,,,,,,,,,,,,,,,,,,,,,,,,,,,,,,,,,,,,,,,,,,,,,,,,,,,,,,,,,,,,,,,,,
,,,,,,73018131,,,,73018131,73018131,6x6 Wh Elite Post Trim 4pc RDI,-- Unbranded --,-- No Unilog Brand --,-- No DIB Brand --,-,-,-- Unbranded --,,73018131,,,"- -- Unbranded --, Hardware & Tools, 73018131",6X6 WH ELITE POST TRIM 4PC RDI,-- Unbranded -- 73018131 Hardware & Tools,6x6 Wh Elite Post Trim 4pc RDI,-- Unbranded -- 73018131 Hardware & Tools,,,,,,,,,,,,,,,,,,,,,,,,,,,Hardware & Tools,Dimension,6x6,,Pack Quantity,4,,,,,,,,,,,,,,,,,,,,,,,,,,,,,,,,,,,,,,,,,,,,,,,,,,,,,,,,,,,,,,,,,,,,,,,,,,,,,,,,,,,,,,,,,,,,,,,,,,,,,,,,,,,,,,,,,,,,,,,,,,,,,,,,,,,,,,,,,,,,,,,,,,,,,,,,,,,,,,,,,,,,,,,,,,,,,,,,,,,,,,,,,,,,,,,,
,,,,,,73018091,,,,73018091,73018091,4x4 Wh Elite Post Trim RDI,-- Unbranded --,-- No Unilog Brand --,-- No DIB Brand --,-,Whirlpool Corporation,Whirlpool®,,WDTS7024RZ,,Appliances & Consumer Electronics>Kitchen Appliances>Built-In Dishwashers,"Whirlpool, Dishwasher, Eco Series, W",4X4 WH ELITE POST TRIM RDI,Whirlpool® 73018091 Hardware & Tools,4x4 Wh Elite Post Trim RDI,Whirlpool® 73018091 Hardware & Tools,,,,,,,,,,,,,,,,,,,,,,,,,,,Hardware & Tools,Dimension,4x4,,,,,,,,,,,,,,,,,,,,,,,,,,,,,,,,,,,,,,,,,,,,,,,,,,,,,,,,,,,,,,,,,,,,,,,,,,,,,,,,,,,,,,,,,,,,,,,,,,,,,,,,,,,,,,,,,,,,,,,,,,,,,,,,,,,,,,,,,,,,,,,,,,,,,,,,,,,,,,,,,,,,,,,,,,,,,,,,,,,,,,,,,,,,,,,,,,,
,,,,,,73018066,,,,73018066,73018066,Clay 6x6 Elite Post Trim RDI - 4pc,-- Unbranded --,-- No Unilog Brand --,-- No DIB Brand --,-,-,-- Unbranded --,,73018066,,,"- -- Unbranded --, Hardware & Tools, 73018066",CLAY 6X6 ELITE POST TRIM RDI - 4PC,-- Unbranded -- 73018066 Hardware & Tools,Clay 6x6 Elite Post Trim RDI - 4pc,-- Unbranded -- 73018066 Hardware & Tools,,,,,,,,,,,,,,,,,,,,,,,,,,,Hardware & Tools,Dimension,6x6,,Pack Quantity,4,,,,,,,,,,,,,,,,,,,,,,,,,,,,,,,,,,,,,,,,,,,,,,,,,,,,,,,,,,,,,,,,,,,,,,,,,,,,,,,,,,,,,,,,,,,,,,,,,,,,,,,,,,,,,,,,,,,,,,,,,,,,,,,,,,,,,,,,,,,,,,,,,,,,,,,,,,,,,,,,,,,,,,,,,,,,,,,,,,,,,,,,,,,,,,,,
,,,,,,73018076,,,,73018076,73018076,4x4 Wh Flat Post Cap RDI,-- Unbranded --,-- No Unilog Brand --,-- No DIB Brand --,-,-,-- Unbranded --,,73018076,,,"- -- Unbranded --, Hardware & Tools, 73018076",4X4 WH FLAT POST CAP RDI,-- Unbranded -- 73018076 Hardware & Tools,4x4 Wh Flat Post Cap RDI,-- Unbranded -- 73018076 Hardware & Tools,,,,,,,,,,,,,,,,,,,,,,,,,,,Hardware & Tools,Dimension,4x4,,,,,,,,,,,,,,,,,,,,,,,,,,,,,,,,,,,,,,,,,,,,,,,,,,,,,,,,,,,,,,,,,,,,,,,,,,,,,,,,,,,,,,,,,,,,,,,,,,,,,,,,,,,,,,,,,,,,,,,,,,,,,,,,,,,,,,,,,,,,,,,,,,,,,,,,,,,,,,,,,,,,,,,,,,,,,,,,,,,,,,,,,,,,,,,,,,,
,,,,,,61109087,,,,61109087,61109087,Wh 4x4-39 Blank Post RDI,-- Unbranded --,-- No Unilog Brand --,-- No DIB Brand --,-,-,-- Unbranded --,,61109087,,,"- -- Unbranded --, Hardware & Tools, 61109087",WH 4X4-39 BLANK POST RDI,-- Unbranded -- 61109087 Hardware & Tools,Wh 4x4-39 Blank Post RDI,-- Unbranded -- 61109087 Hardware & Tools,,,,,,,,,,,,,,,,,,,,,,,,,,,Hardware & Tools,Dimension,4x4-39,,,,,,,,,,,,,,,,,,,,,,,,,,,,,,,,,,,,,,,,,,,,,,,,,,,,,,,,,,,,,,,,,,,,,,,,,,,,,,,,,,,,,,,,,,,,,,,,,,,,,,,,,,,,,,,,,,,,,,,,,,,,,,,,,,,,,,,,,,,,,,,,,,,,,,,,,,,,,,,,,,,,,,,,,,,,,,,,,,,,,,,,,,,,,,,,,,,
,,,,,,73018731,,,,73018731,73018731,Wh 6x6-108 Post Sleeve RDI,-- Unbranded --,-- No Unilog Brand --,-- No DIB Brand --,-,-,-- Unbranded --,,73018731,,,"- -- Unbranded --, Hardware & Tools, 73018731",WH 6X6-108 POST SLEEVE RDI,-- Unbranded -- 73018731 Hardware & Tools,Wh 6x6-108 Post Sleeve RDI,-- Unbranded -- 73018731 Hardware & Tools,,,,,,,,,,,,,,,,,,,,,,,,,,,Hardware & Tools,Dimension,6x6-108,,,,,,,,,,,,,,,,,,,,,,,,,,,,,,,,,,,,,,,,,,,,,,,,,,,,,,,,,,,,,,,,,,,,,,,,,,,,,,,,,,,,,,,,,,,,,,,,,,,,,,,,,,,,,,,,,,,,,,,,,,,,,,,,,,,,,,,,,,,,,,,,,,,,,,,,,,,,,,,,,,,,,,,,,,,,,,,,,,,,,,,,,,,,,,,,,,,
,,,,,,61109090,,,,61109090,61109090,Wh 4x4-108 Post Sleeve RDI,-- Unbranded --,-- No Unilog Brand --,-- No DIB Brand --,-,-,-- Unbranded --,,61109090,,,"- -- Unbranded --, Hardware & Tools, 61109090",WH 4X4-108 POST SLEEVE RDI,-- Unbranded -- 61109090 Hardware & Tools,Wh 4x4-108 Post Sleeve RDI,-- Unbranded -- 61109090 Hardware & Tools,,,,,,,,,,,,,,,,,,,,,,,,,,,Hardware & Tools,Dimension,4x4-108,,,,,,,,,,,,,,,,,,,,,,,,,,,,,,,,,,,,,,,,,,,,,,,,,,,,,,,,,,,,,,,,,,,,,,,,,,,,,,,,,,,,,,,,,,,,,,,,,,,,,,,,,,,,,,,,,,,,,,,,,,,,,,,,,,,,,,,,,,,,,,,,,,,,,,,,,,,,,,,,,,,,,,,,,,,,,,,,,,,,,,,,,,,,,,,,,,,
,,,,,,73053603,,,,73053603,73053603,Clay 4x4-108 Post Sleeve RDI,-- Unbranded --,-- No Unilog Brand --,-- No DIB Brand --,-,-,-- Unbranded --,,73053603,,,"- -- Unbranded --, Hardware & Tools, 73053603",CLAY 4X4-108 POST SLEEVE RDI,-- Unbranded -- 73053603 Hardware & Tools,Clay 4x4-108 Post Sleeve RDI,-- Unbranded -- 73053603 Hardware & Tools,,,,,,,,,,,,,,,,,,,,,,,,,,,Hardware & Tools,Dimension,4x4-108,,,,,,,,,,,,,,,,,,,,,,,,,,,,,,,,,,,,,,,,,,,,,,,,,,,,,,,,,,,,,,,,,,,,,,,,,,,,,,,,,,,,,,,,,,,,,,,,,,,,,,,,,,,,,,,,,,,,,,,,,,,,,,,,,,,,,,,,,,,,,,,,,,,,,,,,,,,,,,,,,,,,,,,,,,,,,,,,,,,,,,,,,,,,,,,,,,,
,,,,,,73053608,,,,73053608,73053608,Clay 6x6-108 Post Sleeve RDI,-- Unbranded --,-- No Unilog Brand --,-- No DIB Brand --,-,-,-- Unbranded --,,73053608,,,"- -- Unbranded --, Hardware & Tools, 73053608",CLAY 6X6-108 POST SLEEVE RDI,-- Unbranded -- 73053608 Hardware & Tools,Clay 6x6-108 Post Sleeve RDI,-- Unbranded -- 73053608 Hardware & Tools,,,,,,,,,,,,,,,,,,,,,,,,,,,Hardware & Tools,Dimension,6x6-108,,,,,,,,,,,,,,,,,,,,,,,,,,,,,,,,,,,,,,,,,,,,,,,,,,,,,,,,,,,,,,,,,,,,,,,,,,,,,,,,,,,,,,,,,,,,,,,,,,,,,,,,,,,,,,,,,,,,,,,,,,,,,,,,,,,,,,,,,,,,,,,,,,,,,,,,,,,,,,,,,,,,,,,,,,,,,,,,,,,,,,,,,,,,,,,,,,,
,,,,,,543340896,Building Materials,Decking & Railing,Deck Railings,543340896,543340896,"4x4-37"" Black Alum Post Sleeve Select Alum Railing - w/Cap & Skirt",TREX,-- No Unilog Brand --,-- No DIB Brand --,Boise Cascade Building Materials (BOICA),Boise Cascade,Trex,,543340896,,Building Materials>Decking & Railing>Deck Railings,"Boise Cascade Trex, Deck Railings, 543340896","4X4-37"" BLACK ALUM POST SLEEVE SELECT ALUM RAILING - W/CAP & SKIRT",Trex 543340896 Deck Railings,"4x4-37"" Black Alum Post Sleeve Select Alum Railing - w/Cap & Skirt",Trex 543340896 Deck Railings,,,,,,,,,,,,,,,,,,,,,,,,,,,Deck Railings,Thickness,4,in,Width,4,in,Length,37,ft,Color,Black,,,,,,,,,,,,,,,,,,,,,,,,,,,,,,,,,,,,,,,,,,,,,,,,,,,,,,,,,,,,,,,,,,,,,,,,,,,,,,,,,,,,,,,,,,,,,,,,,,,,,,,,,,,,,,,,,,,,,,,,,,,,,,,,,,,,,,,,,,,,,,,,,,,,,37,ft,,,4,in,,,,,,,,,,,,,,,,,,,,,,,,,,,,,,,,
,,,,,,543340898,Building Materials,Decking & Railing,Deck Railings,543340898,543340898,"4x4-43"" Black Alum Post Sleeve Select Alum Railing w/Cap & Skirt",TREX,-- No Unilog Brand --,-- No DIB Brand --,Boise Cascade Building Materials (BOICA),Boise Cascade,Trex,,543340898,,Building Materials>Decking & Railing>Deck Railings,"Boise Cascade Trex, Deck Railings, 543340898","4X4-43"" BLACK ALUM POST SLEEVE SELECT ALUM RAILING W/CAP & SKIRT",Trex 543340898 Deck Railings,"4x4-43"" Black Alum Post Sleeve Select Alum Railing w/Cap & Skirt",Trex 543340898 Deck Railings,,,,,,,,,,,,,,,,,,,,,,,,,,,Deck Railings,Thickness,4,in,Width,4,in,Length,43,ft,Color,Black,,,,,,,,,,,,,,,,,,,,,,,,,,,,,,,,,,,,,,,,,,,,,,,,,,,,,,,,,,,,,,,,,,,,,,,,,,,,,,,,,,,,,,,,,,,,,,,,,,,,,,,,,,,,,,,,,,,,,,,,,,,,,,,,,,,,,,,,,,,,,,,,,,,,,43,ft,,,4,in,,,,,,,,,,,,,,,,,,,,,,,,,,,,,,,,
,,,,,,73272TBK,,,,73272TBK,73272TBK,6x6-10' Black Alum Deco - Support Post,DSI Westbury,-- No Unilog Brand --,-- No DIB Brand --,Palmer Donavin Mfg Company (PALDO),Palmer Donavin Mfg Company,DSI Westbury,,73272TBK,,,"Palmer Donavin Mfg Company DSI Westbury, Hardware & Tools, 73272TBK",6X6-10' BLACK ALUM DECO - SUPPORT POST,DSI Westbury 73272TBK Hardware & Tools,6x6-10' Black Alum Deco - Support Post,DSI Westbury 73272TBK Hardware & Tools,,,,,,,,,,,,,,,,,,,,,,,,,,,Hardware & Tools,Dimension,6x6-10,,,,,,,,,,,,,,,,,,,,,,,,,,,,,,,,,,,,,,,,,,,,,,,,,,,,,,,,,,,,,,,,,,,,,,,,,,,,,,,,,,,,,,,,,,,,,,,,,,,,,,,,,,,,,,,,,,,,,,,,,,,,,,,,,,,,,,,,,,,,,,,,,,,,,,,,,,,,,,,,,,,,,,,,,,,,,,,,,,,,,,,,,,,,,,,,,,,
,,,,,,543302127,Building Materials,Decking & Railing,Deck Railings,543302127,543302127,6' Wh Select T-Rail Kit Stair - w/Sq Composite Balusters,TREX,-- No Unilog Brand --,-- No DIB Brand --,U S Lumber (3073),U.S. Lumber,Trex,,543302127,,Building Materials>Decking & Railing>Deck Railings,"U.S. Lumber Trex, Deck Railings, 543302127",6' WH SELECT T-RAIL KIT STAIR - W/SQ COMPOSITE BALUSTERS,Trex 543302127 Deck Railings,6' Wh Select T-Rail Kit Stair - w/Sq Composite Balusters,Trex 543302127 Deck Railings,,,,,,,,,,,,,,,,,,,,,,,,,,,Deck Railings,,,,,,,,,,,,,,,,,,,,,,,,,,,,,,,,,,,,,,,,,,,,,,,,,,,,,,,,,,,,,,,,,,,,,,,,,,,,,,,,,,,,,,,,,,,,,,,,,,,,,,,,,,,,,,,,,,,,,,,,,,,,,,,,,,,,,,,,,,,,,,,,,,,,,,,,,,,,,,,,,,,,,,,,,,,,,,,,,,,,,,,,,,,,,,,,,,,,,
,,,,,,543302147,Building Materials,Decking & Railing,Deck Railings,543302147,543302147,8' Wh Select T-Rail Kit Stair - w/Sq Composite Balusters,TREX,-- No Unilog Brand --,-- No DIB Brand --,U S Lumber (3073),U.S. Lumber,Trex,,543302147,,Building Materials>Decking & Railing>Deck Railings,"U.S. Lumber Trex, Deck Railings, 543302147",8' WH SELECT T-RAIL KIT STAIR - W/SQ COMPOSITE BALUSTERS,Trex 543302147 Deck Railings,8' Wh Select T-Rail Kit Stair - w/Sq Composite Balusters,Trex 543302147 Deck Railings,,,,,,,,,,,,,,,,,,,,,,,,,,,Deck Railings,,,,,,,,,,,,,,,,,,,,,,,,,,,,,,,,,,,,,,,,,,,,,,,,,,,,,,,,,,,,,,,,,,,,,,,,,,,,,,,,,,,,,,,,,,,,,,,,,,,,,,,,,,,,,,,,,,,,,,,,,,,,,,,,,,,,,,,,,,,,,,,,,,,,,,,,,,,,,,,,,,,,,,,,,,,,,,,,,,,,,,,,,,,,,,,,,,,,,
,,,,,,73019599,Building Materials,Decking & Railing,Deck Railings,73019599,73019599,Finyline Wh 6' Str Rail Kit Sq,-- Unbranded --,-- No Unilog Brand --,-- No DIB Brand --,-,-,-- Unbranded --,,73019599,,Building Materials>Decking & Railing>Deck Railings,"- -- Unbranded --, Deck Railings, 73019599",FINYLINE WH 6' STR RAIL KIT SQ,-- Unbranded -- 73019599 Deck Railings,Finyline Wh 6' Str Rail Kit Sq,-- Unbranded -- 73019599 Deck Railings,,,,,,,,,,,,,,,,,,,,,,,,,,,Deck Railings,,,,,,,,,,,,,,,,,,,,,,,,,,,,,,,,,,,,,,,,,,,,,,,,,,,,,,,,,,,,,,,,,,,,,,,,,,,,,,,,,,,,,,,,,,,,,,,,,,,,,,,,,,,,,,,,,,,,,,,,,,,,,,,,,,,,,,,,,,,,,,,,,,,,,,,,,,,,,,,,,,,,,,,,,,,,,,,,,,,,,,,,,,,,,,,,,,,,,
,,,,,,73019648,Building Materials,Decking & Railing,Deck Railings,73019648,73019648,Finyline Wh 8' Str Rail Kit Sq,-- Unbranded --,-- No Unilog Brand --,-- No DIB Brand --,-,-,-- Unbranded --,,73019648,,Building Materials>Decking & Railing>Deck Railings,"- -- Unbranded --, Deck Railings, 73019648",FINYLINE WH 8' STR RAIL KIT SQ,-- Unbranded -- 73019648 Deck Railings,Finyline Wh 8' Str Rail Kit Sq,-- Unbranded -- 73019648 Deck Railings,,,,,,,,,,,,,,,,,,,,,,,,,,,Deck Railings,,,,,,,,,,,,,,,,,,,,,,,,,,,,,,,,,,,,,,,,,,,,,,,,,,,,,,,,,,,,,,,,,,,,,,,,,,,,,,,,,,,,,,,,,,,,,,,,,,,,,,,,,,,,,,,,,,,,,,,,,,,,,,,,,,,,,,,,,,,,,,,,,,,,,,,,,,,,,,,,,,,,,,,,,,,,,,,,,,,,,,,,,,,,,,,,,,,,,
,,,,,,73019598,Building Materials,Decking & Railing,Deck Railings,73019598,73019598,Finyline Wh 6' Str Rail Kit Rd - w/Black Alum Balusters,-- Unbranded --,-- No Unilog Brand --,-- No DIB Brand --,-,-,-- Unbranded --,,73019598,,Building Materials>Decking & Railing>Deck Railings,"- -- Unbranded --, Deck Railings, 73019598",FINYLINE WH 6' STR RAIL KIT RD - W/BLACK ALUM BALUSTERS,-- Unbranded -- 73019598 Deck Railings,Finyline Wh 6' Str Rail Kit Rd - w/Black Alum Balusters,-- Unbranded -- 73019598 Deck Railings,,,,,,,,,,,,,,,,,,,,,,,,,,,Deck Railings,Color,Black,,,,,,,,,,,,,,,,,,,,,,,,,,,,,,,,,,,,,,,,,,,,,,,,,,,,,,,,,,,,,,,,,,,,,,,,,,,,,,,,,,,,,,,,,,,,,,,,,,,,,,,,,,,,,,,,,,,,,,,,,,,,,,,,,,,,,,,,,,,,,,,,,,,,,,,,,,,,,,,,,,,,,,,,,,,,,,,,,,,,,,,,,,,,,,,,,,,
,,,,,,73019647,Building Materials,Decking & Railing,Deck Railings,73019647,73019647,Finyline Wh 8' Str Rail Kit Rd - w/Black Alum Balusters,-- Unbranded --,-- No Unilog Brand --,-- No DIB Brand --,-,-,-- Unbranded --,,73019647,,Building Materials>Decking & Railing>Deck Railings,"- -- Unbranded --, Deck Railings, 73019647",FINYLINE WH 8' STR RAIL KIT RD - W/BLACK ALUM BALUSTERS,-- Unbranded -- 73019647 Deck Railings,Finyline Wh 8' Str Rail Kit Rd - w/Black Alum Balusters,-- Unbranded -- 73019647 Deck Railings,,,,,,,,,,,,,,,,,,,,,,,,,,,Deck Railings,Color,Black,,,,,,,,,,,,,,,,,,,,,,,,,,,,,,,,,,,,,,,,,,,,,,,,,,,,,,,,,,,,,,,,,,,,,,,,,,,,,,,,,,,,,,,,,,,,,,,,,,,,,,,,,,,,,,,,,,,,,,,,,,,,,,,,,,,,,,,,,,,,,,,,,,,,,,,,,,,,,,,,,,,,,,,,,,,,,,,,,,,,,,,,,,,,,,,,,,,
,,,,,,543300257,Building Materials,Decking & Railing,Deck Railings,543300257,543300257,6' Black Select Classic Stair - Rail w/Rnd Black Alum Baluster,TREX,-- No Unilog Brand --,-- No DIB Brand --,Boise Cascade Building Materials (BOICA),Boise Cascade,Trex,,543300257,,Building Materials>Decking & Railing>Deck Railings,"Boise Cascade Trex, Deck Railings, 543300257",6' BLACK SELECT CLASSIC STAIR - RAIL W/RND BLACK ALUM BALUSTER,Trex 543300257 Deck Railings,6' Black Select Classic Stair - Rail w/Rnd Black Alum Baluster,Trex 543300257 Deck Railings,,,,,,,,,,,,,,,,,,,,,,,,,,,Deck Railings,Color,Black,,,,,,,,,,,,,,,,,,,,,,,,,,,,,,,,,,,,,,,,,,,,,,,,,,,,,,,,,,,,,,,,,,,,,,,,,,,,,,,,,,,,,,,,,,,,,,,,,,,,,,,,,,,,,,,,,,,,,,,,,,,,,,,,,,,,,,,,,,,,,,,,,,,,,,,,,,,,,,,,,,,,,,,,,,,,,,,,,,,,,,,,,,,,,,,,,,,
,,,,,,543300277,Building Materials,Decking & Railing,Deck Railings,543300277,543300277,8' Black Select Classic Stair - Rail w/Rnd Black Alum Baluster,TREX,-- No Unilog Brand --,-- No DIB Brand --,Boise Cascade Building Materials (BOICA),Boise Cascade,Trex,,543300277,,Building Materials>Decking & Railing>Deck Railings,"Boise Cascade Trex, Deck Railings, 543300277",8' BLACK SELECT CLASSIC STAIR - RAIL W/RND BLACK ALUM BALUSTER,Trex 543300277 Deck Railings,8' Black Select Classic Stair - Rail w/Rnd Black Alum Baluster,Trex 543300277 Deck Railings,,,,,,,,,,,,,,,,,,,,,,,,,,,Deck Railings,Color,Black,,,,,,,,,,,,,,,,,,,,,,,,,,,,,,,,,,,,,,,,,,,,,,,,,,,,,,,,,,,,,,,,,,,,,,,,,,,,,,,,,,,,,,,,,,,,,,,,,,,,,,,,,,,,,,,,,,,,,,,,,,,,,,,,,,,,,,,,,,,,,,,,,,,,,,,,,,,,,,,,,,,,,,,,,,,,,,,,,,,,,,,,,,,,,,,,,,,
,,,,,,SPB-44BPL,,,,SPB-44BPL,SPB-44BPL,"Patriot 4""x4""x37""/43"" Adjustable Self Leveling Support Post",-- Unbranded --,-- No Unilog Brand --,-- No DIB Brand --,-,-,-- Unbranded --,,SPB-44BPL,,,"- -- Unbranded --, Hardware & Tools, SPB-44BPL","PATRIOT 4""X4""X37""/43"" ADJUSTABLE SELF LEVELING SUPPORT POST",-- Unbranded -- SPB-44BPL Hardware & Tools,"Patriot 4""x4""x37""/43"" Adjustable Self Leveling Support Post",-- Unbranded -- SPB-44BPL Hardware & Tools,,,,,,,,,,,,,,,,,,,,,,,,,,,Hardware & Tools,Dimension,"4""x4",,,,,,,,,,,,,,,,,,,,,,,,,,,,,,,,,,,,,,,,,,,,,,,,,,,,,,,,,,,,,,,,,,,,,,,,,,,,,,,,,,,,,,,,,,,,,,,,,,,,,,,,,,,,,,,,,,,,,,,,,,,,,,,,,,,,,,,,,,,,,,,,,,,,,,,,,,,,,,,,,,,,,,,,,,,,,,,,,,,,,,,,,,,,,,,,,,,
,,,,,,925219,Building Materials,Decking & Railing,Composite Decking,925219,925219,"2""x50' Deck Joist Tape - Protecto Wrap",-- Unbranded --,-- No Unilog Brand --,-- No DIB Brand --,Palmer Donavin Mfg Company (PALDO),Palmer Donavin Mfg Company,-- Unbranded --,,925219,,Building Materials>Decking & Railing>Composite Decking,"Palmer Donavin Mfg Company -- Unbranded --, Composite Decking, 925219","2""X50' DECK JOIST TAPE - PROTECTO WRAP",-- Unbranded -- 925219 Composite Decking,"2""x50' Deck Joist Tape - Protecto Wrap",-- Unbranded -- 925219 Composite Decking,,,,,,,,,,,,,,,,,,,,,,,,,,,Composite Decking,,,,,,,,,,,,,,,,,,,,,,,,,,,,,,,,,,,,,,,,,,,,,,,,,,,,,,,,,,,,,,,,,,,,,,,,,,,,,,,,,,,,,,,,,,,,,,,,,,,,,,,,,,,,,,,,,,,,,,,,,,,,,,,,,,,,,,,,,,,,,,,,,,,,,,,,,,,,,,,,,,,,,,,,,,,,,,,,,,,,,,,,,,,,,,,,,,,,,
,,,,,,27233,Building Materials,Doors & Windows,Entry Doors,27233,27233,24x48 WH Attic Access Door,AJM,-- No Unilog Brand --,-- No DIB Brand --,A J Manufacturing Inc (AJMAN),A.J. Manufacturing Inc,AJM,,27233,,Building Materials>Doors & Windows>Entry Doors,"A.J. Manufacturing Inc AJM, Entry Doors, 27233",24X48 WH ATTIC ACCESS DOOR,AJM 27233 Entry Doors,24x48 WH Attic Access Door,AJM 27233 Entry Doors,,,,,,,,,,,,,,,,,,,,,,,,,,,Entry Doors,Dimension,24x48,,,,,,,,,,,,,,,,,,,,,,,,,,,,,,,,,,,,,,,,,,,,,,,,,,,,,,,,,,,,,,,,,,,,,,,,,,,,,,,,,,,,,,,,,,,,,,,,,,,,,,,,,,,,,,,,,,,,,,,,,,,,,,,,,,,,,,,,,,,,,,,,,,,,,,,,,,,,,,,,,,,,,,,,,,,,,,,,,,,,,,,,,,,,,,,,,,,
,,,,,,1517602,Lighting & Electrical,Lamps & Bulbs,High Intensity Discharge,1517602,1517602,6068R Gliding Patio Dr 4500 United Blk Ext/WH Int LowE Arg w/J,United Window & Door,-- No Unilog Brand --,-- No DIB Brand --,United Window & Door Manufacturing (UNIWI),United Window & Door Manufacturing,United Window & Door,,1517602,,Lighting & Electrical>Lamps & Bulbs>High Intensity Discharge,"United Window & Door Manufacturing United Window & Door, High Intensity Discharge, 1517602",6068R GLIDING PATIO DR 4500 UNITED BLK EXT/WH INT LOWE ARG W/J,United Window & Door 1517602 High Intensity Discharge,6068R Gliding Patio Dr 4500 United Blk Ext/WH Int LowE Arg w/J,United Window & Door 1517602 High Intensity Discharge,,,,,,,,,,,,,,,,,,,,,,,,,,,High Intensity Discharge,,,,,,,,,,,,,,,,,,,,,,,,,,,,,,,,,,,,,,,,,,,,,,,,,,,,,,,,,,,,,,,,,,,,,,,,,,,,,,,,,,,,,,,,,,,,,,,,,,,,,,,,,,,,,,,,,,,,,,,,,,,,,,,,,,,,,,,,,,,,,,,,,,,,,,,,,,,,,,,,,,,,,,,,,,,,,,,,,,,,,,,,,,,,,,,,,,,,,
,,,,,,1517603,Lighting & Electrical,Lamps & Bulbs,High Intensity Discharge,1517603,1517603,6068L Gliding Patio Dr 4500 United Blk Ext/WH Int LowE Arg w/J,United Window & Door,-- No Unilog Brand --,-- No DIB Brand --,United Window & Door Manufacturing (UNIWI),United Window & Door Manufacturing,United Window & Door,,1517603,,Lighting & Electrical>Lamps & Bulbs>High Intensity Discharge,"United Window & Door Manufacturing United Window & Door, High Intensity Discharge, 1517603",6068L GLIDING PATIO DR 4500 UNITED BLK EXT/WH INT LOWE ARG W/J,United Window & Door 1517603 High Intensity Discharge,6068L Gliding Patio Dr 4500 United Blk Ext/WH Int LowE Arg w/J,United Window & Door 1517603 High Intensity Discharge,,,,,,,,,,,,,,,,,,,,,,,,,,,High Intensity Discharge,,,,,,,,,,,,,,,,,,,,,,,,,,,,,,,,,,,,,,,,,,,,,,,,,,,,,,,,,,,,,,,,,,,,,,,,,,,,,,,,,,,,,,,,,,,,,,,,,,,,,,,,,,,,,,,,,,,,,,,,,,,,,,,,,,,,,,,,,,,,,,,,,,,,,,,,,,,,,,,,,,,,,,,,,,,,,,,,,,,,,,,,,,,,,,,,,,,,,
,,,,,,1517604,Lighting & Electrical,Lamps & Bulbs,High Intensity Discharge,1517604,1517604,6068L Gliding Patio Dr 4500 United White LowE Arg w/J,United Window & Door,-- No Unilog Brand --,-- No DIB Brand --,United Window & Door Manufacturing (UNIWI),United Window & Door Manufacturing,United Window & Door,,1517604,,Lighting & Electrical>Lamps & Bulbs>High Intensity Discharge,"United Window & Door Manufacturing United Window & Door, High Intensity Discharge, 1517604",6068L GLIDING PATIO DR 4500 UNITED WHITE LOWE ARG W/J,United Window & Door 1517604 High Intensity Discharge,6068L Gliding Patio Dr 4500 United White LowE Arg w/J,United Window & Door 1517604 High Intensity Discharge,,,,,,,,,,,,,,,,,,,,,,,,,,,High Intensity Discharge,,,,,,,,,,,,,,,,,,,,,,,,,,,,,,,,,,,,,,,,,,,,,,,,,,,,,,,,,,,,,,,,,,,,,,,,,,,,,,,,,,,,,,,,,,,,,,,,,,,,,,,,,,,,,,,,,,,,,,,,,,,,,,,,,,,,,,,,,,,,,,,,,,,,,,,,,,,,,,,,,,,,,,,,,,,,,,,,,,,,,,,,,,,,,,,,,,,,,
,,,,,,1517605,Lighting & Electrical,Lamps & Bulbs,High Intensity Discharge,1517605,1517605,6068R Gliding Patio Dr 4500 United White LowE Arg w/J,United Window & Door,-- No Unilog Brand --,-- No DIB Brand --,United Window & Door Manufacturing (UNIWI),United Window & Door Manufacturing,United Window & Door,,1517605,,Lighting & Electrical>Lamps & Bulbs>High Intensity Discharge,"United Window & Door Manufacturing United Window & Door, High Intensity Discharge, 1517605",6068R GLIDING PATIO DR 4500 UNITED WHITE LOWE ARG W/J,United Window & Door 1517605 High Intensity Discharge,6068R Gliding Patio Dr 4500 United White LowE Arg w/J,United Window & Door 1517605 High Intensity Discharge,,,,,,,,,,,,,,,,,,,,,,,,,,,High Intensity Discharge,,,,,,,,,,,,,,,,,,,,,,,,,,,,,,,,,,,,,,,,,,,,,,,,,,,,,,,,,,,,,,,,,,,,,,,,,,,,,,,,,,,,,,,,,,,,,,,,,,,,,,,,,,,,,,,,,,,,,,,,,,,,,,,,,,,,,,,,,,,,,,,,,,,,,,,,,,,,,,,,,,,,,,,,,,,,,,,,,,,,,,,,,,,,,,,,,,,,,
,,,,,,FS C01 2004S,Building Materials,Doors & Windows,Skylights,FS C01 2004S,FS C01 2004S,"FS C01 Velux Fxd Skylt Gry/Wh - w/Solar Shade RO 21""x26-7/8""",-- Unbranded --,-- No Unilog Brand --,-- No DIB Brand --,Velux America Inc (VELAM),VELUX America Inc,-- Unbranded --,,FS C01 2004S,,Building Materials>Doors & Windows>Skylights,"VELUX America Inc -- Unbranded --, Skylights, FS C01 2004S","FS C01 VELUX FXD SKYLT GRY/WH - W/SOLAR SHADE RO 21""X26-7/8""",-- Unbranded -- FS C01 2004S Skylights,"FS C01 Velux Fxd Skylt Gry/Wh - w/Solar Shade RO 21""x26-7/8""",-- Unbranded -- FS C01 2004S Skylights,,,,,,,,,,,,,,,,,,,,,,,,,,,Skylights,Dimension,"21""x26-7",,,,,,,,,,,,,,,,,,,,,,,,,,,,,,,,,,,,,,,,,,,,,,,,,,,,,,,,,,,,,,,,,,,,,,,,,,,,,,,,,,,,,,,,,,,,,,,,,,,,,,,,,,,,,,,,,,,,,,,,,,,,,,,,,,,,,,,,,,,,,,,,,,,,,,,,,,,,,,,,,,,,,,,,,,,,,,,,,,,,,,,,,,,,,,,,,,,
,,,,,,FS C04 2004S,Building Materials,Doors & Windows,Skylights,FS C04 2004S,FS C04 2004S,"FS C04 Velux Fxd Skylt Gry/Wh - w/Solar Shade RO 21""x37-7/8""",-- Unbranded --,-- No Unilog Brand --,-- No DIB Brand --,Velux America Inc (VELAM),VELUX America Inc,-- Unbranded --,,FS C04 2004S,,Building Materials>Doors & Windows>Skylights,"VELUX America Inc -- Unbranded --, Skylights, FS C04 2004S","FS C04 VELUX FXD SKYLT GRY/WH - W/SOLAR SHADE RO 21""X37-7/8""",-- Unbranded -- FS C04 2004S Skylights,"FS C04 Velux Fxd Skylt Gry/Wh - w/Solar Shade RO 21""x37-7/8""",-- Unbranded -- FS C04 2004S Skylights,,,,,,,,,,,,,,,,,,,,,,,,,,,Skylights,Dimension,"21""x37-7",,,,,,,,,,,,,,,,,,,,,,,,,,,,,,,,,,,,,,,,,,,,,,,,,,,,,,,,,,,,,,,,,,,,,,,,,,,,,,,,,,,,,,,,,,,,,,,,,,,,,,,,,,,,,,,,,,,,,,,,,,,,,,,,,,,,,,,,,,,,,,,,,,,,,,,,,,,,,,,,,,,,,,,,,,,,,,,,,,,,,,,,,,,,,,,,,,,
,,,,,,FS C06 2004S,Building Materials,Doors & Windows,Skylights,FS C06 2004S,FS C06 2004S,"FS C06 Velux Fxd Skylt Gry/Wh - w/Solar Shade RO 21""x45-7/8""",-- Unbranded --,-- No Unilog Brand --,-- No DIB Brand --,Velux America Inc (VELAM),VELUX America Inc,-- Unbranded --,,FS C06 2004S,,Building Materials>Doors & Windows>Skylights,"VELUX America Inc -- Unbranded --, Skylights, FS C06 2004S","FS C06 VELUX FXD SKYLT GRY/WH - W/SOLAR SHADE RO 21""X45-7/8""",-- Unbranded -- FS C06 2004S Skylights,"FS C06 Velux Fxd Skylt Gry/Wh - w/Solar Shade RO 21""x45-7/8""",-- Unbranded -- FS C06 2004S Skylights,,,,,,,,,,,,,,,,,,,,,,,,,,,Skylights,Dimension,"21""x45-7",,,,,,,,,,,,,,,,,,,,,,,,,,,,,,,,,,,,,,,,,,,,,,,,,,,,,,,,,,,,,,,,,,,,,,,,,,,,,,,,,,,,,,,,,,,,,,,,,,,,,,,,,,,,,,,,,,,,,,,,,,,,,,,,,,,,,,,,,,,,,,,,,,,,,,,,,,,,,,,,,,,,,,,,,,,,,,,,,,,,,,,,,,,,,,,,,,,
,,,,,,1501831,,,,1501831,1501831,31.5x14.75 Bsmt ecoLitePlus WH - Hopper DLA w/Screen,PROVIA,-- No Unilog Brand --,-- No DIB Brand --,ProVia (PRODO),ProVia,ProVia,,1501831,,,"ProVia ProVia, Hardware & Tools, 1501831",31.5X14.75 BSMT ECOLITEPLUS WH - HOPPER DLA W/SCREEN,ProVia 1501831 Hardware & Tools,31.5x14.75 Bsmt ecoLitePlus WH - Hopper DLA w/Screen,ProVia 1501831 Hardware & Tools,,,,,,,,,,,,,,,,,,,,,,,,,,,Hardware & Tools,Dimension,31.5x14.75,,,,,,,,,,,,,,,,,,,,,,,,,,,,,,,,,,,,,,,,,,,,,,,,,,,,,,,,,,,,,,,,,,,,,,,,,,,,,,,,,,,,,,,,,,,,,,,,,,,,,,,,,,,,,,,,,,,,,,,,,,,,,,,,,,,,,,,,,,,,,,,,,,,,,,,,,,,,,,,,,,,,,,,,,,,,,,,,,,,,,,,,,,,,,,,,,,,
,,,,,,1501832,,,,1501832,1501832,31.5x22.75 Bsmt ecoLitePlus WH - Hopper DLA w/Screen,PROVIA,-- No Unilog Brand --,-- No DIB Brand --,ProVia (PRODO),ProVia,ProVia,,1501832,,,"ProVia ProVia, Hardware & Tools, 1501832",31.5X22.75 BSMT ECOLITEPLUS WH - HOPPER DLA W/SCREEN,ProVia 1501832 Hardware & Tools,31.5x22.75 Bsmt ecoLitePlus WH - Hopper DLA w/Screen,ProVia 1501832 Hardware & Tools,,,,,,,,,,,,,,,,,,,,,,,,,,,Hardware & Tools,Dimension,31.5x22.75,,,,,,,,,,,,,,,,,,,,,,,,,,,,,,,,,,,,,,,,,,,,,,,,,,,,,,,,,,,,,,,,,,,,,,,,,,,,,,,,,,,,,,,,,,,,,,,,,,,,,,,,,,,,,,,,,,,,,,,,,,,,,,,,,,,,,,,,,,,,,,,,,,,,,,,,,,,,,,,,,,,,,,,,,,,,,,,,,,,,,,,,,,,,,,,,,,,
,,,,,,1515974,Lighting & Electrical,Lamps & Bulbs,High Intensity Discharge,1515974,1515974,3030 Slider 3900 United Black WH Int LowE-2 w/Half Scrn w/J,United Window & Door,-- No Unilog Brand --,-- No DIB Brand --,-,-,United Window & Door,,1515974,,Lighting & Electrical>Lamps & Bulbs>High Intensity Discharge,"- United Window & Door, High Intensity Discharge, 1515974",3030 SLIDER 3900 UNITED BLACK WH INT LOWE-2 W/HALF SCRN W/J,United Window & Door 1515974 High Intensity Discharge,3030 Slider 3900 United Black WH Int LowE-2 w/Half Scrn w/J,United Window & Door 1515974 High Intensity Discharge,,,,,,,,,,,,,,,,,,,,,,,,,,,High Intensity Discharge,,,,,,,,,,,,,,,,,,,,,,,,,,,,,,,,,,,,,,,,,,,,,,,,,,,,,,,,,,,,,,,,,,,,,,,,,,,,,,,,,,,,,,,,,,,,,,,,,,,,,,,,,,,,,,,,,,,,,,,,,,,,,,,,,,,,,,,,,,,,,,,,,,,,,,,,,,,,,,,,,,,,,,,,,,,,,,,,,,,,,,,,,,,,,,,,,,,,,
,,,,,,640383,Building Materials,Drywall,Gypsum Board,640383,640383,"1/2"" 54""x10 Drywall Easi-Lite",-- Unbranded --,-- No Unilog Brand --,-- No DIB Brand --,Certainteed Gypsum (2765),CertainTeed,-- Unbranded --,,640383,,Building Materials>Drywall>Gypsum Board,"CertainTeed -- Unbranded --, Gypsum Board, 640383","1/2"" 54""X10 DRYWALL EASI-LITE",-- Unbranded -- 640383 Gypsum Board,"1/2"" 54""x10 Drywall Easi-Lite",-- Unbranded -- 640383 Gypsum Board,,,,,,,,,,,,,,,,,,,,,,,,,,,Gypsum Board,Dimension,"54""x10",,,,,,,,,,,,,,,,,,,,,,,,,,,,,,,,,,,,,,,,,,,,,,,,,,,,,,,,,,,,,,,,,,,,,,,,,,,,,,,,,,,,,,,,,,,,,,,,,,,,,,,,,,,,,,,,,,,,,,,,,,,,,,,,,,,,,,,,,,,,,,,,,,,,,,,,,,,,,,,,,,,,,,,,,,,,,,,,,,,,,,,,,,,,,,,,,,,
,,,,,,653258,Building Materials,Drywall,Gypsum Board,653258,653258,"5/8"" 4x9 Drywall Firelite",-- Unbranded --,-- No Unilog Brand --,-- No DIB Brand --,Certainteed Gypsum (2765),CertainTeed,-- Unbranded --,,653258,,Building Materials>Drywall>Gypsum Board,"CertainTeed -- Unbranded --, Gypsum Board, 653258","5/8"" 4X9 DRYWALL FIRELITE",-- Unbranded -- 653258 Gypsum Board,"5/8"" 4x9 Drywall Firelite",-- Unbranded -- 653258 Gypsum Board,,,,,,,,,,,,,,,,,,,,,,,,,,,Gypsum Board,Dimension,4x9,,,,,,,,,,,,,,,,,,,,,,,,,,,,,,,,,,,,,,,,,,,,,,,,,,,,,,,,,,,,,,,,,,,,,,,,,,,,,,,,,,,,,,,,,,,,,,,,,,,,,,,,,,,,,,,,,,,,,,,,,,,,,,,,,,,,,,,,,,,,,,,,,,,,,,,,,,,,,,,,,,,,,,,,,,,,,,,,,,,,,,,,,,,,,,,,,,,
,,,,,,413S-DBA-36,,,,413S-DBA-36,413S-DBA-36,"413S 36"" Alum Threshold DBZ",HAGER,-- No Unilog Brand --,-- No DIB Brand --,Hager Hinge Co (4189),Hager Companies,Hager,,413S-DBA-36,,,"Hager Companies Hager, Hardware & Tools, 413S-DBA-36","413S 36"" ALUM THRESHOLD DBZ",Hager 413S-DBA-36 Hardware & Tools,"413S 36"" Alum Threshold DBZ",Hager 413S-DBA-36 Hardware & Tools,,,,,,,,,,,,,,,,,,,,,,,,,,,Hardware & Tools,,,,,,,,,,,,,,,,,,,,,,,,,,,,,,,,,,,,,,,,,,,,,,,,,,,,,,,,,,,,,,,,,,,,,,,,,,,,,,,,,,,,,,,,,,,,,,,,,,,,,,,,,,,,,,,,,,,,,,,,,,,,,,,,,,,,,,,,,,,,,,,,,,,,,,,,,,,,,,,,,,,,,,,,,,,,,,,,,,,,,,,,,,,,,,,,,,,,,
,,,,,,413S-DBA-72,,,,413S-DBA-72,413S-DBA-72,"413S 72"" Alum Threshold DBZ",HAGER,-- No Unilog Brand --,-- No DIB Brand --,Hager Hinge Co (4189),Hager Companies,Hager,,413S-DBA-72,,,"Hager Companies Hager, Hardware & Tools, 413S-DBA-72","413S 72"" ALUM THRESHOLD DBZ",Hager 413S-DBA-72 Hardware & Tools,"413S 72"" Alum Threshold DBZ",Hager 413S-DBA-72 Hardware & Tools,,,,,,,,,,,,,,,,,,,,,,,,,,,Hardware & Tools,,,,,,,,,,,,,,,,,,,,,,,,,,,,,,,,,,,,,,,,,,,,,,,,,,,,,,,,,,,,,,,,,,,,,,,,,,,,,,,,,,,,,,,,,,,,,,,,,,,,,,,,,,,,,,,,,,,,,,,,,,,,,,,,,,,,,,,,,,,,,,,,,,,,,,,,,,,,,,,,,,,,,,,,,,,,,,,,,,,,,,,,,,,,,,,,,,,,,
,,,,,,1511506,,,,1511506,1511506,4'x65' Zip Rainscreen,-- Unbranded --,-- No Unilog Brand --,-- No DIB Brand --,Huber Eng Wood LLC (3158),Huber Engineered Woods,-- Unbranded --,,1511506,,,"Huber Engineered Woods -- Unbranded --, Hardware & Tools, 1511506",4'X65' ZIP RAINSCREEN,-- Unbranded -- 1511506 Hardware & Tools,4'x65' Zip Rainscreen,-- Unbranded -- 1511506 Hardware & Tools,,,,,,,,,,,,,,,,,,,,,,,,,,,Hardware & Tools,Dimension,4'x65,,,,,,,,,,,,,,,,,,,,,,,,,,,,,,,,,,,,,,,,,,,,,,,,,,,,,,,,,,,,,,,,,,,,,,,,,,,,,,,,,,,,,,,,,,,,,,,,,,,,,,,,,,,,,,,,,,,,,,,,,,,,,,,,,,,,,,,,,,,,,,,,,,,,,,,,,,,,,,,,,,,,,,,,,,,,,,,,,,,,,,,,,,,,,,,,,,,
,,,,,,1513577,Building Materials,Decking & Railing,Composite Decking,1513577,1513577,1x8-12' Doug Fir STK Smooth 1S2E,COMMODITY - UNBRANDED,-- No Unilog Brand --,-- No DIB Brand --,Westwood Lumber Sales (WESLU),Westwood Lumber Sales,COMMODITY - UNBRANDED,,1513577,,Building Materials>Decking & Railing>Composite Decking,"Westwood Lumber Sales COMMODITY - UNBRANDED, Composite Decking, 1513577",1X8-12' DOUG FIR STK SMOOTH 1S2E,COMMODITY - UNBRANDED 1513577 Composite Decking,1x8-12' Doug Fir STK Smooth 1S2E,COMMODITY - UNBRANDED 1513577 Composite Decking,,,,,,,,,,,,,,,,,,,,,,,,,,,Composite Decking,Thickness,1,in,Width,8,in,Length,12,ft,,,,,,,,,,,,,,,,,,,,,,,,,,,,,,,,,,,,,,,,,,,,,,,,,,,,,,,,,,,,,,,,,,,,,,,,,,,,,,,,,,,,,,,,,,,,,,,,,,,,,,,,,,,,,,,,,,,,,,,,,,,,,,,,,,,,,,,,,,,,,,,,,,,,,,,12,ft,,,8,in,,,,,,,,,,,,,,,,,,,,,,,,,,,,,,,,
,,,,,,1513578,Building Materials,Decking & Railing,Composite Decking,1513578,1513578,1x8-16' Doug Fir STK Smooth 1S2E,COMMODITY - UNBRANDED,-- No Unilog Brand --,-- No DIB Brand --,Westwood Lumber Sales (WESLU),Westwood Lumber Sales,COMMODITY - UNBRANDED,,1513578,,Building Materials>Decking & Railing>Composite Decking,"Westwood Lumber Sales COMMODITY - UNBRANDED, Composite Decking, 1513578",1X8-16' DOUG FIR STK SMOOTH 1S2E,COMMODITY - UNBRANDED 1513578 Composite Decking,1x8-16' Doug Fir STK Smooth 1S2E,COMMODITY - UNBRANDED 1513578 Composite Decking,,,,,,,,,,,,,,,,,,,,,,,,,,,Composite Decking,Thickness,1,in,Width,8,in,Length,16,ft,,,,,,,,,,,,,,,,,,,,,,,,,,,,,,,,,,,,,,,,,,,,,,,,,,,,,,,,,,,,,,,,,,,,,,,,,,,,,,,,,,,,,,,,,,,,,,,,,,,,,,,,,,,,,,,,,,,,,,,,,,,,,,,,,,,,,,,,,,,,,,,,,,,,,,,16,ft,,,8,in,,,,,,,,,,,,,,,,,,,,,,,,,,,,,,,,
,,,,,,1513579,Building Materials,Decking & Railing,Composite Decking,1513579,1513579,1x12-12 'Doug Fir STK Smooth 1S2E,COMMODITY - UNBRANDED,-- No Unilog Brand --,-- No DIB Brand --,Westwood Lumber Sales (WESLU),Westwood Lumber Sales,COMMODITY - UNBRANDED,,1513579,,Building Materials>Decking & Railing>Composite Decking,"Westwood Lumber Sales COMMODITY - UNBRANDED, Composite Decking, 1513579",1X12-12 'DOUG FIR STK SMOOTH 1S2E,COMMODITY - UNBRANDED 1513579 Composite Decking,1x12-12 'Doug Fir STK Smooth 1S2E,COMMODITY - UNBRANDED 1513579 Composite Decking,,,,,,,,,,,,,,,,,,,,,,,,,,,Composite Decking,Thickness,1,in,Width,12,in,Length,12,ft,,,,,,,,,,,,,,,,,,,,,,,,,,,,,,,,,,,,,,,,,,,,,,,,,,,,,,,,,,,,,,,,,,,,,,,,,,,,,,,,,,,,,,,,,,,,,,,,,,,,,,,,,,,,,,,,,,,,,,,,,,,,,,,,,,,,,,,,,,,,,,,,,,,,,,,12,ft,,,12,in,,,,,,,,,,,,,,,,,,,,,,,,,,,,,,,,
,,,,,,1513580,Building Materials,Decking & Railing,Composite Decking,1513580,1513580,1x12-16' Doug Fir STK Smooth 1S2E,COMMODITY - UNBRANDED,-- No Unilog Brand --,-- No DIB Brand --,Westwood Lumber Sales (WESLU),Westwood Lumber Sales,COMMODITY - UNBRANDED,,1513580,,Building Materials>Decking & Railing>Composite Decking,"Westwood Lumber Sales COMMODITY - UNBRANDED, Composite Decking, 1513580",1X12-16' DOUG FIR STK SMOOTH 1S2E,COMMODITY - UNBRANDED 1513580 Composite Decking,1x12-16' Doug Fir STK Smooth 1S2E,COMMODITY - UNBRANDED 1513580 Composite Decking,,,,,,,,,,,,,,,,,,,,,,,,,,,Composite Decking,Thickness,1,in,Width,12,in,Length,16,ft,,,,,,,,,,,,,,,,,,,,,,,,,,,,,,,,,,,,,,,,,,,,,,,,,,,,,,,,,,,,,,,,,,,,,,,,,,,,,,,,,,,,,,,,,,,,,,,,,,,,,,,,,,,,,,,,,,,,,,,,,,,,,,,,,,,,,,,,,,,,,,,,,,,,,,,16,ft,,,12,in,,,,,,,,,,,,,,,,,,,,,,,,,,,,,,,,
,,,,,,1501767,,,,1501767,1501767,"3/4"" 4x8T&G Huber Blue PlusOSB - Sub Floor",-- Unbranded --,-- No Unilog Brand --,-- No DIB Brand --,-,-,-- Unbranded --,,1501767,,,"- -- Unbranded --, Hardware & Tools, 1501767","3/4"" 4X8T&G HUBER BLUE PLUSOSB - SUB FLOOR",-- Unbranded -- 1501767 Hardware & Tools,"3/4"" 4x8T&G Huber Blue PlusOSB - Sub Floor",-- Unbranded -- 1501767 Hardware & Tools,,,,,,,,,,,,,,,,,,,,,,,,,,,Hardware & Tools,,,,,,,,,,,,,,,,,,,,,,,,,,,,,,,,,,,,,,,,,,,,,,,,,,,,,,,,,,,,,,,,,,,,,,,,,,,,,,,,,,,,,,,,,,,,,,,,,,,,,,,,,,,,,,,,,,,,,,,,,,,,,,,,,,,,,,,,,,,,,,,,,,,,,,,,,,,,,,,,,,,,,,,,,,,,,,,,,,,,,,,,,,,,,,,,,,,,,
,,,,,,PP-8BL,,,,PP-8BL,PP-8BL,8' Premier Rib XL Black,-- Unbranded --,-- No Unilog Brand --,-- No DIB Brand --,Premier Metals (PREME),Premier Metals,-- Unbranded --,,PP-8BL,,,"Premier Metals -- Unbranded --, Hardware & Tools, PP-8BL",8' PREMIER RIB XL BLACK,-- Unbranded -- PP-8BL Hardware & Tools,8' Premier Rib XL Black,-- Unbranded -- PP-8BL Hardware & Tools,,,,,,,,,,,,,,,,,,,,,,,,,,,Hardware & Tools,,,,,,,,,,,,,,,,,,,,,,,,,,,,,,,,,,,,,,,,,,,,,,,,,,,,,,,,,,,,,,,,,,,,,,,,,,,,,,,,,,,,,,,,,,,,,,,,,,,,,,,,,,,,,,,,,,,,,,,,,,,,,,,,,,,,,,,,,,,,,,,,,,,,,,,,,,,,,,,,,,,,,,,,,,,,,,,,,,,,,,,,,,,,,,,,,,,,,
,,,,,,PP-10BL,,,,PP-10BL,PP-10BL,10' Premier Rib XL Black,-- Unbranded --,-- No Unilog Brand --,-- No DIB Brand --,Premier Metals (PREME),Premier Metals,-- Unbranded --,,PP-10BL,,,"Premier Metals -- Unbranded --, Hardware & Tools, PP-10BL",10' PREMIER RIB XL BLACK,-- Unbranded -- PP-10BL Hardware & Tools,10' Premier Rib XL Black,-- Unbranded -- PP-10BL Hardware & Tools,,,,,,,,,,,,,,,,,,,,,,,,,,,Hardware & Tools,,,,,,,,,,,,,,,,,,,,,,,,,,,,,,,,,,,,,,,,,,,,,,,,,,,,,,,,,,,,,,,,,,,,,,,,,,,,,,,,,,,,,,,,,,,,,,,,,,,,,,,,,,,,,,,,,,,,,,,,,,,,,,,,,,,,,,,,,,,,,,,,,,,,,,,,,,,,,,,,,,,,,,,,,,,,,,,,,,,,,,,,,,,,,,,,,,,,,
,,,,,,PP-12BL,,,,PP-12BL,PP-12BL,12' Premier Rib XL Black,-- Unbranded --,-- No Unilog Brand --,-- No DIB Brand --,Premier Metals (PREME),Premier Metals,-- Unbranded --,,PP-12BL,,,"Premier Metals -- Unbranded --, Hardware & Tools, PP-12BL",12' PREMIER RIB XL BLACK,-- Unbranded -- PP-12BL Hardware & Tools,12' Premier Rib XL Black,-- Unbranded -- PP-12BL Hardware & Tools,,,,,,,,,,,,,,,,,,,,,,,,,,,Hardware & Tools,,,,,,,,,,,,,,,,,,,,,,,,,,,,,,,,,,,,,,,,,,,,,,,,,,,,,,,,,,,,,,,,,,,,,,,,,,,,,,,,,,,,,,,,,,,,,,,,,,,,,,,,,,,,,,,,,,,,,,,,,,,,,,,,,,,,,,,,,,,,,,,,,,,,,,,,,,,,,,,,,,,,,,,,,,,,,,,,,,,,,,,,,,,,,,,,,,,,,
,,,,,,PP-8CH,,,,PP-8CH,PP-8CH,8' Premier Rib XL Charcoal,-- Unbranded --,-- No Unilog Brand --,-- No DIB Brand --,Premier Metals (PREME),Premier Metals,-- Unbranded --,,PP-8CH,,,"Premier Metals -- Unbranded --, Hardware & Tools, PP-8CH",8' PREMIER RIB XL CHARCOAL,-- Unbranded -- PP-8CH Hardware & Tools,8' Premier Rib XL Charcoal,-- Unbranded -- PP-8CH Hardware & Tools,,,,,,,,,,,,,,,,,,,,,,,,,,,Hardware & Tools,,,,,,,,,,,,,,,,,,,,,,,,,,,,,,,,,,,,,,,,,,,,,,,,,,,,,,,,,,,,,,,,,,,,,,,,,,,,,,,,,,,,,,,,,,,,,,,,,,,,,,,,,,,,,,,,,,,,,,,,,,,,,,,,,,,,,,,,,,,,,,,,,,,,,,,,,,,,,,,,,,,,,,,,,,,,,,,,,,,,,,,,,,,,,,,,,,,,,
,,,,,,PP-10CH,,,,PP-10CH,PP-10CH,10' Premier Rib XL Charcoal,-- Unbranded --,-- No Unilog Brand --,-- No DIB Brand --,Premier Metals (PREME),Premier Metals,-- Unbranded --,,PP-10CH,,,"Premier Metals -- Unbranded --, Hardware & Tools, PP-10CH",10' PREMIER RIB XL CHARCOAL,-- Unbranded -- PP-10CH Hardware & Tools,10' Premier Rib XL Charcoal,-- Unbranded -- PP-10CH Hardware & Tools,,,,,,,,,,,,,,,,,,,,,,,,,,,Hardware & Tools,,,,,,,,,,,,,,,,,,,,,,,,,,,,,,,,,,,,,,,,,,,,,,,,,,,,,,,,,,,,,,,,,,,,,,,,,,,,,,,,,,,,,,,,,,,,,,,,,,,,,,,,,,,,,,,,,,,,,,,,,,,,,,,,,,,,,,,,,,,,,,,,,,,,,,,,,,,,,,,,,,,,,,,,,,,,,,,,,,,,,,,,,,,,,,,,,,,,,
,,,,,,PP-12CH,,,,PP-12CH,PP-12CH,12' Premier Rib XL Charcoal,-- Unbranded --,-- No Unilog Brand --,-- No DIB Brand --,Premier Metals (PREME),Premier Metals,-- Unbranded --,,PP-12CH,,,"Premier Metals -- Unbranded --, Hardware & Tools, PP-12CH",12' PREMIER RIB XL CHARCOAL,-- Unbranded -- PP-12CH Hardware & Tools,12' Premier Rib XL Charcoal,-- Unbranded -- PP-12CH Hardware & Tools,,,,,,,,,,,,,,,,,,,,,,,,,,,Hardware & Tools,,,,,,,,,,,,,,,,,,,,,,,,,,,,,,,,,,,,,,,,,,,,,,,,,,,,,,,,,,,,,,,,,,,,,,,,,,,,,,,,,,,,,,,,,,,,,,,,,,,,,,,,,,,,,,,,,,,,,,,,,,,,,,,,,,,,,,,,,,,,,,,,,,,,,,,,,,,,,,,,,,,,,,,,,,,,,,,,,,,,,,,,,,,,,,,,,,,,,
,,,,,,PP-8WH,,,,PP-8WH,PP-8WH,8' Premier Rib XL White,-- Unbranded --,-- No Unilog Brand --,-- No DIB Brand --,Premier Metals (PREME),Premier Metals,-- Unbranded --,,PP-8WH,,,"Premier Metals -- Unbranded --, Hardware & Tools, PP-8WH",8' PREMIER RIB XL WHITE,-- Unbranded -- PP-8WH Hardware & Tools,8' Premier Rib XL White,-- Unbranded -- PP-8WH Hardware & Tools,,,,,,,,,,,,,,,,,,,,,,,,,,,Hardware & Tools,,,,,,,,,,,,,,,,,,,,,,,,,,,,,,,,,,,,,,,,,,,,,,,,,,,,,,,,,,,,,,,,,,,,,,,,,,,,,,,,,,,,,,,,,,,,,,,,,,,,,,,,,,,,,,,,,,,,,,,,,,,,,,,,,,,,,,,,,,,,,,,,,,,,,,,,,,,,,,,,,,,,,,,,,,,,,,,,,,,,,,,,,,,,,,,,,,,,,
,,,,,,PP-10WH,,,,PP-10WH,PP-10WH,10' Premier Rib XL White,-- Unbranded --,-- No Unilog Brand --,-- No DIB Brand --,Premier Metals (PREME),Premier Metals,-- Unbranded --,,PP-10WH,,,"Premier Metals -- Unbranded --, Hardware & Tools, PP-10WH",10' PREMIER RIB XL WHITE,-- Unbranded -- PP-10WH Hardware & Tools,10' Premier Rib XL White,-- Unbranded -- PP-10WH Hardware & Tools,,,,,,,,,,,,,,,,,,,,,,,,,,,Hardware & Tools,,,,,,,,,,,,,,,,,,,,,,,,,,,,,,,,,,,,,,,,,,,,,,,,,,,,,,,,,,,,,,,,,,,,,,,,,,,,,,,,,,,,,,,,,,,,,,,,,,,,,,,,,,,,,,,,,,,,,,,,,,,,,,,,,,,,,,,,,,,,,,,,,,,,,,,,,,,,,,,,,,,,,,,,,,,,,,,,,,,,,,,,,,,,,,,,,,,,,
,,,,,,1504345,,,,1504345,1504345,OC Duration TruDef Wburg Gray (BDL),-- Unbranded --,-- No Unilog Brand --,-- No DIB Brand --,Palmer Donavin Mfg Company (PALDO),Palmer Donavin Mfg Company,-- Unbranded --,,1504345,,,"Palmer Donavin Mfg Company -- Unbranded --, Hardware & Tools, 1504345",OC DURATION TRUDEF WBURG GRAY (BDL),-- Unbranded -- 1504345 Hardware & Tools,OC Duration TruDef Wburg Gray (BDL),-- Unbranded -- 1504345 Hardware & Tools,,,,,,,,,,,,,,,,,,,,,,,,,,,Hardware & Tools,,,,,,,,,,,,,,,,,,,,,,,,,,,,,,,,,,,,,,,,,,,,,,,,,,,,,,,,,,,,,,,,,,,,,,,,,,,,,,,,,,,,,,,,,,,,,,,,,,,,,,,,,,,,,,,,,,,,,,,,,,,,,,,,,,,,,,,,,,,,,,,,,,,,,,,,,,,,,,,,,,,,,,,,,,,,,,,,,,,,,,,,,,,,,,,,,,,,,
,,,,,,2733,Lighting & Electrical,Wiring Devices,Outlets & Receptacles,2733,2733,3'x65' Henry Eaveguard - Ice Guard,-- Unbranded --,-- No Unilog Brand --,-- No DIB Brand --,Palmer Donavin Mfg Company (PALDO),Palmer Donavin Mfg Company,-- Unbranded --,,2733,,Lighting & Electrical>Wiring Devices>Outlets & Receptacles,"Palmer Donavin Mfg Company -- Unbranded --, Outlets & Receptacles, 2733",3'X65' HENRY EAVEGUARD - ICE GUARD,-- Unbranded -- 2733 Outlets & Receptacles,3'x65' Henry Eaveguard - Ice Guard,-- Unbranded -- 2733 Outlets & Receptacles,,,,,,,,,,,,,,,,,,,,,,,,,,,Outlets & Receptacles,Dimension,3'x65,,,,,,,,,,,,,,,,,,,,,,,,,,,,,,,,,,,,,,,,,,,,,,,,,,,,,,,,,,,,,,,,,,,,,,,,,,,,,,,,,,,,,,,,,,,,,,,,,,,,,,,,,,,,,,,,,,,,,,,,,,,,,,,,,,,,,,,,,,,,,,,,,,,,,,,,,,,,,,,,,,,,,,,,,,,,,,,,,,,,,,,,,,,,,,,,,,,
,,,,,,7547,Lighting & Electrical,Wiring Devices,Outlets & Receptacles,7547,7547,Ice Guard OC Weathr Lk Mat 2sq,-- Unbranded --,-- No Unilog Brand --,-- No DIB Brand --,-,-,-- Unbranded --,,7547,,Lighting & Electrical>Wiring Devices>Outlets & Receptacles,"- -- Unbranded --, Outlets & Receptacles, 7547",ICE GUARD OC WEATHR LK MAT 2SQ,-- Unbranded -- 7547 Outlets & Receptacles,Ice Guard OC Weathr Lk Mat 2sq,-- Unbranded -- 7547 Outlets & Receptacles,,,,,,,,,,,,,,,,,,,,,,,,,,,Outlets & Receptacles,,,,,,,,,,,,,,,,,,,,,,,,,,,,,,,,,,,,,,,,,,,,,,,,,,,,,,,,,,,,,,,,,,,,,,,,,,,,,,,,,,,,,,,,,,,,,,,,,,,,,,,,,,,,,,,,,,,,,,,,,,,,,,,,,,,,,,,,,,,,,,,,,,,,,,,,,,,,,,,,,,,,,,,,,,,,,,,,,,,,,,,,,,,,,,,,,,,,,
,,,,,,8912220,,,,8912220,8912220,"7-1/4""x12' Hardie Sdg Smooth - Primed HardiePlank",JAMESHARDIE,-- No Unilog Brand --,-- No DIB Brand --,Boise Cascade Building Materials (BOICA),Whirlpool Corporation,Whirlpool®,,WDTS7024RZ,,Appliances & Consumer Electronics>Kitchen Appliances>Built-In Dishwashers,"Whirlpool, Dishwasher, Eco Series, W","7-1/4""X12' HARDIE SDG SMOOTH - PRIMED HARDIEPLANK",Whirlpool® 8912220 Hardware & Tools,"7-1/4""x12' Hardie Sdg Smooth - Primed HardiePlank",Whirlpool® 8912220 Hardware & Tools,,,,,,,,,,,,,,,,,,,,,,,,,,,Hardware & Tools,Dimension,"1/4""x12",,,,,,,,,,,,,,,,,,,,,,,,,,,,,,,,,,,,,,,,,,,,,,,,,,,,,,,,,,,,,,,,,,,,,,,,,,,,,,,,,,,,,,,,,,,,,,,,,,,,,,,,,,,,,,,,,,,,,,,,,,,,,,,,,,,,,,,,,,,,,,,,,,,,,,,,,,,,,,,,,,,,,,,,,,,,,,,,,,,,,,,,,,,,,,,,,,,
,,,,,,8904015,,,,8904015,8904015,4'x10' HardiePanel Smooth - Primed,JAMESHARDIE,-- No Unilog Brand --,-- No DIB Brand --,Boise Cascade Building Materials (BOICA),Boise Cascade,JAMESHARDIE,,8904015,,,"Boise Cascade JAMESHARDIE, Hardware & Tools, 8904015",4'X10' HARDIEPANEL SMOOTH - PRIMED,JAMESHARDIE 8904015 Hardware & Tools,4'x10' HardiePanel Smooth - Primed,JAMESHARDIE 8904015 Hardware & Tools,,,,,,,,,,,,,,,,,,,,,,,,,,,Hardware & Tools,Dimension,4'x10,,,,,,,,,,,,,,,,,,,,,,,,,,,,,,,,,,,,,,,,,,,,,,,,,,,,,,,,,,,,,,,,,,,,,,,,,,,,,,,,,,,,,,,,,,,,,,,,,,,,,,,,,,,,,,,,,,,,,,,,,,,,,,,,,,,,,,,,,,,,,,,,,,,,,,,,,,,,,,,,,,,,,,,,,,,,,,,,,,,,,,,,,,,,,,,,,,,
,,,,,,25796,,,,25796,25796,"6""x16' Smart Lap Sdg Cedar",LP SMARTSIDE,-- No Unilog Brand --,-- No DIB Brand --,U S Lumber (3073),U.S. Lumber,LP SMARTSIDE,,25796,,,"U.S. Lumber LP SMARTSIDE, Hardware & Tools, 25796","6""X16' SMART LAP SDG CEDAR",LP SMARTSIDE 25796 Hardware & Tools,"6""x16' Smart Lap Sdg Cedar",LP SMARTSIDE 25796 Hardware & Tools,,,,,,,,,,,,,,,,,,,,,,,,,,,Hardware & Tools,Dimension,"6""x16",,,,,,,,,,,,,,,,,,,,,,,,,,,,,,,,,,,,,,,,,,,,,,,,,,,,,,,,,,,,,,,,,,,,,,,,,,,,,,,,,,,,,,,,,,,,,,,,,,,,,,,,,,,,,,,,,,,,,,,,,,,,,,,,,,,,,,,,,,,,,,,,,,,,,,,,,,,,,,,,,,,,,,,,,,,,,,,,,,,,,,,,,,,,,,,,,,,
,,,,,,40503,,,,40503,40503,"3/8"" 16""x16' Smart Pan Cedar - No-Groove Sq Edge B&B",LP SMARTSIDE,-- No Unilog Brand --,-- No DIB Brand --,U S Lumber (3073),U.S. Lumber,LP SMARTSIDE,,40503,,,"U.S. Lumber LP SMARTSIDE, Hardware & Tools, 40503","3/8"" 16""X16' SMART PAN CEDAR - NO-GROOVE SQ EDGE B&B",LP SMARTSIDE 40503 Hardware & Tools,"3/8"" 16""x16' Smart Pan Cedar - No-Groove Sq Edge B&B",LP SMARTSIDE 40503 Hardware & Tools,,,,,,,,,,,,,,,,,,,,,,,,,,,Hardware & Tools,Dimension,"16""x16",,,,,,,,,,,,,,,,,,,,,,,,,,,,,,,,,,,,,,,,,,,,,,,,,,,,,,,,,,,,,,,,,,,,,,,,,,,,,,,,,,,,,,,,,,,,,,,,,,,,,,,,,,,,,,,,,,,,,,,,,,,,,,,,,,,,,,,,,,,,,,,,,,,,,,,,,,,,,,,,,,,,,,,,,,,,,,,,,,,,,,,,,,,,,,,,,,,
,,,,,,25825,,,,25825,25825,"3/8"" 4x10 Smart Pan Cedar - No-Groove w/Shiplap Edges",LP SMARTSIDE,-- No Unilog Brand --,-- No DIB Brand --,U S Lumber (3073),U.S. Lumber,LP SMARTSIDE,,25825,,,"U.S. Lumber LP SMARTSIDE, Hardware & Tools, 25825","3/8"" 4X10 SMART PAN CEDAR - NO-GROOVE W/SHIPLAP EDGES",LP SMARTSIDE 25825 Hardware & Tools,"3/8"" 4x10 Smart Pan Cedar - No-Groove w/Shiplap Edges",LP SMARTSIDE 25825 Hardware & Tools,,,,,,,,,,,,,,,,,,,,,,,,,,,Hardware & Tools,Dimension,4x10,,,,,,,,,,,,,,,,,,,,,,,,,,,,,,,,,,,,,,,,,,,,,,,,,,,,,,,,,,,,,,,,,,,,,,,,,,,,,,,,,,,,,,,,,,,,,,,,,,,,,,,,,,,,,,,,,,,,,,,,,,,,,,,,,,,,,,,,,,,,,,,,,,,,,,,,,,,,,,,,,,,,,,,,,,,,,,,,,,,,,,,,,,,,,,,,,,,
,,,,,,25822,,,,25822,25822,"3/8"" 12""x16' Smart Vented Soff - Cedar Soffit",LP SMARTSIDE,-- No Unilog Brand --,-- No DIB Brand --,U S Lumber (3073),U.S. Lumber,LP SMARTSIDE,,25822,,,"U.S. Lumber LP SMARTSIDE, Hardware & Tools, 25822","3/8"" 12""X16' SMART VENTED SOFF - CEDAR SOFFIT",LP SMARTSIDE 25822 Hardware & Tools,"3/8"" 12""x16' Smart Vented Soff - Cedar Soffit",LP SMARTSIDE 25822 Hardware & Tools,,,,,,,,,,,,,,,,,,,,,,,,,,,Hardware & Tools,Dimension,"12""x16",,,,,,,,,,,,,,,,,,,,,,,,,,,,,,,,,,,,,,,,,,,,,,,,,,,,,,,,,,,,,,,,,,,,,,,,,,,,,,,,,,,,,,,,,,,,,,,,,,,,,,,,,,,,,,,,,,,,,,,,,,,,,,,,,,,,,,,,,,,,,,,,,,,,,,,,,,,,,,,,,,,,,,,,,,,,,,,,,,,,,,,,,,,,,,,,,,,
,,,,,,543650101,Building Materials,Decking & Railing,Composite Decking,543650101,543650101,Black Alum ADA Wall Mount Trex,TREX,-- No Unilog Brand --,-- No DIB Brand --,Boise Cascade Building Materials (BOICA),Whirlpool Corporation,Whirlpool®,,WDTS7024RZ,,Appliances & Consumer Electronics>Kitchen Appliances>Built-In Dishwashers,"Whirlpool, Dishwasher, Eco Series, W",BLACK ALUM ADA WALL MOUNT TREX,Whirlpool® 543650101 Composite Decking,Black Alum ADA Wall Mount Trex,Whirlpool® 543650101 Composite Decking,,,,,,,,,,,,,,,,,,,,,,,,,,,Composite Decking,Color,Black,,,,,,,,,,,,,,,,,,,,,,,,,,,,,,,,,,,,,,,,,,,,,,,,,,,,,,,,,,,,,,,,,,,,,,,,,,,,,,,,,,,,,,,,,,,,,,,,,,,,,,,,,,,,,,,,,,,,,,,,,,,,,,,,,,,,,,,,,,,,,,,,,,,,,,,,,,,,,,,,,,,,,,,,,,,,,,,,,,,,,,,,,,,,,,,,,,,
,,,,,,543650010,Building Materials,Decking & Railing,Composite Decking,543650010,543650010,Black Alum ADA Int End Cap - Trex,TREX,-- No Unilog Brand --,-- No DIB Brand --,Boise Cascade Building Materials (BOICA),Boise Cascade,Trex,,543650010,,Building Materials>Decking & Railing>Composite Decking,"Boise Cascade Trex, Composite Decking, 543650010",BLACK ALUM ADA INT END CAP - TREX,Trex 543650010 Composite Decking,Black Alum ADA Int End Cap - Trex,Trex 543650010 Composite Decking,,,,,,,,,,,,,,,,,,,,,,,,,,,Composite Decking,Color,Black,,,,,,,,,,,,,,,,,,,,,,,,,,,,,,,,,,,,,,,,,,,,,,,,,,,,,,,,,,,,,,,,,,,,,,,,,,,,,,,,,,,,,,,,,,,,,,,,,,,,,,,,,,,,,,,,,,,,,,,,,,,,,,,,,,,,,,,,,,,,,,,,,,,,,,,,,,,,,,,,,,,,,,,,,,,,,,,,,,,,,,,,,,,,,,,,,,,
,,,,,,543650048,Building Materials,Decking & Railing,Composite Decking,543650048,543650048,8' Black Alum ADA Rail Trex,TREX,-- No Unilog Brand --,-- No DIB Brand --,Boise Cascade Building Materials (BOICA),Boise Cascade,Trex,,543650048,,Building Materials>Decking & Railing>Composite Decking,"Boise Cascade Trex, Composite Decking, 543650048",8' BLACK ALUM ADA RAIL TREX,Trex 543650048 Composite Decking,8' Black Alum ADA Rail Trex,Trex 543650048 Composite Decking,,,,,,,,,,,,,,,,,,,,,,,,,,,Composite Decking,Color,Black,,,,,,,,,,,,,,,,,,,,,,,,,,,,,,,,,,,,,,,,,,,,,,,,,,,,,,,,,,,,,,,,,,,,,,,,,,,,,,,,,,,,,,,,,,,,,,,,,,,,,,,,,,,,,,,,,,,,,,,,,,,,,,,,,,,,,,,,,,,,,,,,,,,,,,,,,,,,,,,,,,,,,,,,,,,,,,,,,,,,,,,,,,,,,,,,,,,
,,,,,,1506969,,,,1506969,1506969,"1-1/2"" 4x8 Huber Zip R6.6 - Insulated R-Sheathing",-- Unbranded --,-- No Unilog Brand --,-- No DIB Brand --,-,-,-- Unbranded --,,1506969,,,"- -- Unbranded --, Hardware & Tools, 1506969","1-1/2"" 4X8 HUBER ZIP R6.6 - INSULATED R-SHEATHING",-- Unbranded -- 1506969 Hardware & Tools,"1-1/2"" 4x8 Huber Zip R6.6 - Insulated R-Sheathing",-- Unbranded -- 1506969 Hardware & Tools,,,,,,,,,,,,,,,,,,,,,,,,,,,Hardware & Tools,Dimension,4x8,,,,,,,,,,,,,,,,,,,,,,,,,,,,,,,,,,,,,,,,,,,,,,,,,,,,,,,,,,,,,,,,,,,,,,,,,,,,,,,,,,,,,,,,,,,,,,,,,,,,,,,,,,,,,,,,,,,,,,,,,,,,,,,,,,,,,,,,,,,,,,,,,,,,,,,,,,,,,,,,,,,,,,,,,,,,,,,,,,,,,,,,,,,,,,,,,,,
,,,,,,1514681,,,,1514681,1514681,"1"" 4x8 Huber Zip R3.6 - Insulated R-Sheathing",-- Unbranded --,-- No Unilog Brand --,-- No DIB Brand --,-,-,-- Unbranded --,,1514681,,,"- -- Unbranded --, Hardware & Tools, 1514681","1"" 4X8 HUBER ZIP R3.6 - INSULATED R-SHEATHING",-- Unbranded -- 1514681 Hardware & Tools,"1"" 4x8 Huber Zip R3.6 - Insulated R-Sheathing",-- Unbranded -- 1514681 Hardware & Tools,,,,,,,,,,,,,,,,,,,,,,,,,,,Hardware & Tools,Dimension,4x8,,,,,,,,,,,,,,,,,,,,,,,,,,,,,,,,,,,,,,,,,,,,,,,,,,,,,,,,,,,,,,,,,,,,,,,,,,,,,,,,,,,,,,,,,,,,,,,,,,,,,,,,,,,,,,,,,,,,,,,,,,,,,,,,,,,,,,,,,,,,,,,,,,,,,,,,,,,,,,,,,,,,,,,,,,,,,,,,,,,,,,,,,,,,,,,,,,,
,,,,,,1514726,,,,1514726,1514726,"2"" 4x8 Huber Zip R9.6 - Insulated R-Sheathing",-- Unbranded --,-- No Unilog Brand --,-- No DIB Brand --,-,-,-- Unbranded --,,1514726,,,"- -- Unbranded --, Hardware & Tools, 1514726","2"" 4X8 HUBER ZIP R9.6 - INSULATED R-SHEATHING",-- Unbranded -- 1514726 Hardware & Tools,"2"" 4x8 Huber Zip R9.6 - Insulated R-Sheathing",-- Unbranded -- 1514726 Hardware & Tools,,,,,,,,,,,,,,,,,,,,,,,,,,,Hardware & Tools,Dimension,4x8,,,,,,,,,,,,,,,,,,,,,,,,,,,,,,,,,,,,,,,,,,,,,,,,,,,,,,,,,,,,,,,,,,,,,,,,,,,,,,,,,,,,,,,,,,,,,,,,,,,,,,,,,,,,,,,,,,,,,,,,,,,,,,,,,,,,,,,,,,,,,,,,,,,,,,,,,,,,,,,,,,,,,,,,,,,,,,,,,,,,,,,,,,,,,,,,,,,
,,,,,,1728ABL,,,,1728ABL,1728ABL,2x2 Black Fine Fissured 1728BL,-- Unbranded --,-- No Unilog Brand --,-- No DIB Brand --,Palmer Donavin Mfg Company (PALDO),Palmer Donavin Mfg Company,-- Unbranded --,,1728ABL,,,"Palmer Donavin Mfg Company -- Unbranded --, Hardware & Tools, 1728ABL",2X2 BLACK FINE FISSURED 1728BL,-- Unbranded -- 1728ABL Hardware & Tools,2x2 Black Fine Fissured 1728BL,-- Unbranded -- 1728ABL Hardware & Tools,,,,,,,,,,,,,,,,,,,,,,,,,,,Hardware & Tools,Dimension,2x2,,,,,,,,,,,,,,,,,,,,,,,,,,,,,,,,,,,,,,,,,,,,,,,,,,,,,,,,,,,,,,,,,,,,,,,,,,,,,,,,,,,,,,,,,,,,,,,,,,,,,,,,,,,,,,,,,,,,,,,,,,,,,,,,,,,,,,,,,,,,,,,,,,,,,,,,,,,,,,,,,,,,,,,,,,,,,,,,,,,,,,,,,,,,,,,,,,,
,,,,,,402-R,,,,402-R,402-R,402R 12V12AH 8D Battery,-- Unbranded --,-- No Unilog Brand --,-- No DIB Brand --,MillerTech Energy Solutions (MILTE),MillerTech Energy Solutions,-- Unbranded --,,402-R,,,"MillerTech Energy Solutions -- Unbranded --, Hardware & Tools, 402-R",402R 12V12AH 8D BATTERY,-- Unbranded -- 402-R Hardware & Tools,402R 12V12AH 8D Battery,-- Unbranded -- 402-R Hardware & Tools,,,,,,,,,,,,,,,,,,,,,,,,,,,Hardware & Tools,,,,,,,,,,,,,,,,,,,,,,,,,,,,,,,,,,,,,,,,,,,,,,,,,,,,,,,,,,,,,,,,,,,,,,,,,,,,,,,,,,,,,,,,,,,,,,,,,,,,,,,,,,,,,,,,,,,,,,,,,,,,,,,,,,,,,,,,,,,,,,,,,,,,,,,,,,,,,,,,,,,,,,,,,,,,,,,,,,,,,,,,,,,,,,,,,,,,,
,,,,,,SL1672,,,,SL1672,SL1672,SL1672 Jumpstart & Pwr Supply,-- Unbranded --,-- No Unilog Brand --,Schumacher,-,-,-- Unbranded --,,SL1672,,,"- -- Unbranded --, Hardware & Tools, SL1672",SL1672 JUMPSTART & PWR SUPPLY,-- Unbranded -- SL1672 Hardware & Tools,SL1672 Jumpstart & Pwr Supply,-- Unbranded -- SL1672 Hardware & Tools,,,,,,,,,,,,,,,,,,,,,,,,,,,Hardware & Tools,,,,,,,,,,,,,,,,,,,,,,,,,,,,,,,,,,,,,,,,,,,,,,,,,,,,,,,,,,,,,,,,,,,,,,,,,,,,,,,,,,,,,,,,,,,,,,,,,,,,,,,,,,,,,,,,,,,,,,,,,,,,,,,,,,,,,,,,,,,,,,,,,,,,,,,,,,,,,,,,,,,,,,,,,,,,,,,,,,,,,,,,,,,,,,,,,,,,,
,,,,,,BM-DW20-YLW-6,,,,BM-DW20-YLW-6,BM-DW20-YLW-6,BM-DW20-YLW-6 Dewalt - Battery Mounts 6pk,-- Unbranded --,-- No Unilog Brand --,StealthMounts,Metalmark Industrial Inc (METIN),Metalmark Industrial,DeWalt,,BM-DW20-YLW-6,,,"Metalmark Industrial DeWalt, Hardware & Tools, BM-DW20-YLW-6",BM-DW20-YLW-6 DEWALT - BATTERY MOUNTS 6PK,DeWalt BM-DW20-YLW-6 Hardware & Tools,BM-DW20-YLW-6 Dewalt - Battery Mounts 6pk,DeWalt BM-DW20-YLW-6 Hardware & Tools,,,,,,,,,,,,,,,,,,,,,,,,,,,Hardware & Tools,Pack Quantity,6,,,,,,,,,,,,,,,,,,,,,,,,,,,,,,,,,,,,,,,,,,,,,,,,,,,,,,,,,,,,,,,,,,,,,,,,,,,,,,,,,,,,,,,,,,,,,,,,,,,,,,,,,,,,,,,,,,,,,,,,,,,,,,,,,,,,,,,,,,,,,,,,,,,,,,,,,,,,,,,,,,,,,,,,,,,,,,,,,,,,,,,,,,,,,,,,,,,
,,,,,,BHA1-UPC,,,,BHA1-UPC,BHA1-UPC,16-24 Adjust Hanger,-- Unbranded --,-- No Unilog Brand --,Southwire,Southwire/g Turner (6603),Southwire Company,Southwire,,BHA1-UPC,,,"Southwire Company Southwire, Hardware & Tools, BHA1-UPC",16-24 ADJUST HANGER,Southwire BHA1-UPC Hardware & Tools,16-24 Adjust Hanger,Southwire BHA1-UPC Hardware & Tools,,,,,,,,,,,,,,,,,,,,,,,,,,,Hardware & Tools,,,,,,,,,,,,,,,,,,,,,,,,,,,,,,,,,,,,,,,,,,,,,,,,,,,,,,,,,,,,,,,,,,,,,,,,,,,,,,,,,,,,,,,,,,,,,,,,,,,,,,,,,,,,,,,,,,,,,,,,,,,,,,,,,,,,,,,,,,,,,,,,,,,,,,,,,,,,,,,,,,,,,,,,,,,,,,,,,,,,,,,,,,,,,,,,,,,,,
,,,,,,G1941-UPC,,,,G1941-UPC,G1941-UPC,"G1941UPC 4"" Sq Cover Sw/Outlet",-- Unbranded --,-- No Unilog Brand --,Southwire,Southwire/g Turner (6603),Southwire Company,Southwire,,G1941-UPC,,,"Southwire Company Southwire, Hardware & Tools, G1941-UPC","G1941UPC 4"" SQ COVER SW/OUTLET",Southwire G1941-UPC Hardware & Tools,"G1941UPC 4"" Sq Cover Sw/Outlet",Southwire G1941-UPC Hardware & Tools,,,,,,,,,,,,,,,,,,,,,,,,,,,Hardware & Tools,,,,,,,,,,,,,,,,,,,,,,,,,,,,,,,,,,,,,,,,,,,,,,,,,,,,,,,,,,,,,,,,,,,,,,,,,,,,,,,,,,,,,,,,,,,,,,,,,,,,,,,,,,,,,,,,,,,,,,,,,,,,,,,,,,,,,,,,,,,,,,,,,,,,,,,,,,,,,,,,,,,,,,,,,,,,,,,,,,,,,,,,,,,,,,,,,,,,,
,,,,,,G1950-UPC,,,,G1950-UPC,G1950-UPC,4x4 2G GFI Box Cover,-- Unbranded --,-- No Unilog Brand --,Southwire,Southwire/g Turner (6603),Southwire Company,Southwire,,G1950-UPC,,,"Southwire Company Southwire, Hardware & Tools, G1950-UPC",4X4 2G GFI BOX COVER,Southwire G1950-UPC Hardware & Tools,4x4 2G GFI Box Cover,Southwire G1950-UPC Hardware & Tools,,,,,,,,,,,,,,,,,,,,,,,,,,,Hardware & Tools,Dimension,4x4,,,,,,,,,,,,,,,,,,,,,,,,,,,,,,,,,,,,,,,,,,,,,,,,,,,,,,,,,,,,,,,,,,,,,,,,,,,,,,,,,,,,,,,,,,,,,,,,,,,,,,,,,,,,,,,,,,,,,,,,,,,,,,,,,,,,,,,,,,,,,,,,,,,,,,,,,,,,,,,,,,,,,,,,,,,,,,,,,,,,,,,,,,,,,,,,,,,
,,,,,,A410RCAR,Building Materials,Decking & Railing,PVC Decking,A410RCAR,A410RCAR,4x4 1G PVC Box Cover,-- Unbranded --,-- No Unilog Brand --,Carlon,Thomas & Betts (7405),ABB (Thomas & Betts),-- Unbranded --,,A410RCAR,,Building Materials>Decking & Railing>PVC Decking,"ABB (Thomas & Betts) -- Unbranded --, PVC Decking, A410RCAR",4X4 1G PVC BOX COVER,-- Unbranded -- A410RCAR PVC Decking,4x4 1G PVC Box Cover,-- Unbranded -- A410RCAR PVC Decking,,,,,,,,,,,,,,,,,,,,,,,,,,,PVC Decking,Dimension,4x4,,,,,,,,,,,,,,,,,,,,,,,,,,,,,,,,,,,,,,,,,,,,,,,,,,,,,,,,,,,,,,,,,,,,,,,,,,,,,,,,,,,,,,,,,,,,,,,,,,,,,,,,,,,,,,,,,,,,,,,,,,,,,,,,,,,,,,,,,,,,,,,,,,,,,,,,,,,,,,,,,,,,,,,,,,,,,,,,,,,,,,,,,,,,,,,,,,,
,,,,,,G1951-UPC,,,,G1951-UPC,G1951-UPC,4x4 2G GFCI Duplex Box Cover,-- Unbranded --,-- No Unilog Brand --,Southwire,Southwire/g Turner (6603),Southwire Company,Southwire,,G1951-UPC,,,"Southwire Company Southwire, Hardware & Tools, G1951-UPC",4X4 2G GFCI DUPLEX BOX COVER,Southwire G1951-UPC Hardware & Tools,4x4 2G GFCI Duplex Box Cover,Southwire G1951-UPC Hardware & Tools,,,,,,,,,,,,,,,,,,,,,,,,,,,Hardware & Tools,Dimension,4x4,,,,,,,,,,,,,,,,,,,,,,,,,,,,,,,,,,,,,,,,,,,,,,,,,,,,,,,,,,,,,,,,,,,,,,,,,,,,,,,,,,,,,,,,,,,,,,,,,,,,,,,,,,,,,,,,,,,,,,,,,,,,,,,,,,,,,,,,,,,,,,,,,,,,,,,,,,,,,,,,,,,,,,,,,,,,,,,,,,,,,,,,,,,,,,,,,,,
,,,,,,52C3-5/8-UPC,,,,52C3-5/8-UPC,S11606,"S11606 8"" Round Down Lt 30K",-- Unbranded --,-- No Unilog Brand --,-- No DIB Brand --,Satco Prod Inc (5573),Southwire Company,Southwire,,52C3-5/8-UPC,,,"Southwire Company Southwire, Hardware & Tools, 52C3-5/8-UPC",4X4 1G BOX COVER,Southwire 52C3-5/8-UPC Hardware & Tools,4x4 1G Box Cover,Southwire 52C3-5/8-UPC Hardware & Tools,,,,,,,,,,,,,,,,,,,,,,,,,,,Hardware & Tools,Dimension,4x4,,,,,,,,,,,,,,,,,,,,,,,,,,,,,,,,,,,,,,,,,,,,,,,,,,,,,,,,,,,,,,,,,,,,,,,,,,,,,,,,,,,,,,,,,,,,,,,,,,,,,,,,,,,,,,,,,,,,,,,,,,,,,,,,,,,,,,,,,,,,,,,,,,,,,,,,,,,,,,,,,,,,,,,,,,,,,,,,,,,,,,,,,,,,,,,,,,,
,,,,,,52C14-5/8-UPC,,,,52C14-5/8-UPC,S11606,"S11606 8"" Round Down Lt 30K",-- Unbranded --,-- No Unilog Brand --,-- No DIB Brand --,Satco Prod Inc (5573),Southwire Company,Southwire,,52C14-5/8-UPC,,,"Southwire Company Southwire, Hardware & Tools, 52C14-5/8-UPC",4X4 1G BOX COVER,Southwire 52C14-5/8-UPC Hardware & Tools,4x4 1G Box Cover,Southwire 52C14-5/8-UPC Hardware & Tools,,,,,,,,,,,,,,,,,,,,,,,,,,,Hardware & Tools,Dimension,4x4,,,,,,,,,,,,,,,,,,,,,,,,,,,,,,,,,,,,,,,,,,,,,,,,,,,,,,,,,,,,,,,,,,,,,,,,,,,,,,,,,,,,,,,,,,,,,,,,,,,,,,,,,,,,,,,,,,,,,,,,,,,,,,,,,,,,,,,,,,,,,,,,,,,,,,,,,,,,,,,,,,,,,,,,,,,,,,,,,,,,,,,,,,,,,,,,,,,
,,,,,,52C3-UPC,,,,52C3-UPC,52C3-UPC,4x4 1G Box Cover,-- Unbranded --,-- No Unilog Brand --,Southwire,Southwire/g Turner (6603),Southwire Company,Southwire,,52C3-UPC,,,"Southwire Company Southwire, Hardware & Tools, 52C3-UPC",4X4 1G BOX COVER,Southwire 52C3-UPC Hardware & Tools,4x4 1G Box Cover,Southwire 52C3-UPC Hardware & Tools,,,,,,,,,,,,,,,,,,,,,,,,,,,Hardware & Tools,Dimension,4x4,,,,,,,,,,,,,,,,,,,,,,,,,,,,,,,,,,,,,,,,,,,,,,,,,,,,,,,,,,,,,,,,,,,,,,,,,,,,,,,,,,,,,,,,,,,,,,,,,,,,,,,,,,,,,,,,,,,,,,,,,,,,,,,,,,,,,,,,,,,,,,,,,,,,,,,,,,,,,,,,,,,,,,,,,,,,,,,,,,,,,,,,,,,,,,,,,,,
,,,,,,54151-F-UPC,,,,54151-F-UPC,54151-F-UPC,4x4x1-1/2 Oct Box w/Bracket,-- Unbranded --,-- No Unilog Brand --,Southwire,Southwire/g Turner (6603),Southwire Company,Southwire,,54151-F-UPC,,,"Southwire Company Southwire, Hardware & Tools, 54151-F-UPC",4X4X1-1/2 OCT BOX W/BRACKET,Southwire 54151-F-UPC Hardware & Tools,4x4x1-1/2 Oct Box w/Bracket,Southwire 54151-F-UPC Hardware & Tools,,,,,,,,,,,,,,,,,,,,,,,,,,,Hardware & Tools,,,,,,,,,,,,,,,,,,,,,,,,,,,,,,,,,,,,,,,,,,,,,,,,,,,,,,,,,,,,,,,,,,,,,,,,,,,,,,,,,,,,,,,,,,,,,,,,,,,,,,,,,,,,,,,,,,,,,,,,,,,,,,,,,,,,,,,,,,,,,,,,,,,,,,,,,,,,,,,,,,,,,,,,,,,,,,,,,,,,,,,,,,,,,,,,,,,,,
,,,,,,54151-HUR-UPC,,,,54151-HUR-UPC,54151-HUR-UPC,4x4x1-1/2 Oct Box w/Hanger,-- Unbranded --,-- No Unilog Brand --,Southwire,Southwire/g Turner (6603),Southwire Company,Southwire,,54151-HUR-UPC,,,"Southwire Company Southwire, Hardware & Tools, 54151-HUR-UPC",4X4X1-1/2 OCT BOX W/HANGER,Southwire 54151-HUR-UPC Hardware & Tools,4x4x1-1/2 Oct Box w/Hanger,Southwire 54151-HUR-UPC Hardware & Tools,,,,,,,,,,,,,,,,,,,,,,,,,,,Hardware & Tools,,,,,,,,,,,,,,,,,,,,,,,,,,,,,,,,,,,,,,,,,,,,,,,,,,,,,,,,,,,,,,,,,,,,,,,,,,,,,,,,,,,,,,,,,,,,,,,,,,,,,,,,,,,,,,,,,,,,,,,,,,,,,,,,,,,,,,,,,,,,,,,,,,,,,,,,,,,,,,,,,,,,,,,,,,,,,,,,,,,,,,,,,,,,,,,,,,,,,
,,,,,,54151-JR-UPC,,,,54151-JR-UPC,54151-JR-UPC,4x4x1-1/2 Oct Box w/Brakcet,-- Unbranded --,-- No Unilog Brand --,Southwire,Southwire/g Turner (6603),Southwire Company,Southwire,,54151-JR-UPC,,,"Southwire Company Southwire, Hardware & Tools, 54151-JR-UPC",4X4X1-1/2 OCT BOX W/BRAKCET,Southwire 54151-JR-UPC Hardware & Tools,4x4x1-1/2 Oct Box w/Brakcet,Southwire 54151-JR-UPC Hardware & Tools,,,,,,,,,,,,,,,,,,,,,,,,,,,Hardware & Tools,,,,,,,,,,,,,,,,,,,,,,,,,,,,,,,,,,,,,,,,,,,,,,,,,,,,,,,,,,,,,,,,,,,,,,,,,,,,,,,,,,,,,,,,,,,,,,,,,,,,,,,,,,,,,,,,,,,,,,,,,,,,,,,,,,,,,,,,,,,,,,,,,,,,,,,,,,,,,,,,,,,,,,,,,,,,,,,,,,,,,,,,,,,,,,,,,,,,,
,,,,,,54171-R-UPC,,,,54171-R-UPC,54171-R-UPC,4x4x2 Oct Box,-- Unbranded --,-- No Unilog Brand --,Southwire,Southwire/g Turner (6603),Southwire Company,Southwire,,54171-R-UPC,,,"Southwire Company Southwire, Hardware & Tools, 54171-R-UPC",4X4X2 OCT BOX,Southwire 54171-R-UPC Hardware & Tools,4x4x2 Oct Box,Southwire 54171-R-UPC Hardware & Tools,,,,,,,,,,,,,,,,,,,,,,,,,,,Hardware & Tools,,,,,,,,,,,,,,,,,,,,,,,,,,,,,,,,,,,,,,,,,,,,,,,,,,,,,,,,,,,,,,,,,,,,,,,,,,,,,,,,,,,,,,,,,,,,,,,,,,,,,,,,,,,,,,,,,,,,,,,,,,,,,,,,,,,,,,,,,,,,,,,,,,,,,,,,,,,,,,,,,,,,,,,,,,,,,,,,,,,,,,,,,,,,,,,,,,,,,
,,,,,,52151-S-UPC,,,,52151-S-UPC,52151-S-UPC,4x4x1-1/2 Square Box,-- Unbranded --,-- No Unilog Brand --,Southwire,Southwire/g Turner (6603),Southwire Company,Southwire,,52151-S-UPC,,,"Southwire Company Southwire, Hardware & Tools, 52151-S-UPC",4X4X1-1/2 SQUARE BOX,Southwire 52151-S-UPC Hardware & Tools,4x4x1-1/2 Square Box,Southwire 52151-S-UPC Hardware & Tools,,,,,,,,,,,,,,,,,,,,,,,,,,,Hardware & Tools,,,,,,,,,,,,,,,,,,,,,,,,,,,,,,,,,,,,,,,,,,,,,,,,,,,,,,,,,,,,,,,,,,,,,,,,,,,,,,,,,,,,,,,,,,,,,,,,,,,,,,,,,,,,,,,,,,,,,,,,,,,,,,,,,,,,,,,,,,,,,,,,,,,,,,,,,,,,,,,,,,,,,,,,,,,,,,,,,,,,,,,,,,,,,,,,,,,,,
,,,,,,72171-3/4-1W-UPC,,,,72171-3/4-1W-UPC,165-04729-00C,1650472900C 15A 125V Cord Conn,-- Unbranded --,-- No Unilog Brand --,Leviton,Leviton Mfg Co (4927),Southwire Company,Southwire,,72171-3/4-1W-UPC,,,"Southwire Company Southwire, Hardware & Tools, 72171-3/4-1W-UPC",4-1/2X4-1/2X2 2G BOX,Southwire 72171-3/4-1W-UPC Hardware & Tools,4-1/2x4-1/2x2 2G Box,Southwire 72171-3/4-1W-UPC Hardware & Tools,,,,,,,,,,,,,,,,,,,,,,,,,,,Hardware & Tools,Dimension,1/2x4-1,,,,,,,,,,,,,,,,,,,,,,,,,,,,,,,,,,,,,,,,,,,,,,,,,,,,,,,,,,,,,,,,,,,,,,,,,,,,,,,,,,,,,,,,,,,,,,,,,,,,,,,,,,,,,,,,,,,,,,,,,,,,,,,,,,,,,,,,,,,,,,,,,,,,,,,,,,,,,,,,,,,,,,,,,,,,,,,,,,,,,,,,,,,,,,,,,,,
,,,,,,5522-5EV,,,,5522-5EV,5522-5EV,5522-5EV 2 Port Decor Plate,-- Unbranded --,-- No Unilog Brand --,-- No DIB Brand --,Cooper Wiring Devices (3560),Eaton Cooper Wiring,-- Unbranded --,,5522-5EV,,,"Eaton Cooper Wiring -- Unbranded --, Hardware & Tools, 5522-5EV",5522-5EV 2 PORT DECOR PLATE,-- Unbranded -- 5522-5EV Hardware & Tools,5522-5EV 2 Port Decor Plate,-- Unbranded -- 5522-5EV Hardware & Tools,,,,,,,,,,,,,,,,,,,,,,,,,,,Hardware & Tools,,,,,,,,,,,,,,,,,,,,,,,,,,,,,,,,,,,,,,,,,,,,,,,,,,,,,,,,,,,,,,,,,,,,,,,,,,,,,,,,,,,,,,,,,,,,,,,,,,,,,,,,,,,,,,,,,,,,,,,,,,,,,,,,,,,,,,,,,,,,,,,,,,,,,,,,,,,,,,,,,,,,,,,,,,,,,,,,,,,,,,,,,,,,,,,,,,,,,
,,,,,,AYCL-153PH-LA,,,,AYCL-153PH-LA,AYCL-153PH-LA,AYCL-153PH-LA Lutron Dimmer LA,-- Unbranded --,-- No Unilog Brand --,-- No DIB Brand --,Fenton Bros Electric Inc (FENBR),Fenton Bros Electric,-- Unbranded --,,AYCL-153PH-LA,,,"Fenton Bros Electric -- Unbranded --, Hardware & Tools, AYCL-153PH-LA",AYCL-153PH-LA LUTRON DIMMER LA,-- Unbranded -- AYCL-153PH-LA Hardware & Tools,AYCL-153PH-LA Lutron Dimmer LA,-- Unbranded -- AYCL-153PH-LA Hardware & Tools,,,,,,,,,,,,,,,,,,,,,,,,,,,Hardware & Tools,,,,,,,,,,,,,,,,,,,,,,,,,,,,,,,,,,,,,,,,,,,,,,,,,,,,,,,,,,,,,,,,,,,,,,,,,,,,,,,,,,,,,,,,,,,,,,,,,,,,,,,,,,,,,,,,,,,,,,,,,,,,,,,,,,,,,,,,,,,,,,,,,,,,,,,,,,,,,,,,,,,,,,,,,,,,,,,,,,,,,,,,,,,,,,,,,,,,,
,,,,,,AYCL-153PH-WH,,,,AYCL-153PH-WH,AYCL-153PH-WH,AYCL-153PH-WH Lutron Dimmer Wh,-- Unbranded --,-- No Unilog Brand --,-- No DIB Brand --,Fenton Bros Electric Inc (FENBR),Fenton Bros Electric,-- Unbranded --,,AYCL-153PH-WH,,,"Fenton Bros Electric -- Unbranded --, Hardware & Tools, AYCL-153PH-WH",AYCL-153PH-WH LUTRON DIMMER WH,-- Unbranded -- AYCL-153PH-WH Hardware & Tools,AYCL-153PH-WH Lutron Dimmer Wh,-- Unbranded -- AYCL-153PH-WH Hardware & Tools,,,,,,,,,,,,,,,,,,,,,,,,,,,Hardware & Tools,,,,,,,,,,,,,,,,,,,,,,,,,,,,,,,,,,,,,,,,,,,,,,,,,,,,,,,,,,,,,,,,,,,,,,,,,,,,,,,,,,,,,,,,,,,,,,,,,,,,,,,,,,,,,,,,,,,,,,,,,,,,,,,,,,,,,,,,,,,,,,,,,,,,,,,,,,,,,,,,,,,,,,,,,,,,,,,,,,,,,,,,,,,,,,,,,,,,,
,,,,,,D23LP-R02-1RW,,,,D23LP-R02-1RW,D23LP-R02-1RW,D23LPR021RW Plug In Dimmer Wh,-- Unbranded --,-- No Unilog Brand --,Leviton,Leviton Mfg Co (4927),Leviton Manufacturing Co,Leviton,,D23LP-R02-1RW,,,"Leviton Manufacturing Co Leviton, Hardware & Tools, D23LP-R02-1RW",D23LPR021RW PLUG IN DIMMER WH,Leviton D23LP-R02-1RW Hardware & Tools,D23LPR021RW Plug In Dimmer Wh,Leviton D23LP-R02-1RW Hardware & Tools,,,,,,,,,,,,,,,,,,,,,,,,,,,Hardware & Tools,,,,,,,,,,,,,,,,,,,,,,,,,,,,,,,,,,,,,,,,,,,,,,,,,,,,,,,,,,,,,,,,,,,,,,,,,,,,,,,,,,,,,,,,,,,,,,,,,,,,,,,,,,,,,,,,,,,,,,,,,,,,,,,,,,,,,,,,,,,,,,,,,,,,,,,,,,,,,,,,,,,,,,,,,,,,,,,,,,,,,,,,,,,,,,,,,,,,,
,,,,,,TNOCD002,,,,TNOCD002,TNOCD002,TNOCD002 125V Outdooor Timer,-- Unbranded --,-- No Unilog Brand --,Prime,Prime Wire & Cable (3562),Prime Wire & Cable,-- Unbranded --,,TNOCD002,,,"Prime Wire & Cable -- Unbranded --, Hardware & Tools, TNOCD002",TNOCD002 125V OUTDOOOR TIMER,-- Unbranded -- TNOCD002 Hardware & Tools,TNOCD002 125V Outdooor Timer,-- Unbranded -- TNOCD002 Hardware & Tools,,,,,,,,,,,,,,,,,,,,,,,,,,,Hardware & Tools,,,,,,,,,,,,,,,,,,,,,,,,,,,,,,,,,,,,,,,,,,,,,,,,,,,,,,,,,,,,,,,,,,,,,,,,,,,,,,,,,,,,,,,,,,,,,,,,,,,,,,,,,,,,,,,,,,,,,,,,,,,,,,,,,,,,,,,,,,,,,,,,,,,,,,,,,,,,,,,,,,,,,,,,,,,,,,,,,,,,,,,,,,,,,,,,,,,,,
,,,,,,TNDHD002,,,,TNDHD002,TNDHD002,TNDHD002 125V 7Day Timer,-- Unbranded --,-- No Unilog Brand --,Prime,Prime Wire & Cable (3562),Prime Wire & Cable,-- Unbranded --,,TNDHD002,,,"Prime Wire & Cable -- Unbranded --, Hardware & Tools, TNDHD002",TNDHD002 125V 7DAY TIMER,-- Unbranded -- TNDHD002 Hardware & Tools,TNDHD002 125V 7Day Timer,-- Unbranded -- TNDHD002 Hardware & Tools,,,,,,,,,,,,,,,,,,,,,,,,,,,Hardware & Tools,,,,,,,,,,,,,,,,,,,,,,,,,,,,,,,,,,,,,,,,,,,,,,,,,,,,,,,,,,,,,,,,,,,,,,,,,,,,,,,,,,,,,,,,,,,,,,,,,,,,,,,,,,,,,,,,,,,,,,,,,,,,,,,,,,,,,,,,,,,,,,,,,,,,,,,,,,,,,,,,,,,,,,,,,,,,,,,,,,,,,,,,,,,,,,,,,,,,,
,,,,,,TNIDP12,Building Materials,Doors & Windows,Entry Doors,TNIDP12,TNIDP12,TNIDP12 125V Dig Indoor Timer,-- Unbranded --,-- No Unilog Brand --,Prime,Prime Wire & Cable (3562),Prime Wire & Cable,-- Unbranded --,,TNIDP12,,Building Materials>Doors & Windows>Entry Doors,"Prime Wire & Cable -- Unbranded --, Entry Doors, TNIDP12",TNIDP12 125V DIG INDOOR TIMER,-- Unbranded -- TNIDP12 Entry Doors,TNIDP12 125V Dig Indoor Timer,-- Unbranded -- TNIDP12 Entry Doors,,,,,,,,,,,,,,,,,,,,,,,,,,,Entry Doors,,,,,,,,,,,,,,,,,,,,,,,,,,,,,,,,,,,,,,,,,,,,,,,,,,,,,,,,,,,,,,,,,,,,,,,,,,,,,,,,,,,,,,,,,,,,,,,,,,,,,,,,,,,,,,,,,,,,,,,,,,,,,,,,,,,,,,,,,,,,,,,,,,,,,,,,,,,,,,,,,,,,,,,,,,,,,,,,,,,,,,,,,,,,,,,,,,,,,
,,,,,,TNIW24,,,,TNIW24,TNIW24,TNIW24 125V 24hr Mech Timer,-- Unbranded --,-- No Unilog Brand --,Prime,Prime Wire & Cable (3562),Prime Wire & Cable,-- Unbranded --,,TNIW24,,,"Prime Wire & Cable -- Unbranded --, Hardware & Tools, TNIW24",TNIW24 125V 24HR MECH TIMER,-- Unbranded -- TNIW24 Hardware & Tools,TNIW24 125V 24hr Mech Timer,-- Unbranded -- TNIW24 Hardware & Tools,,,,,,,,,,,,,,,,,,,,,,,,,,,Hardware & Tools,,,,,,,,,,,,,,,,,,,,,,,,,,,,,,,,,,,,,,,,,,,,,,,,,,,,,,,,,,,,,,,,,,,,,,,,,,,,,,,,,,,,,,,,,,,,,,,,,,,,,,,,,,,,,,,,,,,,,,,,,,,,,,,,,,,,,,,,,,,,,,,,,,,,,,,,,,,,,,,,,,,,,,,,,,,,,,,,,,,,,,,,,,,,,,,,,,,,,
,,,,,,65-1222,Lighting & Electrical,Lamps & Bulbs,LED Bulbs,65-1222,65-1222,65-1222 1' Led Lt Multi CCT,-- Unbranded --,-- No Unilog Brand --,-- No DIB Brand --,Satco Prod Inc (5573),Satco Products Inc,-- Unbranded --,,65-1222,,Lighting & Electrical>Lamps & Bulbs>LED Bulbs,"Satco Products Inc -- Unbranded --, LED Bulbs, 65-1222",65-1222 1' LED LT MULTI CCT,-- Unbranded -- 65-1222 LED Bulbs,65-1222 1' Led Lt Multi CCT,-- Unbranded -- 65-1222 LED Bulbs,,,,,,,,,,,,,,,,,,,,,,,,,,,LED Bulbs,Bulb Type,LED,,,,,,,,,,,,,,,,,,,,,,,,,,,,,,,,,,,,,,,,,,,,,,,,,,,,,,,,,,,,,,,,,,,,,,,,,,,,,,,,,,,,,,,,,,,,,,,,,,,,,,,,,,,,,,,,,,,,,,,,,,,,,,,,,,,,,,,,,,,,,,,,,,,,,,,,,,,,,,,,,,,,,,,,,,,,,,,,,,,,,,,,,,,,,,,,,,,
,,,,,,65-1224,Lighting & Electrical,Lamps & Bulbs,LED Bulbs,65-1224,65-1224,65-1224 4' Led Strip Light,-- Unbranded --,-- No Unilog Brand --,Satco,Satco Prod Inc (5573),Satco Products Inc,Satco,,65-1224,,Lighting & Electrical>Lamps & Bulbs>LED Bulbs,"Satco Products Inc Satco, LED Bulbs, 65-1224",65-1224 4' LED STRIP LIGHT,Satco 65-1224 LED Bulbs,65-1224 4' Led Strip Light,Satco 65-1224 LED Bulbs,,,,,,,,,,,,,,,,,,,,,,,,,,,LED Bulbs,Bulb Type,LED,,,,,,,,,,,,,,,,,,,,,,,,,,,,,,,,,,,,,,,,,,,,,,,,,,,,,,,,,,,,,,,,,,,,,,,,,,,,,,,,,,,,,,,,,,,,,,,,,,,,,,,,,,,,,,,,,,,,,,,,,,,,,,,,,,,,,,,,,,,,,,,,,,,,,,,,,,,,,,,,,,,,,,,,,,,,,,,,,,,,,,,,,,,,,,,,,,,
,,,,,,45297BK,Building Materials,Drywall,Gypsum Board,45297BK,45297BK,45297BK Kichler Wall Lt,-- Unbranded --,-- No Unilog Brand --,-- No DIB Brand --,Kichler Lighting (KICLI),Kichler Lighting,Kichler,,45297BK,,Building Materials>Drywall>Gypsum Board,"Kichler Lighting Kichler, Gypsum Board, 45297BK",45297BK KICHLER WALL LT,Kichler 45297BK Gypsum Board,45297BK Kichler Wall Lt,Kichler 45297BK Gypsum Board,,,,,,,,,,,,,,,,,,,,,,,,,,,Gypsum Board,,,,,,,,,,,,,,,,,,,,,,,,,,,,,,,,,,,,,,,,,,,,,,,,,,,,,,,,,,,,,,,,,,,,,,,,,,,,,,,,,,,,,,,,,,,,,,,,,,,,,,,,,,,,,,,,,,,,,,,,,,,,,,,,,,,,,,,,,,,,,,,,,,,,,,,,,,,,,,,,,,,,,,,,,,,,,,,,,,,,,,,,,,,,,,,,,,,,,
,,,,,,45573BK,Lighting & Electrical,Light Fixtures,Recessed Lighting,45573BK,45573BK,45573BK Kichler Wall Light,-- Unbranded --,-- No Unilog Brand --,-- No DIB Brand --,Kichler Lighting (KICLI),Kichler Lighting,Kichler,,45573BK,,Lighting & Electrical>Light Fixtures>Recessed Lighting,"Kichler Lighting Kichler, Recessed Lighting, 45573BK",45573BK KICHLER WALL LIGHT,Kichler 45573BK Recessed Lighting,45573BK Kichler Wall Light,Kichler 45573BK Recessed Lighting,,,,,,,,,,,,,,,,,,,,,,,,,,,Recessed Lighting,,,,,,,,,,,,,,,,,,,,,,,,,,,,,,,,,,,,,,,,,,,,,,,,,,,,,,,,,,,,,,,,,,,,,,,,,,,,,,,,,,,,,,,,,,,,,,,,,,,,,,,,,,,,,,,,,,,,,,,,,,,,,,,,,,,,,,,,,,,,,,,,,,,,,,,,,,,,,,,,,,,,,,,,,,,,,,,,,,,,,,,,,,,,,,,,,,,,,
,,,,,,37418A,Lighting & Electrical,Light Fixtures,Recessed Lighting,37418A,37418A,37418A Kichler Bath Light,-- Unbranded --,-- No Unilog Brand --,-- No DIB Brand --,Kichler Lighting (KICLI),Kichler Lighting,Kichler,,37418A,,Lighting & Electrical>Light Fixtures>Recessed Lighting,"Kichler Lighting Kichler, Recessed Lighting, 37418A",37418A KICHLER BATH LIGHT,Kichler 37418A Recessed Lighting,37418A Kichler Bath Light,Kichler 37418A Recessed Lighting,,,,,,,,,,,,,,,,,,,,,,,,,,,Recessed Lighting,,,,,,,,,,,,,,,,,,,,,,,,,,,,,,,,,,,,,,,,,,,,,,,,,,,,,,,,,,,,,,,,,,,,,,,,,,,,,,,,,,,,,,,,,,,,,,,,,,,,,,,,,,,,,,,,,,,,,,,,,,,,,,,,,,,,,,,,,,,,,,,,,,,,,,,,,,,,,,,,,,,,,,,,,,,,,,,,,,,,,,,,,,,,,,,,,,,,,
,,,,,,37423A,Lighting & Electrical,Light Fixtures,Recessed Lighting,37423A,37423A,37423A Kichler Bath Light,-- Unbranded --,-- No Unilog Brand --,-- No DIB Brand --,Kichler Lighting (KICLI),Kichler Lighting,Kichler,,37423A,,Lighting & Electrical>Light Fixtures>Recessed Lighting,"Kichler Lighting Kichler, Recessed Lighting, 37423A",37423A KICHLER BATH LIGHT,Kichler 37423A Recessed Lighting,37423A Kichler Bath Light,Kichler 37423A Recessed Lighting,,,,,,,,,,,,,,,,,,,,,,,,,,,Recessed Lighting,,,,,,,,,,,,,,,,,,,,,,,,,,,,,,,,,,,,,,,,,,,,,,,,,,,,,,,,,,,,,,,,,,,,,,,,,,,,,,,,,,,,,,,,,,,,,,,,,,,,,,,,,,,,,,,,,,,,,,,,,,,,,,,,,,,,,,,,,,,,,,,,,,,,,,,,,,,,,,,,,,,,,,,,,,,,,,,,,,,,,,,,,,,,,,,,,,,,,
,,,,,,45496BKCLR,Lighting & Electrical,Light Fixtures,Recessed Lighting,45496BKCLR,45496BKCLR,45496BKCLR Kichler Bath Light,-- Unbranded --,-- No Unilog Brand --,-- No DIB Brand --,Kichler Lighting (KICLI),Kichler Lighting,Kichler,,45496BKCLR,,Lighting & Electrical>Light Fixtures>Recessed Lighting,"Kichler Lighting Kichler, Recessed Lighting, 45496BKCLR",45496BKCLR KICHLER BATH LIGHT,Kichler 45496BKCLR Recessed Lighting,45496BKCLR Kichler Bath Light,Kichler 45496BKCLR Recessed Lighting,,,,,,,,,,,,,,,,,,,,,,,,,,,Recessed Lighting,,,,,,,,,,,,,,,,,,,,,,,,,,,,,,,,,,,,,,,,,,,,,,,,,,,,,,,,,,,,,,,,,,,,,,,,,,,,,,,,,,,,,,,,,,,,,,,,,,,,,,,,,,,,,,,,,,,,,,,,,,,,,,,,,,,,,,,,,,,,,,,,,,,,,,,,,,,,,,,,,,,,,,,,,,,,,,,,,,,,,,,,,,,,,,,,,,,,,
,,,,,,45973BK,Lighting & Electrical,Light Fixtures,Recessed Lighting,45973BK,45973BK,45973BK Kichler Wall Light,-- Unbranded --,-- No Unilog Brand --,-- No DIB Brand --,Kichler Lighting (KICLI),Kichler Lighting,Kichler,,45973BK,,Lighting & Electrical>Light Fixtures>Recessed Lighting,"Kichler Lighting Kichler, Recessed Lighting, 45973BK",45973BK KICHLER WALL LIGHT,Kichler 45973BK Recessed Lighting,45973BK Kichler Wall Light,Kichler 45973BK Recessed Lighting,,,,,,,,,,,,,,,,,,,,,,,,,,,Recessed Lighting,,,,,,,,,,,,,,,,,,,,,,,,,,,,,,,,,,,,,,,,,,,,,,,,,,,,,,,,,,,,,,,,,,,,,,,,,,,,,,,,,,,,,,,,,,,,,,,,,,,,,,,,,,,,,,,,,,,,,,,,,,,,,,,,,,,,,,,,,,,,,,,,,,,,,,,,,,,,,,,,,,,,,,,,,,,,,,,,,,,,,,,,,,,,,,,,,,,,,
,,,,,,55155BK,Building Materials,Drywall,Gypsum Board,55155BK,55155BK,55155BK Kichler Wall Lt,-- Unbranded --,-- No Unilog Brand --,-- No DIB Brand --,Kichler Lighting (KICLI),Kichler Lighting,Kichler,,55155BK,,Building Materials>Drywall>Gypsum Board,"Kichler Lighting Kichler, Gypsum Board, 55155BK",55155BK KICHLER WALL LT,Kichler 55155BK Gypsum Board,55155BK Kichler Wall Lt,Kichler 55155BK Gypsum Board,,,,,,,,,,,,,,,,,,,,,,,,,,,Gypsum Board,,,,,,,,,,,,,,,,,,,,,,,,,,,,,,,,,,,,,,,,,,,,,,,,,,,,,,,,,,,,,,,,,,,,,,,,,,,,,,,,,,,,,,,,,,,,,,,,,,,,,,,,,,,,,,,,,,,,,,,,,,,,,,,,,,,,,,,,,,,,,,,,,,,,,,,,,,,,,,,,,,,,,,,,,,,,,,,,,,,,,,,,,,,,,,,,,,,,,
,,,,,,55157CPZ,Lighting & Electrical,Light Fixtures,Recessed Lighting,55157CPZ,55157CPZ,55157CPZ Kichler Wall Light,-- Unbranded --,-- No Unilog Brand --,-- No DIB Brand --,Kichler Lighting (KICLI),Kichler Lighting,Kichler,,55157CPZ,,Lighting & Electrical>Light Fixtures>Recessed Lighting,"Kichler Lighting Kichler, Recessed Lighting, 55157CPZ",55157CPZ KICHLER WALL LIGHT,Kichler 55157CPZ Recessed Lighting,55157CPZ Kichler Wall Light,Kichler 55157CPZ Recessed Lighting,,,,,,,,,,,,,,,,,,,,,,,,,,,Recessed Lighting,,,,,,,,,,,,,,,,,,,,,,,,,,,,,,,,,,,,,,,,,,,,,,,,,,,,,,,,,,,,,,,,,,,,,,,,,,,,,,,,,,,,,,,,,,,,,,,,,,,,,,,,,,,,,,,,,,,,,,,,,,,,,,,,,,,,,,,,,,,,,,,,,,,,,,,,,,,,,,,,,,,,,,,,,,,,,,,,,,,,,,,,,,,,,,,,,,,,,
,,,,,,55184BK,Building Materials,Drywall,Gypsum Board,55184BK,55184BK,55184BK Kichler Wall Lt,-- Unbranded --,-- No Unilog Brand --,-- No DIB Brand --,Kichler Lighting (KICLI),Kichler Lighting,Kichler,,55184BK,,Building Materials>Drywall>Gypsum Board,"Kichler Lighting Kichler, Gypsum Board, 55184BK",55184BK KICHLER WALL LT,Kichler 55184BK Gypsum Board,55184BK Kichler Wall Lt,Kichler 55184BK Gypsum Board,,,,,,,,,,,,,,,,,,,,,,,,,,,Gypsum Board,,,,,,,,,,,,,,,,,,,,,,,,,,,,,,,,,,,,,,,,,,,,,,,,,,,,,,,,,,,,,,,,,,,,,,,,,,,,,,,,,,,,,,,,,,,,,,,,,,,,,,,,,,,,,,,,,,,,,,,,,,,,,,,,,,,,,,,,,,,,,,,,,,,,,,,,,,,,,,,,,,,,,,,,,,,,,,,,,,,,,,,,,,,,,,,,,,,,,
,,,,,,55185BK,Building Materials,Drywall,Gypsum Board,55185BK,55185BK,55185BK Kichler Wall Lt,-- Unbranded --,-- No Unilog Brand --,-- No DIB Brand --,Kichler Lighting (KICLI),Kichler Lighting,Kichler,,55185BK,,Building Materials>Drywall>Gypsum Board,"Kichler Lighting Kichler, Gypsum Board, 55185BK",55185BK KICHLER WALL LT,Kichler 55185BK Gypsum Board,55185BK Kichler Wall Lt,Kichler 55185BK Gypsum Board,,,,,,,,,,,,,,,,,,,,,,,,,,,Gypsum Board,,,,,,,,,,,,,,,,,,,,,,,,,,,,,,,,,,,,,,,,,,,,,,,,,,,,,,,,,,,,,,,,,,,,,,,,,,,,,,,,,,,,,,,,,,,,,,,,,,,,,,,,,,,,,,,,,,,,,,,,,,,,,,,,,,,,,,,,,,,,,,,,,,,,,,,,,,,,,,,,,,,,,,,,,,,,,,,,,,,,,,,,,,,,,,,,,,,,,
,,,,,,55186CH,Building Materials,Drywall,Gypsum Board,55186CH,55186CH,55186CH Kichler Wall Lt,-- Unbranded --,-- No Unilog Brand --,-- No DIB Brand --,Kichler Lighting (KICLI),Kichler Lighting,Kichler,,55186CH,,Building Materials>Drywall>Gypsum Board,"Kichler Lighting Kichler, Gypsum Board, 55186CH",55186CH KICHLER WALL LT,Kichler 55186CH Gypsum Board,55186CH Kichler Wall Lt,Kichler 55186CH Gypsum Board,,,,,,,,,,,,,,,,,,,,,,,,,,,Gypsum Board,,,,,,,,,,,,,,,,,,,,,,,,,,,,,,,,,,,,,,,,,,,,,,,,,,,,,,,,,,,,,,,,,,,,,,,,,,,,,,,,,,,,,,,,,,,,,,,,,,,,,,,,,,,,,,,,,,,,,,,,,,,,,,,,,,,,,,,,,,,,,,,,,,,,,,,,,,,,,,,,,,,,,,,,,,,,,,,,,,,,,,,,,,,,,,,,,,,,,
,,,,,,55210NI,Lighting & Electrical,Light Fixtures,Recessed Lighting,55210NI,55210NI,55210NI Kichler Wall Light,-- Unbranded --,-- No Unilog Brand --,-- No DIB Brand --,Kichler Lighting (KICLI),Kichler Lighting,Kichler,,55210NI,,Lighting & Electrical>Light Fixtures>Recessed Lighting,"Kichler Lighting Kichler, Recessed Lighting, 55210NI",55210NI KICHLER WALL LIGHT,Kichler 55210NI Recessed Lighting,55210NI Kichler Wall Light,Kichler 55210NI Recessed Lighting,,,,,,,,,,,,,,,,,,,,,,,,,,,Recessed Lighting,,,,,,,,,,,,,,,,,,,,,,,,,,,,,,,,,,,,,,,,,,,,,,,,,,,,,,,,,,,,,,,,,,,,,,,,,,,,,,,,,,,,,,,,,,,,,,,,,,,,,,,,,,,,,,,,,,,,,,,,,,,,,,,,,,,,,,,,,,,,,,,,,,,,,,,,,,,,,,,,,,,,,,,,,,,,,,,,,,,,,,,,,,,,,,,,,,,,,
,,,,,,55211BK,Lighting & Electrical,Light Fixtures,Recessed Lighting,55211BK,55211BK,55211BK Kichler Wall Light,-- Unbranded --,-- No Unilog Brand --,-- No DIB Brand --,Kichler Lighting (KICLI),Kichler Lighting,Kichler,,55211BK,,Lighting & Electrical>Light Fixtures>Recessed Lighting,"Kichler Lighting Kichler, Recessed Lighting, 55211BK",55211BK KICHLER WALL LIGHT,Kichler 55211BK Recessed Lighting,55211BK Kichler Wall Light,Kichler 55211BK Recessed Lighting,,,,,,,,,,,,,,,,,,,,,,,,,,,Recessed Lighting,,,,,,,,,,,,,,,,,,,,,,,,,,,,,,,,,,,,,,,,,,,,,,,,,,,,,,,,,,,,,,,,,,,,,,,,,,,,,,,,,,,,,,,,,,,,,,,,,,,,,,,,,,,,,,,,,,,,,,,,,,,,,,,,,,,,,,,,,,,,,,,,,,,,,,,,,,,,,,,,,,,,,,,,,,,,,,,,,,,,,,,,,,,,,,,,,,,,,
,,,,,,55211NI,Lighting & Electrical,Light Fixtures,Recessed Lighting,55211NI,55211NI,55211NI Kichler Wall Light,-- Unbranded --,-- No Unilog Brand --,-- No DIB Brand --,Kichler Lighting (KICLI),Kichler Lighting,Kichler,,55211NI,,Lighting & Electrical>Light Fixtures>Recessed Lighting,"Kichler Lighting Kichler, Recessed Lighting, 55211NI",55211NI KICHLER WALL LIGHT,Kichler 55211NI Recessed Lighting,55211NI Kichler Wall Light,Kichler 55211NI Recessed Lighting,,,,,,,,,,,,,,,,,,,,,,,,,,,Recessed Lighting,,,,,,,,,,,,,,,,,,,,,,,,,,,,,,,,,,,,,,,,,,,,,,,,,,,,,,,,,,,,,,,,,,,,,,,,,,,,,,,,,,,,,,,,,,,,,,,,,,,,,,,,,,,,,,,,,,,,,,,,,,,,,,,,,,,,,,,,,,,,,,,,,,,,,,,,,,,,,,,,,,,,,,,,,,,,,,,,,,,,,,,,,,,,,,,,,,,,,
,,,,,,55212NI,Lighting & Electrical,Light Fixtures,Recessed Lighting,55212NI,55212NI,55212NI Kichler Wall Light,-- Unbranded --,-- No Unilog Brand --,-- No DIB Brand --,Kichler Lighting (KICLI),Kichler Lighting,Kichler,,55212NI,,Lighting & Electrical>Light Fixtures>Recessed Lighting,"Kichler Lighting Kichler, Recessed Lighting, 55212NI",55212NI KICHLER WALL LIGHT,Kichler 55212NI Recessed Lighting,55212NI Kichler Wall Light,Kichler 55212NI Recessed Lighting,,,,,,,,,,,,,,,,,,,,,,,,,,,Recessed Lighting,,,,,,,,,,,,,,,,,,,,,,,,,,,,,,,,,,,,,,,,,,,,,,,,,,,,,,,,,,,,,,,,,,,,,,,,,,,,,,,,,,,,,,,,,,,,,,,,,,,,,,,,,,,,,,,,,,,,,,,,,,,,,,,,,,,,,,,,,,,,,,,,,,,,,,,,,,,,,,,,,,,,,,,,,,,,,,,,,,,,,,,,,,,,,,,,,,,,,
,,,,,,55226BKLFU,Building Materials,Drywall,Gypsum Board,55226BKLFU,55226BKLFU,55226BKFLU Kichler Wall Lt,-- Unbranded --,-- No Unilog Brand --,-- No DIB Brand --,Kichler Lighting (KICLI),Kichler Lighting,Kichler,,55226BKLFU,,Building Materials>Drywall>Gypsum Board,"Kichler Lighting Kichler, Gypsum Board, 55226BKLFU",55226BKFLU KICHLER WALL LT,Kichler 55226BKLFU Gypsum Board,55226BKFLU Kichler Wall Lt,Kichler 55226BKLFU Gypsum Board,,,,,,,,,,,,,,,,,,,,,,,,,,,Gypsum Board,,,,,,,,,,,,,,,,,,,,,,,,,,,,,,,,,,,,,,,,,,,,,,,,,,,,,,,,,,,,,,,,,,,,,,,,,,,,,,,,,,,,,,,,,,,,,,,,,,,,,,,,,,,,,,,,,,,,,,,,,,,,,,,,,,,,,,,,,,,,,,,,,,,,,,,,,,,,,,,,,,,,,,,,,,,,,,,,,,,,,,,,,,,,,,,,,,,,,
,,,,,,55239CPZLED,Lighting & Electrical,Lamps & Bulbs,LED Bulbs,55239CPZLED,55239CPZLED,55239CPZLED Kichler Wall Lt,-- Unbranded --,-- No Unilog Brand --,-- No DIB Brand --,Kichler Lighting (KICLI),Kichler Lighting,Kichler,,55239CPZLED,,Lighting & Electrical>Lamps & Bulbs>LED Bulbs,"Kichler Lighting Kichler, LED Bulbs, 55239CPZLED",55239CPZLED KICHLER WALL LT,Kichler 55239CPZLED LED Bulbs,55239CPZLED Kichler Wall Lt,Kichler 55239CPZLED LED Bulbs,,,,,,,,,,,,,,,,,,,,,,,,,,,LED Bulbs,Bulb Type,LED,,,,,,,,,,,,,,,,,,,,,,,,,,,,,,,,,,,,,,,,,,,,,,,,,,,,,,,,,,,,,,,,,,,,,,,,,,,,,,,,,,,,,,,,,,,,,,,,,,,,,,,,,,,,,,,,,,,,,,,,,,,,,,,,,,,,,,,,,,,,,,,,,,,,,,,,,,,,,,,,,,,,,,,,,,,,,,,,,,,,,,,,,,,,,,,,,,,
,,,,,,44072DBK,,,,44072DBK,44072DBK,44072DBK Kichler Chandelier Lt,-- Unbranded --,-- No Unilog Brand --,-- No DIB Brand --,Kichler Lighting (KICLI),Kichler Lighting,Kichler,,44072DBK,,,"Kichler Lighting Kichler, Hardware & Tools, 44072DBK",44072DBK KICHLER CHANDELIER LT,Kichler 44072DBK Hardware & Tools,44072DBK Kichler Chandelier Lt,Kichler 44072DBK Hardware & Tools,,,,,,,,,,,,,,,,,,,,,,,,,,,Hardware & Tools,,,,,,,,,,,,,,,,,,,,,,,,,,,,,,,,,,,,,,,,,,,,,,,,,,,,,,,,,,,,,,,,,,,,,,,,,,,,,,,,,,,,,,,,,,,,,,,,,,,,,,,,,,,,,,,,,,,,,,,,,,,,,,,,,,,,,,,,,,,,,,,,,,,,,,,,,,,,,,,,,,,,,,,,,,,,,,,,,,,,,,,,,,,,,,,,,,,,,
,,,,,,44073NI,,,,44073NI,44073NI,44073NI Kichler Chandelier Lt,-- Unbranded --,-- No Unilog Brand --,-- No DIB Brand --,Kichler Lighting (KICLI),Kichler Lighting,Kichler,,44073NI,,,"Kichler Lighting Kichler, Hardware & Tools, 44073NI",44073NI KICHLER CHANDELIER LT,Kichler 44073NI Hardware & Tools,44073NI Kichler Chandelier Lt,Kichler 44073NI Hardware & Tools,,,,,,,,,,,,,,,,,,,,,,,,,,,Hardware & Tools,,,,,,,,,,,,,,,,,,,,,,,,,,,,,,,,,,,,,,,,,,,,,,,,,,,,,,,,,,,,,,,,,,,,,,,,,,,,,,,,,,,,,,,,,,,,,,,,,,,,,,,,,,,,,,,,,,,,,,,,,,,,,,,,,,,,,,,,,,,,,,,,,,,,,,,,,,,,,,,,,,,,,,,,,,,,,,,,,,,,,,,,,,,,,,,,,,,,,
,,,,,,52033BK,,,,52033BK,52033BK,52033BK Kichler Chandelier Lt,-- Unbranded --,-- No Unilog Brand --,-- No DIB Brand --,Kichler Lighting (KICLI),Kichler Lighting,Kichler,,52033BK,,,"Kichler Lighting Kichler, Hardware & Tools, 52033BK",52033BK KICHLER CHANDELIER LT,Kichler 52033BK Hardware & Tools,52033BK Kichler Chandelier Lt,Kichler 52033BK Hardware & Tools,,,,,,,,,,,,,,,,,,,,,,,,,,,Hardware & Tools,,,,,,,,,,,,,,,,,,,,,,,,,,,,,,,,,,,,,,,,,,,,,,,,,,,,,,,,,,,,,,,,,,,,,,,,,,,,,,,,,,,,,,,,,,,,,,,,,,,,,,,,,,,,,,,,,,,,,,,,,,,,,,,,,,,,,,,,,,,,,,,,,,,,,,,,,,,,,,,,,,,,,,,,,,,,,,,,,,,,,,,,,,,,,,,,,,,,,
,,,,,,84322WH,,,,84322WH,84322WH,84322WH Kichler Chandelier Lt,-- Unbranded --,-- No Unilog Brand --,-- No DIB Brand --,Kichler Lighting (KICLI),Kichler Lighting,Kichler,,84322WH,,,"Kichler Lighting Kichler, Hardware & Tools, 84322WH",84322WH KICHLER CHANDELIER LT,Kichler 84322WH Hardware & Tools,84322WH Kichler Chandelier Lt,Kichler 84322WH Hardware & Tools,,,,,,,,,,,,,,,,,,,,,,,,,,,Hardware & Tools,,,,,,,,,,,,,,,,,,,,,,,,,,,,,,,,,,,,,,,,,,,,,,,,,,,,,,,,,,,,,,,,,,,,,,,,,,,,,,,,,,,,,,,,,,,,,,,,,,,,,,,,,,,,,,,,,,,,,,,,,,,,,,,,,,,,,,,,,,,,,,,,,,,,,,,,,,,,,,,,,,,,,,,,,,,,,,,,,,,,,,,,,,,,,,,,,,,,,
,,,,,,52404BK,,,,52404BK,52404BK,52404BK Kichler Chandelier Lt,-- Unbranded --,-- No Unilog Brand --,-- No DIB Brand --,Kichler Lighting (KICLI),Kichler Lighting,Kichler,,52404BK,,,"Kichler Lighting Kichler, Hardware & Tools, 52404BK",52404BK KICHLER CHANDELIER LT,Kichler 52404BK Hardware & Tools,52404BK Kichler Chandelier Lt,Kichler 52404BK Hardware & Tools,,,,,,,,,,,,,,,,,,,,,,,,,,,Hardware & Tools,,,,,,,,,,,,,,,,,,,,,,,,,,,,,,,,,,,,,,,,,,,,,,,,,,,,,,,,,,,,,,,,,,,,,,,,,,,,,,,,,,,,,,,,,,,,,,,,,,,,,,,,,,,,,,,,,,,,,,,,,,,,,,,,,,,,,,,,,,,,,,,,,,,,,,,,,,,,,,,,,,,,,,,,,,,,,,,,,,,,,,,,,,,,,,,,,,,,,
,,,,,,34686A,,,,34686A,34686A,34686A Kichler Chandelier Lt,-- Unbranded --,-- No Unilog Brand --,-- No DIB Brand --,Kichler Lighting (KICLI),Kichler Lighting,Kichler,,34686A,,,"Kichler Lighting Kichler, Hardware & Tools, 34686A",34686A KICHLER CHANDELIER LT,Kichler 34686A Hardware & Tools,34686A Kichler Chandelier Lt,Kichler 34686A Hardware & Tools,,,,,,,,,,,,,,,,,,,,,,,,,,,Hardware & Tools,,,,,,,,,,,,,,,,,,,,,,,,,,,,,,,,,,,,,,,,,,,,,,,,,,,,,,,,,,,,,,,,,,,,,,,,,,,,,,,,,,,,,,,,,,,,,,,,,,,,,,,,,,,,,,,,,,,,,,,,,,,,,,,,,,,,,,,,,,,,,,,,,,,,,,,,,,,,,,,,,,,,,,,,,,,,,,,,,,,,,,,,,,,,,,,,,,,,,
,,,,,,34687A,,,,34687A,34687A,34687A Kichler Chandelier Lt,-- Unbranded --,-- No Unilog Brand --,-- No DIB Brand --,Kichler Lighting (KICLI),Kichler Lighting,Kichler,,34687A,,,"Kichler Lighting Kichler, Hardware & Tools, 34687A",34687A KICHLER CHANDELIER LT,Kichler 34687A Hardware & Tools,34687A Kichler Chandelier Lt,Kichler 34687A Hardware & Tools,,,,,,,,,,,,,,,,,,,,,,,,,,,Hardware & Tools,,,,,,,,,,,,,,,,,,,,,,,,,,,,,,,,,,,,,,,,,,,,,,,,,,,,,,,,,,,,,,,,,,,,,,,,,,,,,,,,,,,,,,,,,,,,,,,,,,,,,,,,,,,,,,,,,,,,,,,,,,,,,,,,,,,,,,,,,,,,,,,,,,,,,,,,,,,,,,,,,,,,,,,,,,,,,,,,,,,,,,,,,,,,,,,,,,,,,
,,,,,,34688A,,,,34688A,34688A,34688A Kichler Chandelier Lt,-- Unbranded --,-- No Unilog Brand --,-- No DIB Brand --,-,-,Kichler,,34688A,,,"- Kichler, Hardware & Tools, 34688A",34688A KICHLER CHANDELIER LT,Kichler 34688A Hardware & Tools,34688A Kichler Chandelier Lt,Kichler 34688A Hardware & Tools,,,,,,,,,,,,,,,,,,,,,,,,,,,Hardware & Tools,,,,,,,,,,,,,,,,,,,,,,,,,,,,,,,,,,,,,,,,,,,,,,,,,,,,,,,,,,,,,,,,,,,,,,,,,,,,,,,,,,,,,,,,,,,,,,,,,,,,,,,,,,,,,,,,,,,,,,,,,,,,,,,,,,,,,,,,,,,,,,,,,,,,,,,,,,,,,,,,,,,,,,,,,,,,,,,,,,,,,,,,,,,,,,,,,,,,,
,,,,,,43671BKCLR,,,,43671BKCLR,43671BKCLR,43671BKCLR Kichler Chand Lt,-- Unbranded --,-- No Unilog Brand --,-- No DIB Brand --,Kichler Lighting (KICLI),Kichler Lighting,Kichler,,43671BKCLR,,,"Kichler Lighting Kichler, Hardware & Tools, 43671BKCLR",43671BKCLR KICHLER CHAND LT,Kichler 43671BKCLR Hardware & Tools,43671BKCLR Kichler Chand Lt,Kichler 43671BKCLR Hardware & Tools,,,,,,,,,,,,,,,,,,,,,,,,,,,Hardware & Tools,,,,,,,,,,,,,,,,,,,,,,,,,,,,,,,,,,,,,,,,,,,,,,,,,,,,,,,,,,,,,,,,,,,,,,,,,,,,,,,,,,,,,,,,,,,,,,,,,,,,,,,,,,,,,,,,,,,,,,,,,,,,,,,,,,,,,,,,,,,,,,,,,,,,,,,,,,,,,,,,,,,,,,,,,,,,,,,,,,,,,,,,,,,,,,,,,,,,,
,,,,,,52616BK,,,,52616BK,52616BK,52616BK Kichler Chandelier Lt,-- Unbranded --,-- No Unilog Brand --,-- No DIB Brand --,Kichler Lighting (KICLI),Kichler Lighting,Kichler,,52616BK,,,"Kichler Lighting Kichler, Hardware & Tools, 52616BK",52616BK KICHLER CHANDELIER LT,Kichler 52616BK Hardware & Tools,52616BK Kichler Chandelier Lt,Kichler 52616BK Hardware & Tools,,,,,,,,,,,,,,,,,,,,,,,,,,,Hardware & Tools,,,,,,,,,,,,,,,,,,,,,,,,,,,,,,,,,,,,,,,,,,,,,,,,,,,,,,,,,,,,,,,,,,,,,,,,,,,,,,,,,,,,,,,,,,,,,,,,,,,,,,,,,,,,,,,,,,,,,,,,,,,,,,,,,,,,,,,,,,,,,,,,,,,,,,,,,,,,,,,,,,,,,,,,,,,,,,,,,,,,,,,,,,,,,,,,,,,,,
,,,,,,52616NI,,,,52616NI,52616NI,52616NI Kichler Chandelier Lt,-- Unbranded --,-- No Unilog Brand --,-- No DIB Brand --,Kichler Lighting (KICLI),Kichler Lighting,Kichler,,52616NI,,,"Kichler Lighting Kichler, Hardware & Tools, 52616NI",52616NI KICHLER CHANDELIER LT,Kichler 52616NI Hardware & Tools,52616NI Kichler Chandelier Lt,Kichler 52616NI Hardware & Tools,,,,,,,,,,,,,,,,,,,,,,,,,,,Hardware & Tools,,,,,,,,,,,,,,,,,,,,,,,,,,,,,,,,,,,,,,,,,,,,,,,,,,,,,,,,,,,,,,,,,,,,,,,,,,,,,,,,,,,,,,,,,,,,,,,,,,,,,,,,,,,,,,,,,,,,,,,,,,,,,,,,,,,,,,,,,,,,,,,,,,,,,,,,,,,,,,,,,,,,,,,,,,,,,,,,,,,,,,,,,,,,,,,,,,,,,
,,,,,,52678BK,,,,52678BK,52678BK,52678BK Kichler Chandelier Lt,-- Unbranded --,-- No Unilog Brand --,-- No DIB Brand --,Kichler Lighting (KICLI),Kichler Lighting,Kichler,,52678BK,,,"Kichler Lighting Kichler, Hardware & Tools, 52678BK",52678BK KICHLER CHANDELIER LT,Kichler 52678BK Hardware & Tools,52678BK Kichler Chandelier Lt,Kichler 52678BK Hardware & Tools,,,,,,,,,,,,,,,,,,,,,,,,,,,Hardware & Tools,,,,,,,,,,,,,,,,,,,,,,,,,,,,,,,,,,,,,,,,,,,,,,,,,,,,,,,,,,,,,,,,,,,,,,,,,,,,,,,,,,,,,,,,,,,,,,,,,,,,,,,,,,,,,,,,,,,,,,,,,,,,,,,,,,,,,,,,,,,,,,,,,,,,,,,,,,,,,,,,,,,,,,,,,,,,,,,,,,,,,,,,,,,,,,,,,,,,,
,,,,,,52680CPZ,,,,52680CPZ,52680CPZ,52680CPZ Kichler Chandelier Lt,-- Unbranded --,-- No Unilog Brand --,-- No DIB Brand --,Kichler Lighting (KICLI),Kichler Lighting,Kichler,,52680CPZ,,,"Kichler Lighting Kichler, Hardware & Tools, 52680CPZ",52680CPZ KICHLER CHANDELIER LT,Kichler 52680CPZ Hardware & Tools,52680CPZ Kichler Chandelier Lt,Kichler 52680CPZ Hardware & Tools,,,,,,,,,,,,,,,,,,,,,,,,,,,Hardware & Tools,,,,,,,,,,,,,,,,,,,,,,,,,,,,,,,,,,,,,,,,,,,,,,,,,,,,,,,,,,,,,,,,,,,,,,,,,,,,,,,,,,,,,,,,,,,,,,,,,,,,,,,,,,,,,,,,,,,,,,,,,,,,,,,,,,,,,,,,,,,,,,,,,,,,,,,,,,,,,,,,,,,,,,,,,,,,,,,,,,,,,,,,,,,,,,,,,,,,,
,,,,,,52772BK,,,,52772BK,52772BK,52772BK Kichler Chandelier Lt,-- Unbranded --,-- No Unilog Brand --,-- No DIB Brand --,Kichler Lighting (KICLI),Kichler Lighting,Kichler,,52772BK,,,"Kichler Lighting Kichler, Hardware & Tools, 52772BK",52772BK KICHLER CHANDELIER LT,Kichler 52772BK Hardware & Tools,52772BK Kichler Chandelier Lt,Kichler 52772BK Hardware & Tools,,,,,,,,,,,,,,,,,,,,,,,,,,,Hardware & Tools,,,,,,,,,,,,,,,,,,,,,,,,,,,,,,,,,,,,,,,,,,,,,,,,,,,,,,,,,,,,,,,,,,,,,,,,,,,,,,,,,,,,,,,,,,,,,,,,,,,,,,,,,,,,,,,,,,,,,,,,,,,,,,,,,,,,,,,,,,,,,,,,,,,,,,,,,,,,,,,,,,,,,,,,,,,,,,,,,,,,,,,,,,,,,,,,,,,,,
,,,,,,82399,,,,82399,82399,82399 Kichler Chandelier Lt,-- Unbranded --,-- No Unilog Brand --,-- No DIB Brand --,Kichler Lighting (KICLI),Kichler Lighting,Kichler,,82399,,,"Kichler Lighting Kichler, Hardware & Tools, 82399",82399 KICHLER CHANDELIER LT,Kichler 82399 Hardware & Tools,82399 Kichler Chandelier Lt,Kichler 82399 Hardware & Tools,,,,,,,,,,,,,,,,,,,,,,,,,,,Hardware & Tools,,,,,,,,,,,,,,,,,,,,,,,,,,,,,,,,,,,,,,,,,,,,,,,,,,,,,,,,,,,,,,,,,,,,,,,,,,,,,,,,,,,,,,,,,,,,,,,,,,,,,,,,,,,,,,,,,,,,,,,,,,,,,,,,,,,,,,,,,,,,,,,,,,,,,,,,,,,,,,,,,,,,,,,,,,,,,,,,,,,,,,,,,,,,,,,,,,,,,
,,,,,,65-771R3,Lighting & Electrical,Light Fixtures,Recessed Lighting,65-771R3,65-771R3,65-771R3 Nuvo Highbay Light,-- Unbranded --,-- No Unilog Brand --,-- No DIB Brand --,Satco Prod Inc (5573),Satco Products Inc,-- Unbranded --,,65-771R3,,Lighting & Electrical>Light Fixtures>Recessed Lighting,"Satco Products Inc -- Unbranded --, Recessed Lighting, 65-771R3",65-771R3 NUVO HIGHBAY LIGHT,-- Unbranded -- 65-771R3 Recessed Lighting,65-771R3 Nuvo Highbay Light,-- Unbranded -- 65-771R3 Recessed Lighting,,,,,,,,,,,,,,,,,,,,,,,,,,,Recessed Lighting,,,,,,,,,,,,,,,,,,,,,,,,,,,,,,,,,,,,,,,,,,,,,,,,,,,,,,,,,,,,,,,,,,,,,,,,,,,,,,,,,,,,,,,,,,,,,,,,,,,,,,,,,,,,,,,,,,,,,,,,,,,,,,,,,,,,,,,,,,,,,,,,,,,,,,,,,,,,,,,,,,,,,,,,,,,,,,,,,,,,,,,,,,,,,,,,,,,,,
,,,,,,42955BK,Lighting & Electrical,Ceiling Fans,Ceiling Fans,42955BK,42955BK,42955BK Kichler Ceiling Lt,-- Unbranded --,-- No Unilog Brand --,-- No DIB Brand --,Kichler Lighting (KICLI),Kichler Lighting,Kichler,,42955BK,,Lighting & Electrical>Ceiling Fans>Ceiling Fans,"Kichler Lighting Kichler, Ceiling Fans, 42955BK",42955BK KICHLER CEILING LT,Kichler 42955BK Ceiling Fans,42955BK Kichler Ceiling Lt,Kichler 42955BK Ceiling Fans,,,,,,,,,,,,,,,,,,,,,,,,,,,Ceiling Fans,,,,,,,,,,,,,,,,,,,,,,,,,,,,,,,,,,,,,,,,,,,,,,,,,,,,,,,,,,,,,,,,,,,,,,,,,,,,,,,,,,,,,,,,,,,,,,,,,,,,,,,,,,,,,,,,,,,,,,,,,,,,,,,,,,,,,,,,,,,,,,,,,,,,,,,,,,,,,,,,,,,,,,,,,,,,,,,,,,,,,,,,,,,,,,,,,,,,,
,,,,,,42275BK,Lighting & Electrical,Ceiling Fans,Ceiling Fans,42275BK,42275BK,42275BK Kichler Ceiling Lt,-- Unbranded --,-- No Unilog Brand --,-- No DIB Brand --,Kichler Lighting (KICLI),Kichler Lighting,Kichler,,42275BK,,Lighting & Electrical>Ceiling Fans>Ceiling Fans,"Kichler Lighting Kichler, Ceiling Fans, 42275BK",42275BK KICHLER CEILING LT,Kichler 42275BK Ceiling Fans,42275BK Kichler Ceiling Lt,Kichler 42275BK Ceiling Fans,,,,,,,,,,,,,,,,,,,,,,,,,,,Ceiling Fans,,,,,,,,,,,,,,,,,,,,,,,,,,,,,,,,,,,,,,,,,,,,,,,,,,,,,,,,,,,,,,,,,,,,,,,,,,,,,,,,,,,,,,,,,,,,,,,,,,,,,,,,,,,,,,,,,,,,,,,,,,,,,,,,,,,,,,,,,,,,,,,,,,,,,,,,,,,,,,,,,,,,,,,,,,,,,,,,,,,,,,,,,,,,,,,,,,,,,
,,,,,,62-1850,Lighting & Electrical,Lamps & Bulbs,LED Bulbs,62-1850,62-1850,"62-1850 11"" Led Ceiling Light",-- Unbranded --,-- No Unilog Brand --,-- No DIB Brand --,Satco Prod Inc (5573),Satco Products Inc,-- Unbranded --,,62-1850,,Lighting & Electrical>Lamps & Bulbs>LED Bulbs,"Satco Products Inc -- Unbranded --, LED Bulbs, 62-1850","62-1850 11"" LED CEILING LIGHT",-- Unbranded -- 62-1850 LED Bulbs,"62-1850 11"" Led Ceiling Light",-- Unbranded -- 62-1850 LED Bulbs,,,,,,,,,,,,,,,,,,,,,,,,,,,LED Bulbs,Bulb Type,LED,,,,,,,,,,,,,,,,,,,,,,,,,,,,,,,,,,,,,,,,,,,,,,,,,,,,,,,,,,,,,,,,,,,,,,,,,,,,,,,,,,,,,,,,,,,,,,,,,,,,,,,,,,,,,,,,,,,,,,,,,,,,,,,,,,,,,,,,,,,,,,,,,,,,,,,,,,,,,,,,,,,,,,,,,,,,,,,,,,,,,,,,,,,,,,,,,,,
,,,,,,62-1852,Lighting & Electrical,Lamps & Bulbs,LED Bulbs,62-1852,62-1852,"62-1852 14"" Satco Led Ceiling Lt",-- Unbranded --,-- No Unilog Brand --,-- No DIB Brand --,Satco Prod Inc (5573),Satco Products Inc,Satco,,62-1852,,Lighting & Electrical>Lamps & Bulbs>LED Bulbs,"Satco Products Inc Satco, LED Bulbs, 62-1852","62-1852 14"" SATCO LED CEILING LT",Satco 62-1852 LED Bulbs,"62-1852 14"" Satco Led Ceiling Lt",Satco 62-1852 LED Bulbs,,,,,,,,,,,,,,,,,,,,,,,,,,,LED Bulbs,Bulb Type,LED,,,,,,,,,,,,,,,,,,,,,,,,,,,,,,,,,,,,,,,,,,,,,,,,,,,,,,,,,,,,,,,,,,,,,,,,,,,,,,,,,,,,,,,,,,,,,,,,,,,,,,,,,,,,,,,,,,,,,,,,,,,,,,,,,,,,,,,,,,,,,,,,,,,,,,,,,,,,,,,,,,,,,,,,,,,,,,,,,,,,,,,,,,,,,,,,,,,
,,,,,,62-1875,Lighting & Electrical,Lamps & Bulbs,LED Bulbs,62-1875,62-1875,"62-1875 10"" Led Ceiling Lt Bn",-- Unbranded --,-- No Unilog Brand --,-- No DIB Brand --,Satco Prod Inc (5573),Satco Products Inc,-- Unbranded --,,62-1875,,Lighting & Electrical>Lamps & Bulbs>LED Bulbs,"Satco Products Inc -- Unbranded --, LED Bulbs, 62-1875","62-1875 10"" LED CEILING LT BN",-- Unbranded -- 62-1875 LED Bulbs,"62-1875 10"" Led Ceiling Lt Bn",-- Unbranded -- 62-1875 LED Bulbs,,,,,,,,,,,,,,,,,,,,,,,,,,,LED Bulbs,Bulb Type,LED,,,,,,,,,,,,,,,,,,,,,,,,,,,,,,,,,,,,,,,,,,,,,,,,,,,,,,,,,,,,,,,,,,,,,,,,,,,,,,,,,,,,,,,,,,,,,,,,,,,,,,,,,,,,,,,,,,,,,,,,,,,,,,,,,,,,,,,,,,,,,,,,,,,,,,,,,,,,,,,,,,,,,,,,,,,,,,,,,,,,,,,,,,,,,,,,,,,
,,,,,,62-1876,Lighting & Electrical,Light Fixtures,Ceiling Fixtures,62-1876,62-1876,"62-1876 13"" Satco Ceiling Light BN",-- Unbranded --,-- No Unilog Brand --,-- No DIB Brand --,Satco Prod Inc (5573),Satco Products Inc,Satco,,62-1876,,Lighting & Electrical>Light Fixtures>Ceiling Fixtures,"Satco Products Inc Satco, Ceiling Fixtures, 62-1876","62-1876 13"" SATCO CEILING LIGHT BN",Satco 62-1876 Ceiling Fixtures,"62-1876 13"" Satco Ceiling Light BN",Satco 62-1876 Ceiling Fixtures,,,,,,,,,,,,,,,,,,,,,,,,,,,Ceiling Fixtures,,,,,,,,,,,,,,,,,,,,,,,,,,,,,,,,,,,,,,,,,,,,,,,,,,,,,,,,,,,,,,,,,,,,,,,,,,,,,,,,,,,,,,,,,,,,,,,,,,,,,,,,,,,,,,,,,,,,,,,,,,,,,,,,,,,,,,,,,,,,,,,,,,,,,,,,,,,,,,,,,,,,,,,,,,,,,,,,,,,,,,,,,,,,,,,,,,,,,
,,,,,,42296BK,Lighting & Electrical,Ceiling Fans,Ceiling Fans,42296BK,42296BK,42296BK Kichler Ceiling Lt,-- Unbranded --,-- No Unilog Brand --,-- No DIB Brand --,Kichler Lighting (KICLI),Kichler Lighting,Kichler,,42296BK,,Lighting & Electrical>Ceiling Fans>Ceiling Fans,"Kichler Lighting Kichler, Ceiling Fans, 42296BK",42296BK KICHLER CEILING LT,Kichler 42296BK Ceiling Fans,42296BK Kichler Ceiling Lt,Kichler 42296BK Ceiling Fans,,,,,,,,,,,,,,,,,,,,,,,,,,,Ceiling Fans,,,,,,,,,,,,,,,,,,,,,,,,,,,,,,,,,,,,,,,,,,,,,,,,,,,,,,,,,,,,,,,,,,,,,,,,,,,,,,,,,,,,,,,,,,,,,,,,,,,,,,,,,,,,,,,,,,,,,,,,,,,,,,,,,,,,,,,,,,,,,,,,,,,,,,,,,,,,,,,,,,,,,,,,,,,,,,,,,,,,,,,,,,,,,,,,,,,,,
,,,,,,43913BK,,,,43913BK,43913BK,43913BK Kichler Pendant Lt,-- Unbranded --,-- No Unilog Brand --,-- No DIB Brand --,Kichler Lighting (KICLI),Kichler Lighting,Kichler,,43913BK,,,"Kichler Lighting Kichler, Hardware & Tools, 43913BK",43913BK KICHLER PENDANT LT,Kichler 43913BK Hardware & Tools,43913BK Kichler Pendant Lt,Kichler 43913BK Hardware & Tools,,,,,,,,,,,,,,,,,,,,,,,,,,,Hardware & Tools,,,,,,,,,,,,,,,,,,,,,,,,,,,,,,,,,,,,,,,,,,,,,,,,,,,,,,,,,,,,,,,,,,,,,,,,,,,,,,,,,,,,,,,,,,,,,,,,,,,,,,,,,,,,,,,,,,,,,,,,,,,,,,,,,,,,,,,,,,,,,,,,,,,,,,,,,,,,,,,,,,,,,,,,,,,,,,,,,,,,,,,,,,,,,,,,,,,,,
,,,,,,HLSMS9129FS1E,,,,HLSMS9129FS1E,HLSMS9129FS1E,"HLSMS9129FS1E 9"" Motion Lt",-- Unbranded --,-- No Unilog Brand --,-- No DIB Brand --,Cooper Lighting (7638),Eaton Cooper Lighting,-- Unbranded --,,HLSMS9129FS1E,,,"Eaton Cooper Lighting -- Unbranded --, Hardware & Tools, HLSMS9129FS1E","HLSMS9129FS1E 9"" MOTION LT",-- Unbranded -- HLSMS9129FS1E Hardware & Tools,"HLSMS9129FS1E 9"" Motion Lt",-- Unbranded -- HLSMS9129FS1E Hardware & Tools,,,,,,,,,,,,,,,,,,,,,,,,,,,Hardware & Tools,,,,,,,,,,,,,,,,,,,,,,,,,,,,,,,,,,,,,,,,,,,,,,,,,,,,,,,,,,,,,,,,,,,,,,,,,,,,,,,,,,,,,,,,,,,,,,,,,,,,,,,,,,,,,,,,,,,,,,,,,,,,,,,,,,,,,,,,,,,,,,,,,,,,,,,,,,,,,,,,,,,,,,,,,,,,,,,,,,,,,,,,,,,,,,,,,,,,,
,,,,,,64-110,Lighting & Electrical,Light Fixtures,Recessed Lighting,64-110,64-110,64-110 Satco Tape Light 16',-- Unbranded --,-- No Unilog Brand --,-- No DIB Brand --,Satco Prod Inc (5573),Satco Products Inc,Satco,,64-110,,Lighting & Electrical>Light Fixtures>Recessed Lighting,"Satco Products Inc Satco, Recessed Lighting, 64-110",64-110 SATCO TAPE LIGHT 16',Satco 64-110 Recessed Lighting,64-110 Satco Tape Light 16',Satco 64-110 Recessed Lighting,,,,,,,,,,,,,,,,,,,,,,,,,,,Recessed Lighting,,,,,,,,,,,,,,,,,,,,,,,,,Depth With Door Open,50-3/16,in,Minimum Height,33-7/16,in,Maximum Height,,,Sound Level,41,dBA,Material,Stainless Steel,,Color,Stainless Steel,,Ad,,,,,,,,,,,,,,,,,,,,,,,,,,,,,,,,,,,,,,,,,,,,,,,,,,,,,,,,,,,,,,,,,,,,,,,,,,,,,,,,,,,,,,,,,,,,,,,,,,,,,,,,,,,,,,,,,,,,,,,,,,,,,,,,,,,,,,,,,,,,,,,,,,,,,,,,,,
,,,,,,603571,Lighting & Electrical,Lamps & Bulbs,Strip Lights,603571,603571,603571 3' Strip Light Ext,-- Unbranded --,-- No Unilog Brand --,Wiz,Phillips Lighting (5831),Signify (Philips Lighting),-- Unbranded --,,603571,,Lighting & Electrical>Lamps & Bulbs>Strip Lights,"Signify (Philips Lighting) -- Unbranded --, Strip Lights, 603571",603571 3' STRIP LIGHT EXT,-- Unbranded -- 603571 Strip Lights,603571 3' Strip Light Ext,-- Unbranded -- 603571 Strip Lights,,,,,,,,,,,,,,,,,,,,,,,,,,,Strip Lights,,,,,,,,,,,,,,,,,,,,,,,,,,,,,,,,,,,,,,,,,,,,,,,,,,,,,,,,,,,,,,,,,,,,,,,,,,,,,,,,,,,,,,,,,,,,,,,,,,,,,,,,,,,,,,,,,,,,,,,,,,,,,,,,,,,,,,,,,,,,,,,,,,,,,,,,,,,,,,,,,,,,,,,,,,,,,,,,,,,,,,,,,,,,,,,,,,,,,
,,,,,,65-572R1,Lighting & Electrical,Lamps & Bulbs,LED Bulbs,65-572R1,65-572R1,65572 Satco 2x4 Led Flat Panel,-- Unbranded --,-- No Unilog Brand --,-- No DIB Brand --,Satco Prod Inc (5573),Satco Products Inc,Satco,,65-572R1,,Lighting & Electrical>Lamps & Bulbs>LED Bulbs,"Satco Products Inc Satco, LED Bulbs, 65-572R1",65572 SATCO 2X4 LED FLAT PANEL,Satco 65-572R1 LED Bulbs,65572 Satco 2x4 Led Flat Panel,Satco 65-572R1 LED Bulbs,,,,,,,,,,,,,,,,,,,,,,,,,,,LED Bulbs,Bulb Type,LED,,,,,,,,,,,,,,,,,,,,,,,,,,,,,,,,,,,,,,,,,,,,,,,,,,,,,,,,,,,,,,,,,,,,,,,,,,,,,,,,,,,,,,,,,,,,,,,,,,,,,,,,,,,,,,,,,,,,,,,,,,,,,,,,,,,,,,,,,,,,,,,,,,,,,,,,,,,,,,,,,,,,,,,,,,,,,,,,,,,,,,,,,,,,,,,,,,,
,,,,,,52476AVI,,,,52476AVI,52476AVI,52476AVI Kichler Pendant Lt,-- Unbranded --,-- No Unilog Brand --,-- No DIB Brand --,Kichler Lighting (KICLI),Kichler Lighting,Kichler,,52476AVI,,,"Kichler Lighting Kichler, Hardware & Tools, 52476AVI",52476AVI KICHLER PENDANT LT,Kichler 52476AVI Hardware & Tools,52476AVI Kichler Pendant Lt,Kichler 52476AVI Hardware & Tools,,,,,,,,,,,,,,,,,,,,,,,,,,,Hardware & Tools,,,,,,,,,,,,,,,,,,,,,,,,,,,,,,,,,,,,,,,,,,,,,,,,,,,,,,,,,,,,,,,,,,,,,,,,,,,,,,,,,,,,,,,,,,,,,,,,,,,,,,,,,,,,,,,,,,,,,,,,,,,,,,,,,,,,,,,,,,,,,,,,,,,,,,,,,,,,,,,,,,,,,,,,,,,,,,,,,,,,,,,,,,,,,,,,,,,,,
,,,,,,42199BK,,,,42199BK,42199BK,42199BK Kichler Pendant Lt,-- Unbranded --,-- No Unilog Brand --,-- No DIB Brand --,Kichler Lighting (KICLI),Kichler Lighting,Kichler,,42199BK,,,"Kichler Lighting Kichler, Hardware & Tools, 42199BK",42199BK KICHLER PENDANT LT,Kichler 42199BK Hardware & Tools,42199BK Kichler Pendant Lt,Kichler 42199BK Hardware & Tools,,,,,,,,,,,,,,,,,,,,,,,,,,,Hardware & Tools,,,,,,,,,,,,,,,,,,,,,,,,,,,,,,,,,,,,,,,,,,,,,,,,,,,,,,,,,,,,,,,,,,,,,,,,,,,,,,,,,,,,,,,,,,,,,,,,,,,,,,,,,,,,,,,,,,,,,,,,,,,,,,,,,,,,,,,,,,,,,,,,,,,,,,,,,,,,,,,,,,,,,,,,,,,,,,,,,,,,,,,,,,,,,,,,,,,,,
,,,,,,42199BKCS,,,,42199BKCS,42199BKCS,42199BKCS Kichler Pendant Lt,-- Unbranded --,-- No Unilog Brand --,-- No DIB Brand --,Kichler Lighting (KICLI),Kichler Lighting,Kichler,,42199BKCS,,,"Kichler Lighting Kichler, Hardware & Tools, 42199BKCS",42199BKCS KICHLER PENDANT LT,Kichler 42199BKCS Hardware & Tools,42199BKCS Kichler Pendant Lt,Kichler 42199BKCS Hardware & Tools,,,,,,,,,,,,,,,,,,,,,,,,,,,Hardware & Tools,,,,,,,,,,,,,,,,,,,,,,,,,,,,,,,,,,,,,,,,,,,,,,,,,,,,,,,,,,,,,,,,,,,,,,,,,,,,,,,,,,,,,,,,,,,,,,,,,,,,,,,,,,,,,,,,,,,,,,,,,,,,,,,,,,,,,,,,,,,,,,,,,,,,,,,,,,,,,,,,,,,,,,,,,,,,,,,,,,,,,,,,,,,,,,,,,,,,,
,,,,,,42200BK,,,,42200BK,42200BK,42200BK Kichler Pendant Lt,-- Unbranded --,-- No Unilog Brand --,-- No DIB Brand --,Kichler Lighting (KICLI),Kichler Lighting,Kichler,,42200BK,,,"Kichler Lighting Kichler, Hardware & Tools, 42200BK",42200BK KICHLER PENDANT LT,Kichler 42200BK Hardware & Tools,42200BK Kichler Pendant Lt,Kichler 42200BK Hardware & Tools,,,,,,,,,,,,,,,,,,,,,,,,,,,Hardware & Tools,,,,,,,,,,,,,,,,,,,,,,,,,,,,,,,,,,,,,,,,,,,,,,,,,,,,,,,,,,,,,,,,,,,,,,,,,,,,,,,,,,,,,,,,,,,,,,,,,,,,,,,,,,,,,,,,,,,,,,,,,,,,,,,,,,,,,,,,,,,,,,,,,,,,,,,,,,,,,,,,,,,,,,,,,,,,,,,,,,,,,,,,,,,,,,,,,,,,,
,,,,,,42200BKCS,,,,42200BKCS,42200BKCS,42200BKCS Kichler Pendant Lt,-- Unbranded --,-- No Unilog Brand --,-- No DIB Brand --,Kichler Lighting (KICLI),Kichler Lighting,Kichler,,42200BKCS,,,"Kichler Lighting Kichler, Hardware & Tools, 42200BKCS",42200BKCS KICHLER PENDANT LT,Kichler 42200BKCS Hardware & Tools,42200BKCS Kichler Pendant Lt,Kichler 42200BKCS Hardware & Tools,,,,,,,,,,,,,,,,,,,,,,,,,,,Hardware & Tools,,,,,,,,,,,,,,,,,,,,,,,,,,,,,,,,,,,,,,,,,,,,,,,,,,,,,,,,,,,,,,,,,,,,,,,,,,,,,,,,,,,,,,,,,,,,,,,,,,,,,,,,,,,,,,,,,,,,,,,,,,,,,,,,,,,,,,,,,,,,,,,,,,,,,,,,,,,,,,,,,,,,,,,,,,,,,,,,,,,,,,,,,,,,,,,,,,,,,
,,,,,,43851BK,,,,43851BK,43851BK,43851BK Kichler Pendant Lt,-- Unbranded --,-- No Unilog Brand --,-- No DIB Brand --,Kichler Lighting (KICLI),Kichler Lighting,Kichler,,43851BK,,,"Kichler Lighting Kichler, Hardware & Tools, 43851BK",43851BK KICHLER PENDANT LT,Kichler 43851BK Hardware & Tools,43851BK Kichler Pendant Lt,Kichler 43851BK Hardware & Tools,,,,,,,,,,,,,,,,,,,,,,,,,,,Hardware & Tools,,,,,,,,,,,,,,,,,,,,,,,,,,,,,,,,,,,,,,,,,,,,,,,,,,,,,,,,,,,,,,,,,,,,,,,,,,,,,,,,,,,,,,,,,,,,,,,,,,,,,,,,,,,,,,,,,,,,,,,,,,,,,,,,,,,,,,,,,,,,,,,,,,,,,,,,,,,,,,,,,,,,,,,,,,,,,,,,,,,,,,,,,,,,,,,,,,,,,
,,,,,,43852BK,,,,43852BK,43852BK,43852BK Kichler Pendant Lt,-- Unbranded --,-- No Unilog Brand --,-- No DIB Brand --,Kichler Lighting (KICLI),Kichler Lighting,Kichler,,43852BK,,,"Kichler Lighting Kichler, Hardware & Tools, 43852BK",43852BK KICHLER PENDANT LT,Kichler 43852BK Hardware & Tools,43852BK Kichler Pendant Lt,Kichler 43852BK Hardware & Tools,,,,,,,,,,,,,,,,,,,,,,,,,,,Hardware & Tools,,,,,,,,,,,,,,,,,,,,,,,,,,,,,,,,,,,,,,,,,,,,,,,,,,,,,,,,,,,,,,,,,,,,,,,,,,,,,,,,,,,,,,,,,,,,,,,,,,,,,,,,,,,,,,,,,,,,,,,,,,,,,,,,,,,,,,,,,,,,,,,,,,,,,,,,,,,,,,,,,,,,,,,,,,,,,,,,,,,,,,,,,,,,,,,,,,,,,
,,,,,,43853BK,,,,43853BK,43853BK,43853BK Kichler Pendant Lt,-- Unbranded --,-- No Unilog Brand --,-- No DIB Brand --,Kichler Lighting (KICLI),Kichler Lighting,Kichler,,43853BK,,,"Kichler Lighting Kichler, Hardware & Tools, 43853BK",43853BK KICHLER PENDANT LT,Kichler 43853BK Hardware & Tools,43853BK Kichler Pendant Lt,Kichler 43853BK Hardware & Tools,,,,,,,,,,,,,,,,,,,,,,,,,,,Hardware & Tools,,,,,,,,,,,,,,,,,,,,,,,,,,,,,,,,,,,,,,,,,,,,,,,,,,,,,,,,,,,,,,,,,,,,,,,,,,,,,,,,,,,,,,,,,,,,,,,,,,,,,,,,,,,,,,,,,,,,,,,,,,,,,,,,,,,,,,,,,,,,,,,,,,,,,,,,,,,,,,,,,,,,,,,,,,,,,,,,,,,,,,,,,,,,,,,,,,,,,
,,,,,,43905BK,,,,43905BK,43905BK,43905BK Kichler Pendant Lt,-- Unbranded --,-- No Unilog Brand --,-- No DIB Brand --,Kichler Lighting (KICLI),Kichler Lighting,Kichler,,43905BK,,,"Kichler Lighting Kichler, Hardware & Tools, 43905BK",43905BK KICHLER PENDANT LT,Kichler 43905BK Hardware & Tools,43905BK Kichler Pendant Lt,Kichler 43905BK Hardware & Tools,,,,,,,,,,,,,,,,,,,,,,,,,,,Hardware & Tools,,,,,,,,,,,,,,,,,,,,,,,,,,,,,,,,,,,,,,,,,,,,,,,,,,,,,,,,,,,,,,,,,,,,,,,,,,,,,,,,,,,,,,,,,,,,,,,,,,,,,,,,,,,,,,,,,,,,,,,,,,,,,,,,,,,,,,,,,,,,,,,,,,,,,,,,,,,,,,,,,,,,,,,,,,,,,,,,,,,,,,,,,,,,,,,,,,,,,
,,,,,,43911BK,,,,43911BK,43911BK,43911BK Kichler Pendant Lt,-- Unbranded --,-- No Unilog Brand --,-- No DIB Brand --,Kichler Lighting (KICLI),Kichler Lighting,Kichler,,43911BK,,,"Kichler Lighting Kichler, Hardware & Tools, 43911BK",43911BK KICHLER PENDANT LT,Kichler 43911BK Hardware & Tools,43911BK Kichler Pendant Lt,Kichler 43911BK Hardware & Tools,,,,,,,,,,,,,,,,,,,,,,,,,,,Hardware & Tools,,,,,,,,,,,,,,,,,,,,,,,,,,,,,,,,,,,,,,,,,,,,,,,,,,,,,,,,,,,,,,,,,,,,,,,,,,,,,,,,,,,,,,,,,,,,,,,,,,,,,,,,,,,,,,,,,,,,,,,,,,,,,,,,,,,,,,,,,,,,,,,,,,,,,,,,,,,,,,,,,,,,,,,,,,,,,,,,,,,,,,,,,,,,,,,,,,,,,
,,,,,,52529BK,Lighting & Electrical,Light Fixtures,Recessed Lighting,52529BK,52529BK,52529BK Kichler Pendant Light,-- Unbranded --,-- No Unilog Brand --,-- No DIB Brand --,Kichler Lighting (KICLI),Kichler Lighting,Kichler,,52529BK,,Lighting & Electrical>Light Fixtures>Recessed Lighting,"Kichler Lighting Kichler, Recessed Lighting, 52529BK",52529BK KICHLER PENDANT LIGHT,Kichler 52529BK Recessed Lighting,52529BK Kichler Pendant Light,Kichler 52529BK Recessed Lighting,,,,,,,,,,,,,,,,,,,,,,,,,,,Recessed Lighting,,,,,,,,,,,,,,,,,,,,,,,,,,,,,,,,,,,,,,,,,,,,,,,,,,,,,,,,,,,,,,,,,,,,,,,,,,,,,,,,,,,,,,,,,,,,,,,,,,,,,,,,,,,,,,,,,,,,,,,,,,,,,,,,,,,,,,,,,,,,,,,,,,,,,,,,,,,,,,,,,,,,,,,,,,,,,,,,,,,,,,,,,,,,,,,,,,,,,
,,,,,,52662BKCLR,,,,52662BKCLR,52662BKCLR,52662BKCLR Kichler Pendant Lt,-- Unbranded --,-- No Unilog Brand --,-- No DIB Brand --,Kichler Lighting (KICLI),Kichler Lighting,Kichler,,52662BKCLR,,,"Kichler Lighting Kichler, Hardware & Tools, 52662BKCLR",52662BKCLR KICHLER PENDANT LT,Kichler 52662BKCLR Hardware & Tools,52662BKCLR Kichler Pendant Lt,Kichler 52662BKCLR Hardware & Tools,,,,,,,,,,,,,,,,,,,,,,,,,,,Hardware & Tools,,,,,,,,,,,,,,,,,,,,,,,,,,,,,,,,,,,,,,,,,,,,,,,,,,,,,,,,,,,,,,,,,,,,,,,,,,,,,,,,,,,,,,,,,,,,,,,,,,,,,,,,,,,,,,,,,,,,,,,,,,,,,,,,,,,,,,,,,,,,,,,,,,,,,,,,,,,,,,,,,,,,,,,,,,,,,,,,,,,,,,,,,,,,,,,,,,,,,
,,,,,,52734CPZ,Lighting & Electrical,Light Fixtures,Recessed Lighting,52734CPZ,52734CPZ,52734CPZ Kichler Pendant Light,-- Unbranded --,-- No Unilog Brand --,-- No DIB Brand --,Kichler Lighting (KICLI),Kichler Lighting,Kichler,,52734CPZ,,Lighting & Electrical>Light Fixtures>Recessed Lighting,"Kichler Lighting Kichler, Recessed Lighting, 52734CPZ",52734CPZ KICHLER PENDANT LIGHT,Kichler 52734CPZ Recessed Lighting,52734CPZ Kichler Pendant Light,Kichler 52734CPZ Recessed Lighting,,,,,,,,,,,,,,,,,,,,,,,,,,,Recessed Lighting,,,,,,,,,,,,,,,,,,,,,,,,,,,,,,,,,,,,,,,,,,,,,,,,,,,,,,,,,,,,,,,,,,,,,,,,,,,,,,,,,,,,,,,,,,,,,,,,,,,,,,,,,,,,,,,,,,,,,,,,,,,,,,,,,,,,,,,,,,,,,,,,,,,,,,,,,,,,,,,,,,,,,,,,,,,,,,,,,,,,,,,,,,,,,,,,,,,,,
,,,,,,82400,,,,82400,82400,82400 Kichler Pendant Lt,-- Unbranded --,-- No Unilog Brand --,-- No DIB Brand --,Kichler Lighting (KICLI),Kichler Lighting,Kichler,,82400,,,"Kichler Lighting Kichler, Hardware & Tools, 82400",82400 KICHLER PENDANT LT,Kichler 82400 Hardware & Tools,82400 Kichler Pendant Lt,Kichler 82400 Hardware & Tools,,,,,,,,,,,,,,,,,,,,,,,,,,,Hardware & Tools,,,,,,,,,,,,,,,,,,,,,,,,,,,,,,,,,,,,,,,,,,,,,,,,,,,,,,,,,,,,,,,,,,,,,,,,,,,,,,,,,,,,,,,,,,,,,,,,,,,,,,,,,,,,,,,,,,,,,,,,,,,,,,,,,,,,,,,,,,,,,,,,,,,,,,,,,,,,,,,,,,,,,,,,,,,,,,,,,,,,,,,,,,,,,,,,,,,,,
,,,,,,S11606,,,,S11606,S11606,"S11606 8"" Round Down Lt 30K",-- Unbranded --,-- No Unilog Brand --,-- No DIB Brand --,Satco Prod Inc (5573),Satco Products Inc,-- Unbranded --,,S11606,,,"Satco Products Inc -- Unbranded --, Hardware & Tools, S11606","S11606 8"" ROUND DOWN LT 30K",-- Unbranded -- S11606 Hardware & Tools,"S11606 8"" Round Down Lt 30K",-- Unbranded -- S11606 Hardware & Tools,,,,,,,,,,,,,,,,,,,,,,,,,,,Hardware & Tools,,,,,,,,,,,,,,,,,,,,,,,,,,,,,,,,,,,,,,,,,,,,,,,,,,,,,,,,,,,,,,,,,,,,,,,,,,,,,,,,,,,,,,,,,,,,,,,,,,,,,,,,,,,,,,,,,,,,,,,,,,,,,,,,,,,,,,,,,,,,,,,,,,,,,,,,,,,,,,,,,,,,,,,,,,,,,,,,,,,,,,,,,,,,,,,,,,,,,
,,,,,,S11828,Lighting & Electrical,Lamps & Bulbs,LED Bulbs,S11828,S11828,"S11828 8"" Led Down Light",-- Unbranded --,-- No Unilog Brand --,-- No DIB Brand --,Satco Prod Inc (5573),Satco Products Inc,-- Unbranded --,,S11828,,Lighting & Electrical>Lamps & Bulbs>LED Bulbs,"Satco Products Inc -- Unbranded --, LED Bulbs, S11828","S11828 8"" LED DOWN LIGHT",-- Unbranded -- S11828 LED Bulbs,"S11828 8"" Led Down Light",-- Unbranded -- S11828 LED Bulbs,,,,,,,,,,,,,,,,,,,,,,,,,,,LED Bulbs,Bulb Type,LED,,,,,,,,,,,,,,,,,,,,,,,,,,,,,,,,,,,,,,,,,,,,,,,,,,,,,,,,,,,,,,,,,,,,,,,,,,,,,,,,,,,,,,,,,,,,,,,,,,,,,,,,,,,,,,,,,,,,,,,,,,,,,,,,,,,,,,,,,,,,,,,,,,,,,,,,,,,,,,,,,,,,,,,,,,,,,,,,,,,,,,,,,,,,,,,,,,,
,,,,,,801274,Lighting & Electrical,Lamps & Bulbs,LED Bulbs,801274,801274,"801274 10w LED 6"" Retro 50k",-- Unbranded --,-- No Unilog Brand --,Philips,Phillips Lighting (5831),Whirlpool Corporation,Whirlpool®,,WDTS7024RZ,,Appliances & Consumer Electronics>Kitchen Appliances>Built-In Dishwashers,"Whirlpool, Dishwasher, Eco Series, W","801274 10W LED 6"" RETRO 50K",Whirlpool® 801274 LED Bulbs,"801274 10w LED 6"" Retro 50k",Whirlpool® 801274 LED Bulbs,,,,,,,,,,,,,,,,,,,,,,,,,,,LED Bulbs,Wattage,10,W,Color Temperature,50000,K,Bulb Type,LED,,,,,,,,,,,,,,,,,,,,,,,,,,,,,,,,,,,,,,,,,,,,,,,,,,,,,,,,,,,,,,,,,,,,,,,,,,,,,,,,,,,,,,,,,,,,,,,,,,,,,,,,,,,,,,,,,,,,,,,,,,,,,,,,,,,,,,,,,,,,,,,,,,,,,,,,,,,,,,,,,,,,,,,,,,,,,,,,,,,,,,,,,,,,,
,,,,,,S11860,Lighting & Electrical,Light Fixtures,Recessed Lighting,S11860,S11860,"S11860 6"" Downlight White 5 CCT",-- Unbranded --,-- No Unilog Brand --,-- No DIB Brand --,Satco Prod Inc (5573),Satco Products Inc,-- Unbranded --,,S11860,,Lighting & Electrical>Light Fixtures>Recessed Lighting,"Satco Products Inc -- Unbranded --, Recessed Lighting, S11860","S11860 6"" DOWNLIGHT WHITE 5 CCT",-- Unbranded -- S11860 Recessed Lighting,"S11860 6"" Downlight White 5 CCT",-- Unbranded -- S11860 Recessed Lighting,,,,,,,,,,,,,,,,,,,,,,,,,,,Recessed Lighting,,,,,,,,,,,,,,,,,,,,,,,,,,,,,,,,,,,,,,,,,,,,,,,,,,,,,,,,,,,,,,,,,,,,,,,,,,,,,,,,,,,,,,,,,,,,,,,,,,,,,,,,,,,,,,,,,,,,,,,,,,,,,,,,,,,,,,,,,,,,,,,,,,,,,,,,,,,,,,,,,,,,,,,,,,,,,,,,,,,,,,,,,,,,,,,,,,,,,
,,,,,,S11562,Lighting & Electrical,Light Fixtures,Recessed Lighting,S11562,S11562,"S11562 Starfish 6"" D/W Downlight",-- Unbranded --,-- No Unilog Brand --,-- No DIB Brand --,Satco Prod Inc (5573),Satco Products Inc,-- Unbranded --,,S11562,,Lighting & Electrical>Light Fixtures>Recessed Lighting,"Satco Products Inc -- Unbranded --, Recessed Lighting, S11562","S11562 STARFISH 6"" D/W DOWNLIGHT",-- Unbranded -- S11562 Recessed Lighting,"S11562 Starfish 6"" D/W Downlight",-- Unbranded -- S11562 Recessed Lighting,,,,,,,,,,,,,,,,,,,,,,,,,,,Recessed Lighting,,,,,,,,,,,,,,,,,,,,,,,,,,,,,,,,,,,,,,,,,,,,,,,,,,,,,,,,,,,,,,,,,,,,,,,,,,,,,,,,,,,,,,,,,,,,,,,,,,,,,,,,,,,,,,,,,,,,,,,,,,,,,,,,,,,,,,,,,,,,,,,,,,,,,,,,,,,,,,,,,,,,,,,,,,,,,,,,,,,,,,,,,,,,,,,,,,,,,
,,,,,,S11646,Lighting & Electrical,Light Fixtures,Recessed Lighting,S11646,S11646,"S11646 6"" Downlight Wh",-- Unbranded --,-- No Unilog Brand --,-- No DIB Brand --,Satco Prod Inc (5573),Satco Products Inc,-- Unbranded --,,S11646,,Lighting & Electrical>Light Fixtures>Recessed Lighting,"Satco Products Inc -- Unbranded --, Recessed Lighting, S11646","S11646 6"" DOWNLIGHT WH",-- Unbranded -- S11646 Recessed Lighting,"S11646 6"" Downlight Wh",-- Unbranded -- S11646 Recessed Lighting,,,,,,,,,,,,,,,,,,,,,,,,,,,Recessed Lighting,,,,,,,,,,,,,,,,,,,,,,,,,,,,,,,,,,,,,,,,,,,,,,,,,,,,,,,,,,,,,,,,,,,,,,,,,,,,,,,,,,,,,,,,,,,,,,,,,,,,,,,,,,,,,,,,,,,,,,,,,,,,,,,,,,,,,,,,,,,,,,,,,,,,,,,,,,,,,,,,,,,,,,,,,,,,,,,,,,,,,,,,,,,,,,,,,,,,,
,,,,,,S11801R1,Lighting & Electrical,Lamps & Bulbs,LED Bulbs,S11801R1,S11801R1,"S11801R1 6"" Led Downlight Wh",-- Unbranded --,-- No Unilog Brand --,-- No DIB Brand --,Satco Prod Inc (5573),Satco Products Inc,-- Unbranded --,,S11801R1,,Lighting & Electrical>Lamps & Bulbs>LED Bulbs,"Satco Products Inc -- Unbranded --, LED Bulbs, S11801R1","S11801R1 6"" LED DOWNLIGHT WH",-- Unbranded -- S11801R1 LED Bulbs,"S11801R1 6"" Led Downlight Wh",-- Unbranded -- S11801R1 LED Bulbs,,,,,,,,,,,,,,,,,,,,,,,,,,,LED Bulbs,Bulb Type,LED,,,,,,,,,,,,,,,,,,,,,,,,,,,,,,,,,,,,,,,,,,,,,,,,,,,,,,,,,,,,,,,,,,,,,,,,,,,,,,,,,,,,,,,,,,,,,,,,,,,,,,,,,,,,,,,,,,,,,,,,,,,,,,,,,,,,,,,,,,,,,,,,,,,,,,,,,,,,,,,,,,,,,,,,,,,,,,,,,,,,,,,,,,,,,,,,,,,
,,,,,,S11848,Lighting & Electrical,Light Fixtures,Recessed Lighting,S11848,S11848,"S11848 10"" Down Light Wh",-- Unbranded --,-- No Unilog Brand --,-- No DIB Brand --,Satco Prod Inc (5573),Satco Products Inc,-- Unbranded --,,S11848,,Lighting & Electrical>Light Fixtures>Recessed Lighting,"Satco Products Inc -- Unbranded --, Recessed Lighting, S11848","S11848 10"" DOWN LIGHT WH",-- Unbranded -- S11848 Recessed Lighting,"S11848 10"" Down Light Wh",-- Unbranded -- S11848 Recessed Lighting,,,,,,,,,,,,,,,,,,,,,,,,,,,Recessed Lighting,,,,,,,,,,,,,,,,,,,,,,,,,,,,,,,,,,,,,,,,,,,,,,,,,,,,,,,,,,,,,,,,,,,,,,,,,,,,,,,,,,,,,,,,,,,,,,,,,,,,,,,,,,,,,,,,,,,,,,,,,,,,,,,,,,,,,,,,,,,,,,,,,,,,,,,,,,,,,,,,,,,,,,,,,,,,,,,,,,,,,,,,,,,,,,,,,,,,,
,,,,,,S11849,Lighting & Electrical,Light Fixtures,Recessed Lighting,S11849,S11849,"S11849 12"" Down Light Wh",-- Unbranded --,-- No Unilog Brand --,-- No DIB Brand --,Satco Prod Inc (5573),Satco Products Inc,-- Unbranded --,,S11849,,Lighting & Electrical>Light Fixtures>Recessed Lighting,"Satco Products Inc -- Unbranded --, Recessed Lighting, S11849","S11849 12"" DOWN LIGHT WH",-- Unbranded -- S11849 Recessed Lighting,"S11849 12"" Down Light Wh",-- Unbranded -- S11849 Recessed Lighting,,,,,,,,,,,,,,,,,,,,,,,,,,,Recessed Lighting,,,,,,,,,,,,,,,,,,,,,,,,,,,,,,,,,,,,,,,,,,,,,,,,,,,,,,,,,,,,,,,,,,,,,,,,,,,,,,,,,,,,,,,,,,,,,,,,,,,,,,,,,,,,,,,,,,,,,,,,,,,,,,,,,,,,,,,,,,,,,,,,,,,,,,,,,,,,,,,,,,,,,,,,,,,,,,,,,,,,,,,,,,,,,,,,,,,,,
,,,,,,HLBSL609FS5,Lighting & Electrical,Light Fixtures,Recessed Lighting,HLBSL609FS5,HLBSL609FS5,"HLBSL609FS5 6"" Down Light",-- Unbranded --,-- No Unilog Brand --,-- No DIB Brand --,Cooper Lighting (7638),Eaton Cooper Lighting,-- Unbranded --,,HLBSL609FS5,,Lighting & Electrical>Light Fixtures>Recessed Lighting,"Eaton Cooper Lighting -- Unbranded --, Recessed Lighting, HLBSL609FS5","HLBSL609FS5 6"" DOWN LIGHT",-- Unbranded -- HLBSL609FS5 Recessed Lighting,"HLBSL609FS5 6"" Down Light",-- Unbranded -- HLBSL609FS5 Recessed Lighting,,,,,,,,,,,,,,,,,,,,,,,,,,,Recessed Lighting,,,,,,,,,,,,,,,,,,,,,,,,,,,,,,,,,,,,,,,,,,,,,,,,,,,,,,,,,,,,,,,,,,,,,,,,,,,,,,,,,,,,,,,,,,,,,,,,,,,,,,,,,,,,,,,,,,,,,,,,,,,,,,,,,,,,,,,,,,,,,,,,,,,,,,,,,,,,,,,,,,,,,,,,,,,,,,,,,,,,,,,,,,,,,,,,,,,,,
,,,,,,WF4REGSWW590CRIMW,Lighting & Electrical,Light Fixtures,Recessed Lighting,WF4REGSWW590CRIMW,WF4REGSWW590CRIMW,"WF4REGSWW590CRIMW 4"" Down Light",-- Unbranded --,-- No Unilog Brand --,-- No DIB Brand --,Lithonia Lighting (2776),Whirlpool Corporation,Whirlpool®,,WDTS7024RZ,,Appliances & Consumer Electronics>Kitchen Appliances>Built-In Dishwashers,"Whirlpool, Dishwasher, Eco Series, W","WF4REGSWW590CRIMW 4"" DOWN LIGHT",Whirlpool® WF4REGSWW590CRIMW Recessed Lighting,"WF4REGSWW590CRIMW 4"" Down Light",Whirlpool® WF4REGSWW590CRIMW Recessed Lighting,,,,,,,,,,,,,,,,,,,,,,,,,,,Recessed Lighting,,,,,,,,,,,,,,,,,,,,,,,,,,,,,,,,,,,,,,,,,,,,,,,,,,,,,,,,,,,,,,,,,,,,,,,,,,,,,,,,,,,,,,,,,,,,,,,,,,,,,,,,,,,,,,,,,,,,,,,,,,,,,,,,,,,,,,,,,,,,,,,,,,,,,,,,,,,,,,,,,,,,,,,,,,,,,,,,,,,,,,,,,,,,,,,,,,,,,
,,,,,,43849WH5CCT,Lighting & Electrical,Ceiling Fans,Ceiling Fans,43849WH5CCT,43849WH5CCT,43849WH5CCT Kichler Ceiling Lt,-- Unbranded --,-- No Unilog Brand --,-- No DIB Brand --,Kichler Lighting (KICLI),Kichler Lighting,Kichler,,43849WH5CCT,,Lighting & Electrical>Ceiling Fans>Ceiling Fans,"Kichler Lighting Kichler, Ceiling Fans, 43849WH5CCT",43849WH5CCT KICHLER CEILING LT,Kichler 43849WH5CCT Ceiling Fans,43849WH5CCT Kichler Ceiling Lt,Kichler 43849WH5CCT Ceiling Fans,,,,,,,,,,,,,,,,,,,,,,,,,,,Ceiling Fans,,,,,,,,,,,,,,,,,,,,,,,,,,,,,,,,,,,,,,,,,,,,,,,,,,,,,,,,,,,,,,,,,,,,,,,,,,,,,,,,,,,,,,,,,,,,,,,,,,,,,,,,,,,,,,,,,,,,,,,,,,,,,,,,,,,,,,,,,,,,,,,,,,,,,,,,,,,,,,,,,,,,,,,,,,,,,,,,,,,,,,,,,,,,,,,,,,,,,
,,,,,,62-1777,Lighting & Electrical,Ceiling Fans,Ceiling Fans,62-1777,62-1777,"62-1777 15"" Ceiling Lt Wh",-- Unbranded --,-- No Unilog Brand --,-- No DIB Brand --,Satco Prod Inc (5573),Satco Products Inc,-- Unbranded --,,62-1777,,Lighting & Electrical>Ceiling Fans>Ceiling Fans,"Satco Products Inc -- Unbranded --, Ceiling Fans, 62-1777","62-1777 15"" CEILING LT WH",-- Unbranded -- 62-1777 Ceiling Fans,"62-1777 15"" Ceiling Lt Wh",-- Unbranded -- 62-1777 Ceiling Fans,,,,,,,,,,,,,,,,,,,,,,,,,,,Ceiling Fans,,,,,,,,,,,,,,,,,,,,,,,,,,,,,,,,,,,,,,,,,,,,,,,,,,,,,,,,,,,,,,,,,,,,,,,,,,,,,,,,,,,,,,,,,,,,,,,,,,,,,,,,,,,,,,,,,,,,,,,,,,,,,,,,,,,,,,,,,,,,,,,,,,,,,,,,,,,,,,,,,,,,,,,,,,,,,,,,,,,,,,,,,,,,,,,,,,,,,
,,,,,,62-1778,Lighting & Electrical,Ceiling Fans,Ceiling Fans,62-1778,62-1778,"62-1778 19"" Ceiling Lt Wh",-- Unbranded --,-- No Unilog Brand --,-- No DIB Brand --,Satco Prod Inc (5573),Satco Products Inc,-- Unbranded --,,62-1778,,Lighting & Electrical>Ceiling Fans>Ceiling Fans,"Satco Products Inc -- Unbranded --, Ceiling Fans, 62-1778","62-1778 19"" CEILING LT WH",-- Unbranded -- 62-1778 Ceiling Fans,"62-1778 19"" Ceiling Lt Wh",-- Unbranded -- 62-1778 Ceiling Fans,,,,,,,,,,,,,,,,,,,,,,,,,,,Ceiling Fans,,,,,,,,,,,,,,,,,,,,,,,,,,,,,,,,,,,,,,,,,,,,,,,,,,,,,,,,,,,,,,,,,,,,,,,,,,,,,,,,,,,,,,,,,,,,,,,,,,,,,,,,,,,,,,,,,,,,,,,,,,,,,,,,,,,,,,,,,,,,,,,,,,,,,,,,,,,,,,,,,,,,,,,,,,,,,,,,,,,,,,,,,,,,,,,,,,,,,
,,,,,,62-1784,Lighting & Electrical,Lamps & Bulbs,LED Bulbs,62-1784,62-1784,62-1784 24x24 Led Ceiling Lt,-- Unbranded --,-- No Unilog Brand --,-- No DIB Brand --,Satco Prod Inc (5573),Satco Products Inc,-- Unbranded --,,62-1784,,Lighting & Electrical>Lamps & Bulbs>LED Bulbs,"Satco Products Inc -- Unbranded --, LED Bulbs, 62-1784",62-1784 24X24 LED CEILING LT,-- Unbranded -- 62-1784 LED Bulbs,62-1784 24x24 Led Ceiling Lt,-- Unbranded -- 62-1784 LED Bulbs,,,,,,,,,,,,,,,,,,,,,,,,,,,LED Bulbs,Bulb Type,LED,,,,,,,,,,,,,,,,,,,,,,,,,,,,,,,,,,,,,,,,,,,,,,,,,,,,,,,,,,,,,,,,,,,,,,,,,,,,,,,,,,,,,,,,,,,,,,,,,,,,,,,,,,,,,,,,,,,,,,,,,,,,,,,,,,,,,,,,,,,,,,,,,,,,,,,,,,,,,,,,,,,,,,,,,,,,,,,,,,,,,,,,,,,,,,,,,,,
,,,,,,62-1787,Lighting & Electrical,Ceiling Fans,Ceiling Fans,62-1787,62-1787,"62-1787 15"" Ceiling Lt Bk",-- Unbranded --,-- No Unilog Brand --,-- No DIB Brand --,Satco Prod Inc (5573),Satco Products Inc,-- Unbranded --,,62-1787,,Lighting & Electrical>Ceiling Fans>Ceiling Fans,"Satco Products Inc -- Unbranded --, Ceiling Fans, 62-1787","62-1787 15"" CEILING LT BK",-- Unbranded -- 62-1787 Ceiling Fans,"62-1787 15"" Ceiling Lt Bk",-- Unbranded -- 62-1787 Ceiling Fans,,,,,,,,,,,,,,,,,,,,,,,,,,,Ceiling Fans,,,,,,,,,,,,,,,,,,,,,,,,,,,,,,,,,,,,,,,,,,,,,,,,,,,,,,,,,,,,,,,,,,,,,,,,,,,,,,,,,,,,,,,,,,,,,,,,,,,,,,,,,,,,,,,,,,,,,,,,,,,,,,,,,,,,,,,,,,,,,,,,,,,,,,,,,,,,,,,,,,,,,,,,,,,,,,,,,,,,,,,,,,,,,,,,,,,,,
,,,,,,62-1788,Lighting & Electrical,Ceiling Fans,Ceiling Fans,62-1788,62-1788,"62-1788 19"" Ceiling Lt Bk",-- Unbranded --,-- No Unilog Brand --,-- No DIB Brand --,Satco Prod Inc (5573),Satco Products Inc,-- Unbranded --,,62-1788,,Lighting & Electrical>Ceiling Fans>Ceiling Fans,"Satco Products Inc -- Unbranded --, Ceiling Fans, 62-1788","62-1788 19"" CEILING LT BK",-- Unbranded -- 62-1788 Ceiling Fans,"62-1788 19"" Ceiling Lt Bk",-- Unbranded -- 62-1788 Ceiling Fans,,,,,,,,,,,,,,,,,,,,,,,,,,,Ceiling Fans,,,,,,,,,,,,,,,,,,,,,,,,,,,,,,,,,,,,,,,,,,,,,,,,,,,,,,,,,,,,,,,,,,,,,,,,,,,,,,,,,,,,,,,,,,,,,,,,,,,,,,,,,,,,,,,,,,,,,,,,,,,,,,,,,,,,,,,,,,,,,,,,,,,,,,,,,,,,,,,,,,,,,,,,,,,,,,,,,,,,,,,,,,,,,,,,,,,,,
,,,,,,SHOP/4X2/840/V1,Lighting & Electrical,Light Fixtures,Recessed Lighting,SHOP/4X2/840/V1,SHOP/4X2/840/V1,4' Feit Shop Light 4500L 40k,-- Unbranded --,-- No Unilog Brand --,Feit Electric,Feit Electric (3468),Feit Electric,Feit Electric,,SHOP/4X2/840/V1,,Lighting & Electrical>Light Fixtures>Recessed Lighting,"Feit Electric Feit Electric, Recessed Lighting, SHOP/4X2/840/V1",4' FEIT SHOP LIGHT 4500L 40K,Feit Electric SHOP/4X2/840/V1 Recessed Lighting,4' Feit Shop Light 4500L 40k,Feit Electric SHOP/4X2/840/V1 Recessed Lighting,,,,,,,,,,,,,,,,,,,,,,,,,,,Recessed Lighting,,,,,,,,,,,,,,,,,,,,,,,,,,,,,,,,,,,,,,,,,,,,,,,,,,,,,,,,,,,,,,,,,,,,,,,,,,,,,,,,,,,,,,,,,,,,,,,,,,,,,,,,,,,,,,,,,,,,,,,,,,,,,,,,,,,,,,,,,,,,,,,,,,,,,,,,,,,,,,,,,,,,,,,,,,,,,,,,,,,,,,,,,,,,,,,,,,,,,
,,,,,,45495BKCLR,Building Materials,Drywall,Gypsum Board,45495BKCLR,45495BKCLR,45495BKCLR Kichler Wall Lt,-- Unbranded --,-- No Unilog Brand --,-- No DIB Brand --,Kichler Lighting (KICLI),Kichler Lighting,Kichler,,45495BKCLR,,Building Materials>Drywall>Gypsum Board,"Kichler Lighting Kichler, Gypsum Board, 45495BKCLR",45495BKCLR KICHLER WALL LT,Kichler 45495BKCLR Gypsum Board,45495BKCLR Kichler Wall Lt,Kichler 45495BKCLR Gypsum Board,,,,,,,,,,,,,,,,,,,,,,,,,,,Gypsum Board,,,,,,,,,,,,,,,,,,,,,,,,,,,,,,,,,,,,,,,,,,,,,,,,,,,,,,,,,,,,,,,,,,,,,,,,,,,,,,,,,,,,,,,,,,,,,,,,,,,,,,,,,,,,,,,,,,,,,,,,,,,,,,,,,,,,,,,,,,,,,,,,,,,,,,,,,,,,,,,,,,,,,,,,,,,,,,,,,,,,,,,,,,,,,,,,,,,,,
,,,,,,55209NI,Building Materials,Drywall,Gypsum Board,55209NI,55209NI,55209NI Kichler Wall Sconce,-- Unbranded --,-- No Unilog Brand --,-- No DIB Brand --,Kichler Lighting (KICLI),Kichler Lighting,Kichler,,55209NI,,Building Materials>Drywall>Gypsum Board,"Kichler Lighting Kichler, Gypsum Board, 55209NI",55209NI KICHLER WALL SCONCE,Kichler 55209NI Gypsum Board,55209NI Kichler Wall Sconce,Kichler 55209NI Gypsum Board,,,,,,,,,,,,,,,,,,,,,,,,,,,Gypsum Board,,,,,,,,,,,,,,,,,,,,,,,,,,,,,,,,,,,,,,,,,,,,,,,,,,,,,,,,,,,,,,,,,,,,,,,,,,,,,,,,,,,,,,,,,,,,,,,,,,,,,,,,,,,,,,,,,,,,,,,,,,,,,,,,,,,,,,,,,,,,,,,,,,,,,,,,,,,,,,,,,,,,,,,,,,,,,,,,,,,,,,,,,,,,,,,,,,,,,
,,,,,,65-1210,Lighting & Electrical,Lamps & Bulbs,LED Bulbs,65-1210,65-1210,65-1210 2' LED Wrap Lt,-- Unbranded --,-- No Unilog Brand --,-- No DIB Brand --,Satco Prod Inc (5573),Satco Products Inc,-- Unbranded --,,65-1210,,Lighting & Electrical>Lamps & Bulbs>LED Bulbs,"Satco Products Inc -- Unbranded --, LED Bulbs, 65-1210",65-1210 2' LED WRAP LT,-- Unbranded -- 65-1210 LED Bulbs,65-1210 2' LED Wrap Lt,-- Unbranded -- 65-1210 LED Bulbs,,,,,,,,,,,,,,,,,,,,,,,,,,,LED Bulbs,Bulb Type,LED,,,,,,,,,,,,,,,,,,,,,,,,,,,,,,,,,,,,,,,,,,,,,,,,,,,,,,,,,,,,,,,,,,,,,,,,,,,,,,,,,,,,,,,,,,,,,,,,,,,,,,,,,,,,,,,,,,,,,,,,,,,,,,,,,,,,,,,,,,,,,,,,,,,,,,,,,,,,,,,,,,,,,,,,,,,,,,,,,,,,,,,,,,,,,,,,,,,
,,,,,,65-1211,Lighting & Electrical,Lamps & Bulbs,LED Bulbs,65-1211,65-1211,65-1211 4' Led Wrap Light,-- Unbranded --,-- No Unilog Brand --,-- No DIB Brand --,Satco Prod Inc (5573),Satco Products Inc,-- Unbranded --,,65-1211,,Lighting & Electrical>Lamps & Bulbs>LED Bulbs,"Satco Products Inc -- Unbranded --, LED Bulbs, 65-1211",65-1211 4' LED WRAP LIGHT,-- Unbranded -- 65-1211 LED Bulbs,65-1211 4' Led Wrap Light,-- Unbranded -- 65-1211 LED Bulbs,,,,,,,,,,,,,,,,,,,,,,,,,,,LED Bulbs,Bulb Type,LED,,,,,,,,,,,,,,,,,,,,,,,,,,,,,,,,,,,,,,,,,,,,,,,,,,,,,,,,,,,,,,,,,,,,,,,,,,,,,,,,,,,,,,,,,,,,,,,,,,,,,,,,,,,,,,,,,,,,,,,,,,,,,,,,,,,,,,,,,,,,,,,,,,,,,,,,,,,,,,,,,,,,,,,,,,,,,,,,,,,,,,,,,,,,,,,,,,,
,,,,,,141465,Lighting & Electrical,Lamps & Bulbs,Fluorescent Bulbs,141465,141465,"141465 15W Flor 18"" T12 27k",-- Unbranded --,-- No Unilog Brand --,Philips,Phillips Lighting (5831),Signify (Philips Lighting),Philips,,141465,,Lighting & Electrical>Lamps & Bulbs>Fluorescent Bulbs,"Signify (Philips Lighting) Philips, Fluorescent Bulbs, 141465","141465 15W FLOR 18"" T12 27K",Philips 141465 Fluorescent Bulbs,"141465 15W Flor 18"" T12 27k",Philips 141465 Fluorescent Bulbs,,,,,,,,,,,,,,,,,,,,,,,,,,,Fluorescent Bulbs,Wattage,15,W,Color Temperature,27000,K,Bulb Type,Fluorescent,,Lamp Size,T12,,,,,,,,,,,,,,,,,,,,,,,,,,,,,,,,,,,,,,,,,,,,,,,,,,,,,,,,,,,,,,,,,,,,,,,,,,,,,,,,,,,,,,,,,,,,,,,,,,,,,,,,,,,,,,,,,,,,,,,,,,,,,,,,,,,,,,,,,,,,,,,,,,,,,,,,,,,,,,,,,,,,,,,,,,,,,,,,,,,,,,,,,,
,,,,,,391227,Lighting & Electrical,Lamps & Bulbs,LED Bulbs,391227,391227,"391227 32W Led 12"" T9 30K",-- Unbranded --,-- No Unilog Brand --,Philips,Phillips Lighting (5831),Signify (Philips Lighting),Philips,,391227,,Lighting & Electrical>Lamps & Bulbs>LED Bulbs,"Signify (Philips Lighting) Philips, LED Bulbs, 391227","391227 32W LED 12"" T9 30K",Philips 391227 LED Bulbs,"391227 32W Led 12"" T9 30K",Philips 391227 LED Bulbs,,,,,,,,,,,,,,,,,,,,,,,,,,,LED Bulbs,Wattage,32,W,Color Temperature,30000,K,Bulb Type,LED,,Lamp Size,T9,,,,,,,,,,,,,,,,,,,,,,,,,,,,,,,,,,,,,,,,,,,,,,,,,,,,,,,,,,,,,,,,,,,,,,,,,,,,,,,,,,,,,,,,,,,,,,,,,,,,,,,,,,,,,,,,,,,,,,,,,,,,,,,,,,,,,,,,,,,,,,,,,,,,,,,,,,,,,,,,,,,,,,,,,,,,,,,,,,,,,,,,,,
,,,,,,392225,Lighting & Electrical,Lamps & Bulbs,Fluorescent Bulbs,392225,392225,"392225 22W Flor 8"" T9 30k",-- Unbranded --,-- No Unilog Brand --,Philips,Phillips Lighting (5831),Signify (Philips Lighting),Philips,,392225,,Lighting & Electrical>Lamps & Bulbs>Fluorescent Bulbs,"Signify (Philips Lighting) Philips, Fluorescent Bulbs, 392225","392225 22W FLOR 8"" T9 30K",Philips 392225 Fluorescent Bulbs,"392225 22W Flor 8"" T9 30k",Philips 392225 Fluorescent Bulbs,,,,,,,,,,,,,,,,,,,,,,,,,,,Fluorescent Bulbs,Wattage,22,W,Color Temperature,30000,K,Bulb Type,Fluorescent,,Lamp Size,T9,,,,,,,,,,,,,,,,,,,,,,,,,,,,,,,,,,,,,,,,,,,,,,,,,,,,,,,,,,,,,,,,,,,,,,,,,,,,,,,,,,,,,,,,,,,,,,,,,,,,,,,,,,,,,,,,,,,,,,,,,,,,,,,,,,,,,,,,,,,,,,,,,,,,,,,,,,,,,,,,,,,,,,,,,,,,,,,,,,,,,,,,,,
,,,,,,S3539,,,,S3539,S3539,S3539 20W Halogen Pin T4,-- Unbranded --,-- No Unilog Brand --,Satco,Satco Prod Inc (5573),Satco Products Inc,Satco,,S3539,,,"Satco Products Inc Satco, Hardware & Tools, S3539",S3539 20W HALOGEN PIN T4,Satco S3539 Hardware & Tools,S3539 20W Halogen Pin T4,Satco S3539 Hardware & Tools,,,,,,,,,,,,,,,,,,,,,,,,,,,Hardware & Tools,,,,,,,,,,,,,,,,,,,,,,,,,,,,,,,,,,,,,,,,,,,,,,,,,,,,,,,,,,,,,,,,,,,,,,,,,,,,,,,,,,,,,,,,,,,,,,,,,,,,,,,,,,,,,,,,,,,,,,,,,,,,,,,,,,,,,,,,,,,,,,,,,,,,,,,,,,,,,,,,,,,,,,,,,,,,,,,,,,,,,,,,,,,,,,,,,,,,,
,,,,,,S3496,Lighting & Electrical,Lamps & Bulbs,LED Bulbs,S3496,S3496,S3496 300W Halogen T3 Bulb,-- Unbranded --,-- No Unilog Brand --,Satco,Satco Prod Inc (5573),Satco Products Inc,Satco,,S3496,,Lighting & Electrical>Lamps & Bulbs>LED Bulbs,"Satco Products Inc Satco, LED Bulbs, S3496",S3496 300W HALOGEN T3 BULB,Satco S3496 LED Bulbs,S3496 300W Halogen T3 Bulb,Satco S3496 LED Bulbs,,,,,,,,,,,,,,,,,,,,,,,,,,,LED Bulbs,,,,,,,,,,,,,,,,,,,,,,,,,,,,,,,,,,,,,,,,,,,,,,,,,,,,,,,,,,,,,,,,,,,,,,,,,,,,,,,,,,,,,,,,,,,,,,,,,,,,,,,,,,,,,,,,,,,,,,,,,,,,,,,,,,,,,,,,,,,,,,,,,,,,,,,,,,,,,,,,,,,,,,,,,,,,,,,,,,,,,,,,,,,,,,,,,,,,,
,,,,,,467316,Hand Tools,Woodworking Tools,Clamps & Jigs,467316,467316,467316 150W Sodium Med 21k,-- Unbranded --,-- No Unilog Brand --,Philips,Phillips Lighting (5831),Signify (Philips Lighting),Philips,,467316,,Hand Tools>Woodworking Tools>Clamps & Jigs,"Signify (Philips Lighting) Philips, Clamps & Jigs, 467316",467316 150W SODIUM MED 21K,Philips 467316 Clamps & Jigs,467316 150W Sodium Med 21k,Philips 467316 Clamps & Jigs,,,,,,,,,,,,,,,,,,,,,,,,,,,Clamps & Jigs,Wattage,150,W,Color Temperature,21000,K,Bulb Type,HID,,,,,,,,,,,,,,,,,,,,,,,,,,,,,,,,,,,,,,,,,,,,,,,,,,,,,,,,,,,,,,,,,,,,,,,,,,,,,,,,,,,,,,,,,,,,,,,,,,,,,,,,,,,,,,,,,,,,,,,,,,,,,,,,,,,,,,,,,,,,,,,,,,,,,,,,,,,,,,,,,,,,,,,,,,,,,,,,,,,,,,,,,,,,,
,,,,,,S3709,,,,S3709,S3709,S3709 25W Incan 27K,-- Unbranded --,-- No Unilog Brand --,Satco,Satco Prod Inc (5573),Satco Products Inc,Satco,,S3709,,,"Satco Products Inc Satco, Hardware & Tools, S3709",S3709 25W INCAN 27K,Satco S3709 Hardware & Tools,S3709 25W Incan 27K,Satco S3709 Hardware & Tools,,,,,,,,,,,,,,,,,,,,,,,,,,,Hardware & Tools,,,,,,,,,,,,,,,,,,,,,,,,,,,,,,,,,,,,,,,,,,,,,,,,,,,,,,,,,,,,,,,,,,,,,,,,,,,,,,,,,,,,,,,,,,,,,,,,,,,,,,,,,,,,,,,,,,,,,,,,,,,,,,,,,,,,,,,,,,,,,,,,,,,,,,,,,,,,,,,,,,,,,,,,,,,,,,,,,,,,,,,,,,,,,,,,,,,,,
,,,,,,S4720,,,,S4720,S4720,S4720 25W Incan 27K,-- Unbranded --,-- No Unilog Brand --,Satco,Satco Prod Inc (5573),Satco Products Inc,Satco,,S4720,,,"Satco Products Inc Satco, Hardware & Tools, S4720",S4720 25W INCAN 27K,Satco S4720 Hardware & Tools,S4720 25W Incan 27K,Satco S4720 Hardware & Tools,,,,,,,,,,,,,,,,,,,,,,,,,,,Hardware & Tools,,,,,,,,,,,,,,,,,,,,,,,,,,,,,,,,,,,,,,,,,,,,,,,,,,,,,,,,,,,,,,,,,,,,,,,,,,,,,,,,,,,,,,,,,,,,,,,,,,,,,,,,,,,,,,,,,,,,,,,,,,,,,,,,,,,,,,,,,,,,,,,,,,,,,,,,,,,,,,,,,,,,,,,,,,,,,,,,,,,,,,,,,,,,,,,,,,,,,
,,,,,,S3720,,,,S3720,S3720,S3720 40w Inc A15 Med 26k,-- Unbranded --,-- No Unilog Brand --,Satco,Satco Prod Inc (5573),Satco Products Inc,Satco,,S3720,,,"Satco Products Inc Satco, Hardware & Tools, S3720",S3720 40W INC A15 MED 26K,Satco S3720 Hardware & Tools,S3720 40w Inc A15 Med 26k,Satco S3720 Hardware & Tools,,,,,,,,,,,,,,,,,,,,,,,,,,,Hardware & Tools,,,,,,,,,,,,,,,,,,,,,,,,,,,,,,,,,,,,,,,,,,,,,,,,,,,,,,,,,,,,,,,,,,,,,,,,,,,,,,,,,,,,,,,,,,,,,,,,,,,,,,,,,,,,,,,,,,,,,,,,,,,,,,,,,,,,,,,,,,,,,,,,,,,,,,,,,,,,,,,,,,,,,,,,,,,,,,,,,,,,,,,,,,,,,,,,,,,,,
,,,,,,S3702,,,,S3702,S3702,S3702 40W Incan Med 27K,-- Unbranded --,-- No Unilog Brand --,Satco,Satco Prod Inc (5573),Satco Products Inc,Satco,,S3702,,,"Satco Products Inc Satco, Hardware & Tools, S3702",S3702 40W INCAN MED 27K,Satco S3702 Hardware & Tools,S3702 40W Incan Med 27K,Satco S3702 Hardware & Tools,,,,,,,,,,,,,,,,,,,,,,,,,,,Hardware & Tools,,,,,,,,,,,,,,,,,,,,,,,,,,,,,,,,,,,,,,,,,,,,,,,,,,,,,,,,,,,,,,,,,,,,,,,,,,,,,,,,,,,,,,,,,,,,,,,,,,,,,,,,,,,,,,,,,,,,,,,,,,,,,,,,,,,,,,,,,,,,,,,,,,,,,,,,,,,,,,,,,,,,,,,,,,,,,,,,,,,,,,,,,,,,,,,,,,,,,
,,,,,,S3703,,,,S3703,S3703,S3703 40W Incan Med 27K,-- Unbranded --,-- No Unilog Brand --,Satco,Satco Prod Inc (5573),Satco Products Inc,Satco,,S3703,,,"Satco Products Inc Satco, Hardware & Tools, S3703",S3703 40W INCAN MED 27K,Satco S3703 Hardware & Tools,S3703 40W Incan Med 27K,Satco S3703 Hardware & Tools,,,,,,,,,,,,,,,,,,,,,,,,,,,Hardware & Tools,,,,,,,,,,,,,,,,,,,,,,,,,,,,,,,,,,,,,,,,,,,,,,,,,,,,,,,,,,,,,,,,,,,,,,,,,,,,,,,,,,,,,,,,,,,,,,,,,,,,,,,,,,,,,,,,,,,,,,,,,,,,,,,,,,,,,,,,,,,,,,,,,,,,,,,,,,,,,,,,,,,,,,,,,,,,,,,,,,,,,,,,,,,,,,,,,,,,,
,,,,,,S3797,,,,S3797,S3797,S3797 4W Incan Cand 27K 2pk,-- Unbranded --,-- No Unilog Brand --,Satco,Satco Prod Inc (5573),Satco Products Inc,Satco,,S3797,,,"Satco Products Inc Satco, Hardware & Tools, S3797",S3797 4W INCAN CAND 27K 2PK,Satco S3797 Hardware & Tools,S3797 4W Incan Cand 27K 2pk,Satco S3797 Hardware & Tools,,,,,,,,,,,,,,,,,,,,,,,,,,,Hardware & Tools,Pack Quantity,2,,,,,,,,,,,,,,,,,,,,,,,,,,,,,,,,,,,,,,,,,,,,,,,,,,,,,,,,,,,,,,,,,,,,,,,,,,,,,,,,,,,,,,,,,,,,,,,,,,,,,,,,,,,,,,,,,,,,,,,,,,,,,,,,,,,,,,,,,,,,,,,,,,,,,,,,,,,,,,,,,,,,,,,,,,,,,,,,,,,,,,,,,,,,,,,,,,,
,,,,,,S4724,,,,S4724,S4724,S4724 4W Incan Cand 27K 4pk,-- Unbranded --,-- No Unilog Brand --,Satco,Satco Prod Inc (5573),Satco Products Inc,Satco,,S4724,,,"Satco Products Inc Satco, Hardware & Tools, S4724",S4724 4W INCAN CAND 27K 4PK,Satco S4724 Hardware & Tools,S4724 4W Incan Cand 27K 4pk,Satco S4724 Hardware & Tools,,,,,,,,,,,,,,,,,,,,,,,,,,,Hardware & Tools,Pack Quantity,4,,,,,,,,,,,,,,,,,,,,,,,,,,,,,,,,,,,,,,,,,,,,,,,,,,,,,,,,,,,,,,,,,,,,,,,,,,,,,,,,,,,,,,,,,,,,,,,,,,,,,,,,,,,,,,,,,,,,,,,,,,,,,,,,,,,,,,,,,,,,,,,,,,,,,,,,,,,,,,,,,,,,,,,,,,,,,,,,,,,,,,,,,,,,,,,,,,,
,,,,,,S4717,,,,S4717,S4717,S4717 6W Incan Cand 27k 2pk,-- Unbranded --,-- No Unilog Brand --,Satco,Satco Prod Inc (5573),Satco Products Inc,Satco,,S4717,,,"Satco Products Inc Satco, Hardware & Tools, S4717",S4717 6W INCAN CAND 27K 2PK,Satco S4717 Hardware & Tools,S4717 6W Incan Cand 27k 2pk,Satco S4717 Hardware & Tools,,,,,,,,,,,,,,,,,,,,,,,,,,,Hardware & Tools,Pack Quantity,2,,,,,,,,,,,,,,,,,,,,,,,,,,,,,,,,,,,,,,,,,,,,,,,,,,,,,,,,,,,,,,,,,,,,,,,,,,,,,,,,,,,,,,,,,,,,,,,,,,,,,,,,,,,,,,,,,,,,,,,,,,,,,,,,,,,,,,,,,,,,,,,,,,,,,,,,,,,,,,,,,,,,,,,,,,,,,,,,,,,,,,,,,,,,,,,,,,,
,,,,,,S3794,,,,S3794,S3794,S3794 7W Incan Med 27K,-- Unbranded --,-- No Unilog Brand --,Satco,Satco Prod Inc (5573),Satco Products Inc,Satco,,S3794,,,"Satco Products Inc Satco, Hardware & Tools, S3794",S3794 7W INCAN MED 27K,Satco S3794 Hardware & Tools,S3794 7W Incan Med 27K,Satco S3794 Hardware & Tools,,,,,,,,,,,,,,,,,,,,,,,,,,,Hardware & Tools,,,,,,,,,,,,,,,,,,,,,,,,,,,,,,,,,,,,,,,,,,,,,,,,,,,,,,,,,,,,,,,,,,,,,,,,,,,,,,,,,,,,,,,,,,,,,,,,,,,,,,,,,,,,,,,,,,,,,,,,,,,,,,,,,,,,,,,,,,,,,,,,,,,,,,,,,,,,,,,,,,,,,,,,,,,,,,,,,,,,,,,,,,,,,,,,,,,,,
,,,,,,S3795,,,,S3795,S3795,S3795 7W Incan Med 27K,-- Unbranded --,-- No Unilog Brand --,Satco,Satco Prod Inc (5573),Satco Products Inc,Satco,,S3795,,,"Satco Products Inc Satco, Hardware & Tools, S3795",S3795 7W INCAN MED 27K,Satco S3795 Hardware & Tools,S3795 7W Incan Med 27K,Satco S3795 Hardware & Tools,,,,,,,,,,,,,,,,,,,,,,,,,,,Hardware & Tools,,,,,,,,,,,,,,,,,,,,,,,,,,,,,,,,,,,,,,,,,,,,,,,,,,,,,,,,,,,,,,,,,,,,,,,,,,,,,,,,,,,,,,,,,,,,,,,,,,,,,,,,,,,,,,,,,,,,,,,,,,,,,,,,,,,,,,,,,,,,,,,,,,,,,,,,,,,,,,,,,,,,,,,,,,,,,,,,,,,,,,,,,,,,,,,,,,,,,
,,,,,,S4726,,,,S4726,S4726,S4726 7W Incan Cand 27K 4pk,-- Unbranded --,-- No Unilog Brand --,Satco,Satco Prod Inc (5573),Satco Products Inc,Satco,,S4726,,,"Satco Products Inc Satco, Hardware & Tools, S4726",S4726 7W INCAN CAND 27K 4PK,Satco S4726 Hardware & Tools,S4726 7W Incan Cand 27K 4pk,Satco S4726 Hardware & Tools,,,,,,,,,,,,,,,,,,,,,,,,,,,Hardware & Tools,Pack Quantity,4,,,,,,,,,,,,,,,,,,,,,,,,,,,,,,,,,,,,,,,,,,,,,,,,,,,,,,,,,,,,,,,,,,,,,,,,,,,,,,,,,,,,,,,,,,,,,,,,,,,,,,,,,,,,,,,,,,,,,,,,,,,,,,,,,,,,,,,,,,,,,,,,,,,,,,,,,,,,,,,,,,,,,,,,,,,,,,,,,,,,,,,,,,,,,,,,,,,
,,,,,,S11429,Lighting & Electrical,Lamps & Bulbs,LED Bulbs,S11429,S11429,S11429 60W Led Bulb 27K,-- Unbranded --,-- No Unilog Brand --,Satco,Satco Prod Inc (5573),Satco Products Inc,Satco,,S11429,,Lighting & Electrical>Lamps & Bulbs>LED Bulbs,"Satco Products Inc Satco, LED Bulbs, S11429",S11429 60W LED BULB 27K,Satco S11429 LED Bulbs,S11429 60W Led Bulb 27K,Satco S11429 LED Bulbs,,,,,,,,,,,,,,,,,,,,,,,,,,,LED Bulbs,Wattage,60,W,Color Temperature,27000,K,Bulb Type,LED,,,,,,,,,,,,,,,,,,,,,,,,,,,,,,,,,,,,,,,,,,,,,,,,,,,,,,,,,,,,,,,,,,,,,,,,,,,,,,,,,,,,,,,,,,,,,,,,,,,,,,,,,,,,,,,,,,,,,,,,,,,,,,,,,,,,,,,,,,,,,,,,,,,,,,,,,,,,,,,,,,,,,,,,,,,,,,,,,,,,,,,,,,,,,
,,,,,,S21354,Lighting & Electrical,Lamps & Bulbs,LED Bulbs,S21354,S21354,S21354 8W Led T9 Med 27k,-- Unbranded --,-- No Unilog Brand --,-- No DIB Brand --,Satco Prod Inc (5573),Satco Products Inc,-- Unbranded --,,S21354,,Lighting & Electrical>Lamps & Bulbs>LED Bulbs,"Satco Products Inc -- Unbranded --, LED Bulbs, S21354",S21354 8W LED T9 MED 27K,-- Unbranded -- S21354 LED Bulbs,S21354 8W Led T9 Med 27k,-- Unbranded -- S21354 LED Bulbs,,,,,,,,,,,,,,,,,,,,,,,,,,,LED Bulbs,Wattage,8,W,Color Temperature,27000,K,Bulb Type,LED,,Lamp Size,T9,,,,,,,,,,,,,,,,,,,,,,,,,,,,,,,,,,,,,,,,,,,,,,,,,,,,,,,,,,,,,,,,,,,,,,,,,,,,,,,,,,,,,,,,,,,,,,,,,,,,,,,,,,,,,,,,,,,,,,,,,,,,,,,,,,,,,,,,,,,,,,,,,,,,,,,,,,,,,,,,,,,,,,,,,,,,,,,,,,,,,,,,,,
,,,,,,S21363,Lighting & Electrical,Lamps & Bulbs,LED Bulbs,S21363,S21363,S21363 8W Led Edison ST19 27K,-- Unbranded --,-- No Unilog Brand --,-- No DIB Brand --,Satco Prod Inc (5573),Satco Products Inc,-- Unbranded --,,S21363,,Lighting & Electrical>Lamps & Bulbs>LED Bulbs,"Satco Products Inc -- Unbranded --, LED Bulbs, S21363",S21363 8W LED EDISON ST19 27K,-- Unbranded -- S21363 LED Bulbs,S21363 8W Led Edison ST19 27K,-- Unbranded -- S21363 LED Bulbs,,,,,,,,,,,,,,,,,,,,,,,,,,,LED Bulbs,Wattage,8,W,Color Temperature,27000,K,Bulb Type,LED,,,,,,,,,,,,,,,,,,,,,,,,,,,,,,,,,,,,,,,,,,,,,,,,,,,,,,,,,,,,,,,,,,,,,,,,,,,,,,,,,,,,,,,,,,,,,,,,,,,,,,,,,,,,,,,,,,,,,,,,,,,,,,,,,,,,,,,,,,,,,,,,,,,,,,,,,,,,,,,,,,,,,,,,,,,,,,,,,,,,,,,,,,,,,
,,,,,,S11445,Lighting & Electrical,Lamps & Bulbs,LED Bulbs,S11445,S11445,S11445 12W Led Med 30k Motion,-- Unbranded --,-- No Unilog Brand --,-- No DIB Brand --,Satco Prod Inc (5573),Satco Products Inc,-- Unbranded --,,S11445,,Lighting & Electrical>Lamps & Bulbs>LED Bulbs,"Satco Products Inc -- Unbranded --, LED Bulbs, S11445",S11445 12W LED MED 30K MOTION,-- Unbranded -- S11445 LED Bulbs,S11445 12W Led Med 30k Motion,-- Unbranded -- S11445 LED Bulbs,,,,,,,,,,,,,,,,,,,,,,,,,,,LED Bulbs,Wattage,12,W,Color Temperature,30000,K,Bulb Type,LED,,,,,,,,,,,,,,,,,,,,,,,,,,,,,,,,,,,,,,,,,,,,,,,,,,,,,,,,,,,,,,,,,,,,,,,,,,,,,,,,,,,,,,,,,,,,,,,,,,,,,,,,,,,,,,,,,,,,,,,,,,,,,,,,,,,,,,,,,,,,,,,,,,,,,,,,,,,,,,,,,,,,,,,,,,,,,,,,,,,,,,,,,,,,,
,,,,,,567313,Lighting & Electrical,Lamps & Bulbs,LED Bulbs,567313,567313,567313 50W Led MR16 30K 3pk,-- Unbranded --,-- No Unilog Brand --,Philips,Phillips Lighting (5831),Signify (Philips Lighting),Philips,,567313,,Lighting & Electrical>Lamps & Bulbs>LED Bulbs,"Signify (Philips Lighting) Philips, LED Bulbs, 567313",567313 50W LED MR16 30K 3PK,Philips 567313 LED Bulbs,567313 50W Led MR16 30K 3pk,Philips 567313 LED Bulbs,,,,,,,,,,,,,,,,,,,,,,,,,,,LED Bulbs,Wattage,50,W,Color Temperature,30000,K,Pack Quantity,3,,Bulb Type,LED,,Lamp Size,MR16,,,,,,,,,,,,,,,,,,,,,,,,,,,,,,,,,,,,,,,,,,,,,,,,,,,,,,,,,,,,,,,,,,,,,,,,,,,,,,,,,,,,,,,,,,,,,,,,,,,,,,,,,,,,,,,,,,,,,,,,,,,,,,,,,,,,,,,,,,,,,,,,,,,,,,,,,,,,,,,,,,,,,,,,,,,,,,,,,,,,,,,
,,,,,,586875,Lighting & Electrical,Lamps & Bulbs,LED Bulbs,586875,586875,586875 60W Led Multi CCT 4pk,-- Unbranded --,-- No Unilog Brand --,Philips,Phillips Lighting (5831),Signify (Philips Lighting),Philips,,586875,,Lighting & Electrical>Lamps & Bulbs>LED Bulbs,"Signify (Philips Lighting) Philips, LED Bulbs, 586875",586875 60W LED MULTI CCT 4PK,Philips 586875 LED Bulbs,586875 60W Led Multi CCT 4pk,Philips 586875 LED Bulbs,,,,,,,,,,,,,,,,,,,,,,,,,,,LED Bulbs,Wattage,60,W,Pack Quantity,4,,Bulb Type,LED,,,,,,,,,,,,,,,,,,,,,,,,,,,,,,,,,,,,,,,,,,,,,,,,,,,,,,,,,,,,,,,,,,,,,,,,,,,,,,,,,,,,,,,,,,,,,,,,,,,,,,,,,,,,,,,,,,,,,,,,,,,,,,,,,,,,,,,,,,,,,,,,,,,,,,,,,,,,,,,,,,,,,,,,,,,,,,,,,,,,,,,,,,,,,
,,,,,,576355,Lighting & Electrical,Lamps & Bulbs,LED Bulbs,576355,576355,576355 60/100/150 Led Med 50k,-- Unbranded --,-- No Unilog Brand --,Philips,Phillips Lighting (5831),Signify (Philips Lighting),Philips,,576355,,Lighting & Electrical>Lamps & Bulbs>LED Bulbs,"Signify (Philips Lighting) Philips, LED Bulbs, 576355",576355 60/100/150 LED MED 50K,Philips 576355 LED Bulbs,576355 60/100/150 Led Med 50k,Philips 576355 LED Bulbs,,,,,,,,,,,,,,,,,,,,,,,,,,,LED Bulbs,Color Temperature,50000,K,Bulb Type,LED,,,,,,,,,,,,,,,,,,,,,,,,,,,,,,,,,,,,,,,,,,,,,,,,,,,,,,,,,,,,,,,,,,,,,,,,,,,,,,,,,,,,,,,,,,,,,,,,,,,,,,,,,,,,,,,,,,,,,,,,,,,,,,,,,,,,,,,,,,,,,,,,,,,,,,,,,,,,,,,,,,,,,,,,,,,,,,,,,,,,,,,,,,,,,,,,
,,,,,,576363,Lighting & Electrical,Lamps & Bulbs,LED Bulbs,576363,576363,576363 100/150/200 Led Med 27k,-- Unbranded --,-- No Unilog Brand --,Philips,Phillips Lighting (5831),Signify (Philips Lighting),Philips,,576363,,Lighting & Electrical>Lamps & Bulbs>LED Bulbs,"Signify (Philips Lighting) Philips, LED Bulbs, 576363",576363 100/150/200 LED MED 27K,Philips 576363 LED Bulbs,576363 100/150/200 Led Med 27k,Philips 576363 LED Bulbs,,,,,,,,,,,,,,,,,,,,,,,,,,,LED Bulbs,Color Temperature,27000,K,Bulb Type,LED,,,,,,,,,,,,,,,,,,,,,,,,,,,,,,,,,,,,,,,,,,,,,,,,,,,,,,,,,,,,,,,,,,,,,,,,,,,,,,,,,,,,,,,,,,,,,,,,,,,,,,,,,,,,,,,,,,,,,,,,,,,,,,,,,,,,,,,,,,,,,,,,,,,,,,,,,,,,,,,,,,,,,,,,,,,,,,,,,,,,,,,,,,,,,,,,
,,,,,,565374,Lighting & Electrical,Lamps & Bulbs,LED Bulbs,565374,565374,565374 75W Led A19 Med 27k 4pk,-- Unbranded --,-- No Unilog Brand --,Philips,Phillips Lighting (5831),Signify (Philips Lighting),Philips,,565374,,Lighting & Electrical>Lamps & Bulbs>LED Bulbs,"Signify (Philips Lighting) Philips, LED Bulbs, 565374",565374 75W LED A19 MED 27K 4PK,Philips 565374 LED Bulbs,565374 75W Led A19 Med 27k 4pk,Philips 565374 LED Bulbs,,,,,,,,,,,,,,,,,,,,,,,,,,,LED Bulbs,Wattage,75,W,Color Temperature,27000,K,Pack Quantity,4,,Bulb Type,LED,,Lamp Size,A19,,,,,,,,,,,,,,,,,,,,,,,,,,,,,,,,,,,,,,,,,,,,,,,,,,,,,,,,,,,,,,,,,,,,,,,,,,,,,,,,,,,,,,,,,,,,,,,,,,,,,,,,,,,,,,,,,,,,,,,,,,,,,,,,,,,,,,,,,,,,,,,,,,,,,,,,,,,,,,,,,,,,,,,,,,,,,,,,,,,,,,,
,,,,,,565390,Lighting & Electrical,Lamps & Bulbs,LED Bulbs,565390,565390,565390 75W Led A19 Med 50k 4pk,-- Unbranded --,-- No Unilog Brand --,Philips,Phillips Lighting (5831),Signify (Philips Lighting),Philips,,565390,,Lighting & Electrical>Lamps & Bulbs>LED Bulbs,"Signify (Philips Lighting) Philips, LED Bulbs, 565390",565390 75W LED A19 MED 50K 4PK,Philips 565390 LED Bulbs,565390 75W Led A19 Med 50k 4pk,Philips 565390 LED Bulbs,,,,,,,,,,,,,,,,,,,,,,,,,,,LED Bulbs,Wattage,75,W,Color Temperature,50000,K,Pack Quantity,4,,Bulb Type,LED,,Lamp Size,A19,,,,,,,,,,,,,,,,,,,,,,,,,,,,,,,,,,,,,,,,,,,,,,,,,,,,,,,,,,,,,,,,,,,,,,,,,,,,,,,,,,,,,,,,,,,,,,,,,,,,,,,,,,,,,,,,,,,,,,,,,,,,,,,,,,,,,,,,,,,,,,,,,,,,,,,,,,,,,,,,,,,,,,,,,,,,,,,,,,,,,,,
,,,,,,576371,Lighting & Electrical,Lamps & Bulbs,LED Bulbs,576371,576371,576371 100/150/200 Led Med 50k,-- Unbranded --,-- No Unilog Brand --,Philips,Phillips Lighting (5831),Signify (Philips Lighting),Philips,,576371,,Lighting & Electrical>Lamps & Bulbs>LED Bulbs,"Signify (Philips Lighting) Philips, LED Bulbs, 576371",576371 100/150/200 LED MED 50K,Philips 576371 LED Bulbs,576371 100/150/200 Led Med 50k,Philips 576371 LED Bulbs,,,,,,,,,,,,,,,,,,,,,,,,,,,LED Bulbs,Color Temperature,50000,K,Bulb Type,LED,,,,,,,,,,,,,,,,,,,,,,,,,,,,,,,,,,,,,,,,,,,,,,,,,,,,,,,,,,,,,,,,,,,,,,,,,,,,,,,,,,,,,,,,,,,,,,,,,,,,,,,,,,,,,,,,,,,,,,,,,,,,,,,,,,,,,,,,,,,,,,,,,,,,,,,,,,,,,,,,,,,,,,,,,,,,,,,,,,,,,,,,,,,,,,,,
,,,,,,576496,Lighting & Electrical,Lamps & Bulbs,LED Bulbs,576496,576496,576496 45W Led R20 Med 27k,-- Unbranded --,-- No Unilog Brand --,Philips,Phillips Lighting (5831),Signify (Philips Lighting),Philips,,576496,,Lighting & Electrical>Lamps & Bulbs>LED Bulbs,"Signify (Philips Lighting) Philips, LED Bulbs, 576496",576496 45W LED R20 MED 27K,Philips 576496 LED Bulbs,576496 45W Led R20 Med 27k,Philips 576496 LED Bulbs,,,,,,,,,,,,,,,,,,,,,,,,,,,LED Bulbs,Wattage,45,W,Color Temperature,27000,K,Bulb Type,LED,,,,,,,,,,,,,,,,,,,,,,,,,,,,,,,,,,,,,,,,,,,,,,,,,,,,,,,,,,,,,,,,,,,,,,,,,,,,,,,,,,,,,,,,,,,,,,,,,,,,,,,,,,,,,,,,,,,,,,,,,,,,,,,,,,,,,,,,,,,,,,,,,,,,,,,,,,,,,,,,,,,,,,,,,,,,,,,,,,,,,,,,,,,,,
,,,,,,564856,Lighting & Electrical,Lamps & Bulbs,LED Bulbs,564856,564856,564856 40W Led ST19 27k 2pk,-- Unbranded --,-- No Unilog Brand --,Philips,Phillips Lighting (5831),Signify (Philips Lighting),Philips,,564856,,Lighting & Electrical>Lamps & Bulbs>LED Bulbs,"Signify (Philips Lighting) Philips, LED Bulbs, 564856",564856 40W LED ST19 27K 2PK,Philips 564856 LED Bulbs,564856 40W Led ST19 27k 2pk,Philips 564856 LED Bulbs,,,,,,,,,,,,,,,,,,,,,,,,,,,LED Bulbs,Wattage,40,W,Color Temperature,27000,K,Pack Quantity,2,,Bulb Type,LED,,,,,,,,,,,,,,,,,,,,,,,,,,,,,,,,,,,,,,,,,,,,,,,,,,,,,,,,,,,,,,,,,,,,,,,,,,,,,,,,,,,,,,,,,,,,,,,,,,,,,,,,,,,,,,,,,,,,,,,,,,,,,,,,,,,,,,,,,,,,,,,,,,,,,,,,,,,,,,,,,,,,,,,,,,,,,,,,,,,,,,,,,,
,,,,,,565796,Lighting & Electrical,Lamps & Bulbs,LED Bulbs,565796,565796,565796 60W Led A19 Med 20k,-- Unbranded --,-- No Unilog Brand --,Philips,Phillips Lighting (5831),Signify (Philips Lighting),Philips,,565796,,Lighting & Electrical>Lamps & Bulbs>LED Bulbs,"Signify (Philips Lighting) Philips, LED Bulbs, 565796",565796 60W LED A19 MED 20K,Philips 565796 LED Bulbs,565796 60W Led A19 Med 20k,Philips 565796 LED Bulbs,,,,,,,,,,,,,,,,,,,,,,,,,,,LED Bulbs,Wattage,60,W,Color Temperature,20000,K,Bulb Type,LED,,Lamp Size,A19,,,,,,,,,,,,,,,,,,,,,,,,,,,,,,,,,,,,,,,,,,,,,,,,,,,,,,,,,,,,,,,,,,,,,,,,,,,,,,,,,,,,,,,,,,,,,,,,,,,,,,,,,,,,,,,,,,,,,,,,,,,,,,,,,,,,,,,,,,,,,,,,,,,,,,,,,,,,,,,,,,,,,,,,,,,,,,,,,,,,,,,,,,
,,,,,,576389,Lighting & Electrical,Lamps & Bulbs,LED Bulbs,576389,576389,576389 100/200/300 Led Med 27k,-- Unbranded --,-- No Unilog Brand --,Philips,Phillips Lighting (5831),Signify (Philips Lighting),Philips,,576389,,Lighting & Electrical>Lamps & Bulbs>LED Bulbs,"Signify (Philips Lighting) Philips, LED Bulbs, 576389",576389 100/200/300 LED MED 27K,Philips 576389 LED Bulbs,576389 100/200/300 Led Med 27k,Philips 576389 LED Bulbs,,,,,,,,,,,,,,,,,,,,,,,,,,,LED Bulbs,Color Temperature,27000,K,Bulb Type,LED,,,,,,,,,,,,,,,,,,,,,,,,,,,,,,,,,,,,,,,,,,,,,,,,,,,,,,,,,,,,,,,,,,,,,,,,,,,,,,,,,,,,,,,,,,,,,,,,,,,,,,,,,,,,,,,,,,,,,,,,,,,,,,,,,,,,,,,,,,,,,,,,,,,,,,,,,,,,,,,,,,,,,,,,,,,,,,,,,,,,,,,,,,,,,,,,
,,,,,,564492,,,,564492,564492,564492 75W Adj Base 27k 3pk,-- Unbranded --,-- No Unilog Brand --,Philips,Phillips Lighting (5831),Signify (Philips Lighting),Philips,,564492,,,"Signify (Philips Lighting) Philips, Hardware & Tools, 564492",564492 75W ADJ BASE 27K 3PK,Philips 564492 Hardware & Tools,564492 75W Adj Base 27k 3pk,Philips 564492 Hardware & Tools,,,,,,,,,,,,,,,,,,,,,,,,,,,Hardware & Tools,Pack Quantity,3,,,,,,,,,,,,,,,,,,,,,,,,,,,,,,,,,,,,,,,,,,,,,,,,,,,,,,,,,,,,,,,,,,,,,,,,,,,,,,,,,,,,,,,,,,,,,,,,,,,,,,,,,,,,,,,,,,,,,,,,,,,,,,,,,,,,,,,,,,,,,,,,,,,,,,,,,,,,,,,,,,,,,,,,,,,,,,,,,,,,,,,,,,,,,,,,,,,
,,,,,,603449,Lighting & Electrical,Lamps & Bulbs,LED Bulbs,603449,603449,603449 Wiz 60W Led Med Clr Ch,-- Unbranded --,-- No Unilog Brand --,Wiz,Phillips Lighting (5831),Signify (Philips Lighting),-- Unbranded --,,603449,,Lighting & Electrical>Lamps & Bulbs>LED Bulbs,"Signify (Philips Lighting) -- Unbranded --, LED Bulbs, 603449",603449 WIZ 60W LED MED CLR CH,-- Unbranded -- 603449 LED Bulbs,603449 Wiz 60W Led Med Clr Ch,-- Unbranded -- 603449 LED Bulbs,,,,,,,,,,,,,,,,,,,,,,,,,,,LED Bulbs,Wattage,60,W,Bulb Type,LED,,,,,,,,,,,,,,,,,,,,,,,,,,,,,,,,,,,,,,,,,,,,,,,,,,,,,,,,,,,,,,,,,,,,,,,,,,,,,,,,,,,,,,,,,,,,,,,,,,,,,,,,,,,,,,,,,,,,,,,,,,,,,,,,,,,,,,,,,,,,,,,,,,,,,,,,,,,,,,,,,,,,,,,,,,,,,,,,,,,,,,,,,,,,,,,,
,,,,,,586909,Lighting & Electrical,Lamps & Bulbs,LED Bulbs,586909,586909,586909 Led 60W Med A19 27K,-- Unbranded --,-- No Unilog Brand --,Philips,Phillips Lighting (5831),Signify (Philips Lighting),Philips,,586909,,Lighting & Electrical>Lamps & Bulbs>LED Bulbs,"Signify (Philips Lighting) Philips, LED Bulbs, 586909",586909 LED 60W MED A19 27K,Philips 586909 LED Bulbs,586909 Led 60W Med A19 27K,Philips 586909 LED Bulbs,,,,,,,,,,,,,,,,,,,,,,,,,,,LED Bulbs,Wattage,60,W,Color Temperature,27000,K,Bulb Type,LED,,Lamp Size,A19,,,,,,,,,,,,,,,,,,,,,,,,,,,,,,,,,,,,,,,,,,,,,,,,,,,,,,,,,,,,,,,,,,,,,,,,,,,,,,,,,,,,,,,,,,,,,,,,,,,,,,,,,,,,,,,,,,,,,,,,,,,,,,,,,,,,,,,,,,,,,,,,,,,,,,,,,,,,,,,,,,,,,,,,,,,,,,,,,,,,,,,,,,
,,,,,,566364,Lighting & Electrical,Lamps & Bulbs,LED Bulbs,566364,566364,566364 75W Led ST19 27k 4pk,-- Unbranded --,-- No Unilog Brand --,Philips,Phillips Lighting (5831),Signify (Philips Lighting),Philips,,566364,,Lighting & Electrical>Lamps & Bulbs>LED Bulbs,"Signify (Philips Lighting) Philips, LED Bulbs, 566364",566364 75W LED ST19 27K 4PK,Philips 566364 LED Bulbs,566364 75W Led ST19 27k 4pk,Philips 566364 LED Bulbs,,,,,,,,,,,,,,,,,,,,,,,,,,,LED Bulbs,Wattage,75,W,Color Temperature,27000,K,Pack Quantity,4,,Bulb Type,LED,,,,,,,,,,,,,,,,,,,,,,,,,,,,,,,,,,,,,,,,,,,,,,,,,,,,,,,,,,,,,,,,,,,,,,,,,,,,,,,,,,,,,,,,,,,,,,,,,,,,,,,,,,,,,,,,,,,,,,,,,,,,,,,,,,,,,,,,,,,,,,,,,,,,,,,,,,,,,,,,,,,,,,,,,,,,,,,,,,,,,,,,,,
,,,,,,576397,Lighting & Electrical,Lamps & Bulbs,LED Bulbs,576397,576397,576394 100/200/300 Led A23 50k,-- Unbranded --,-- No Unilog Brand --,Philips,Phillips Lighting (5831),Signify (Philips Lighting),Philips,,576397,,Lighting & Electrical>Lamps & Bulbs>LED Bulbs,"Signify (Philips Lighting) Philips, LED Bulbs, 576397",576394 100/200/300 LED A23 50K,Philips 576397 LED Bulbs,576394 100/200/300 Led A23 50k,Philips 576397 LED Bulbs,,,,,,,,,,,,,,,,,,,,,,,,,,,LED Bulbs,Color Temperature,50000,K,Bulb Type,LED,,Lamp Size,A23,,,,,,,,,,,,,,,,,,,,,,,,,,,,,,,,,,,,,,,,,,,,,,,,,,,,,,,,,,,,,,,,,,,,,,,,,,,,,,,,,,,,,,,,,,,,,,,,,,,,,,,,,,,,,,,,,,,,,,,,,,,,,,,,,,,,,,,,,,,,,,,,,,,,,,,,,,,,,,,,,,,,,,,,,,,,,,,,,,,,,,,,,,,,,
,,,,,,571497,Lighting & Electrical,Lamps & Bulbs,LED Bulbs,571497,571497,571497 150W Led Med 27k,-- Unbranded --,-- No Unilog Brand --,Philips,Phillips Lighting (5831),Signify (Philips Lighting),Philips,,571497,,Lighting & Electrical>Lamps & Bulbs>LED Bulbs,"Signify (Philips Lighting) Philips, LED Bulbs, 571497",571497 150W LED MED 27K,Philips 571497 LED Bulbs,571497 150W Led Med 27k,Philips 571497 LED Bulbs,,,,,,,,,,,,,,,,,,,,,,,,,,,LED Bulbs,Wattage,150,W,Color Temperature,27000,K,Bulb Type,LED,,,,,,,,,,,,,,,,,,,,,,,,,,,,,,,,,,,,,,,,,,,,,,,,,,,,,,,,,,,,,,,,,,,,,,,,,,,,,,,,,,,,,,,,,,,,,,,,,,,,,,,,,,,,,,,,,,,,,,,,,,,,,,,,,,,,,,,,,,,,,,,,,,,,,,,,,,,,,,,,,,,,,,,,,,,,,,,,,,,,,,,,,,,,,
,,,,,,576306,Lighting & Electrical,Lamps & Bulbs,LED Bulbs,576306,576306,576306 40W Led A19 5CCT 4pk,-- Unbranded --,-- No Unilog Brand --,Philips,Phillips Lighting (5831),Signify (Philips Lighting),Philips,,576306,,Lighting & Electrical>Lamps & Bulbs>LED Bulbs,"Signify (Philips Lighting) Philips, LED Bulbs, 576306",576306 40W LED A19 5CCT 4PK,Philips 576306 LED Bulbs,576306 40W Led A19 5CCT 4pk,Philips 576306 LED Bulbs,,,,,,,,,,,,,,,,,,,,,,,,,,,LED Bulbs,Wattage,40,W,Pack Quantity,4,,Bulb Type,LED,,Lamp Size,A19,,,,,,,,,,,,,,,,,,,,,,,,,,,,,,,,,,,,,,,,,,,,,,,,,,,,,,,,,,,,,,,,,,,,,,,,,,,,,,,,,,,,,,,,,,,,,,,,,,,,,,,,,,,,,,,,,,,,,,,,,,,,,,,,,,,,,,,,,,,,,,,,,,,,,,,,,,,,,,,,,,,,,,,,,,,,,,,,,,,,,,,,,,
,,,,,,588533,Lighting & Electrical,Lamps & Bulbs,LED Bulbs,588533,588533,588533 40W Led Cand 3pk,-- Unbranded --,-- No Unilog Brand --,Philips,Phillips Lighting (5831),Signify (Philips Lighting),Philips,,588533,,Lighting & Electrical>Lamps & Bulbs>LED Bulbs,"Signify (Philips Lighting) Philips, LED Bulbs, 588533",588533 40W LED CAND 3PK,Philips 588533 LED Bulbs,588533 40W Led Cand 3pk,Philips 588533 LED Bulbs,,,,,,,,,,,,,,,,,,,,,,,,,,,LED Bulbs,Wattage,40,W,Pack Quantity,3,,Bulb Type,LED,,,,,,,,,,,,,,,,,,,,,,,,,,,,,,,,,,,,,,,,,,,,,,,,,,,,,,,,,,,,,,,,,,,,,,,,,,,,,,,,,,,,,,,,,,,,,,,,,,,,,,,,,,,,,,,,,,,,,,,,,,,,,,,,,,,,,,,,,,,,,,,,,,,,,,,,,,,,,,,,,,,,,,,,,,,,,,,,,,,,,,,,,,,,,
,,,,,,576520,Lighting & Electrical,Lamps & Bulbs,LED Bulbs,576520,576520,576520 65W Led Med 27k,-- Unbranded --,-- No Unilog Brand --,Philips,Phillips Lighting (5831),Signify (Philips Lighting),Philips,,576520,,Lighting & Electrical>Lamps & Bulbs>LED Bulbs,"Signify (Philips Lighting) Philips, LED Bulbs, 576520",576520 65W LED MED 27K,Philips 576520 LED Bulbs,576520 65W Led Med 27k,Philips 576520 LED Bulbs,,,,,,,,,,,,,,,,,,,,,,,,,,,LED Bulbs,Wattage,65,W,Color Temperature,27000,K,Bulb Type,LED,,,,,,,,,,,,,,,,,,,,,,,,,,,,,,,,,,,,,,,,,,,,,,,,,,,,,,,,,,,,,,,,,,,,,,,,,,,,,,,,,,,,,,,,,,,,,,,,,,,,,,,,,,,,,,,,,,,,,,,,,,,,,,,,,,,,,,,,,,,,,,,,,,,,,,,,,,,,,,,,,,,,,,,,,,,,,,,,,,,,,,,,,,,,,
,,,,,,574004,Lighting & Electrical,Lamps & Bulbs,LED Bulbs,574004,574004,574004 75W Led ST19 27k 2pk,-- Unbranded --,-- No Unilog Brand --,Philips,Phillips Lighting (5831),Signify (Philips Lighting),Philips,,574004,,Lighting & Electrical>Lamps & Bulbs>LED Bulbs,"Signify (Philips Lighting) Philips, LED Bulbs, 574004",574004 75W LED ST19 27K 2PK,Philips 574004 LED Bulbs,574004 75W Led ST19 27k 2pk,Philips 574004 LED Bulbs,,,,,,,,,,,,,,,,,,,,,,,,,,,LED Bulbs,Wattage,75,W,Color Temperature,27000,K,Pack Quantity,2,,Bulb Type,LED,,,,,,,,,,,,,,,,,,,,,,,,,,,,,,,,,,,,,,,,,,,,,,,,,,,,,,,,,,,,,,,,,,,,,,,,,,,,,,,,,,,,,,,,,,,,,,,,,,,,,,,,,,,,,,,,,,,,,,,,,,,,,,,,,,,,,,,,,,,,,,,,,,,,,,,,,,,,,,,,,,,,,,,,,,,,,,,,,,,,,,,,,,
,,,,,,574012,Lighting & Electrical,Lamps & Bulbs,LED Bulbs,574012,574012,574012 75W Led ST19 50k 2pk,-- Unbranded --,-- No Unilog Brand --,Philips,Phillips Lighting (5831),Signify (Philips Lighting),Philips,,574012,,Lighting & Electrical>Lamps & Bulbs>LED Bulbs,"Signify (Philips Lighting) Philips, LED Bulbs, 574012",574012 75W LED ST19 50K 2PK,Philips 574012 LED Bulbs,574012 75W Led ST19 50k 2pk,Philips 574012 LED Bulbs,,,,,,,,,,,,,,,,,,,,,,,,,,,LED Bulbs,Wattage,75,W,Color Temperature,50000,K,Pack Quantity,2,,Bulb Type,LED,,,,,,,,,,,,,,,,,,,,,,,,,,,,,,,,,,,,,,,,,,,,,,,,,,,,,,,,,,,,,,,,,,,,,,,,,,,,,,,,,,,,,,,,,,,,,,,,,,,,,,,,,,,,,,,,,,,,,,,,,,,,,,,,,,,,,,,,,,,,,,,,,,,,,,,,,,,,,,,,,,,,,,,,,,,,,,,,,,,,,,,,,,
,,,,,,573971,Lighting & Electrical,Lamps & Bulbs,LED Bulbs,573971,573971,573971 75W Led ST19 20k 4pk,-- Unbranded --,-- No Unilog Brand --,Philips,Phillips Lighting (5831),Signify (Philips Lighting),Philips,,573971,,Lighting & Electrical>Lamps & Bulbs>LED Bulbs,"Signify (Philips Lighting) Philips, LED Bulbs, 573971",573971 75W LED ST19 20K 4PK,Philips 573971 LED Bulbs,573971 75W Led ST19 20k 4pk,Philips 573971 LED Bulbs,,,,,,,,,,,,,,,,,,,,,,,,,,,LED Bulbs,Wattage,75,W,Color Temperature,20000,K,Pack Quantity,4,,Bulb Type,LED,,,,,,,,,,,,,,,,,,,,,,,,,,,,,,,,,,,,,,,,,,,,,,,,,,,,,,,,,,,,,,,,,,,,,,,,,,,,,,,,,,,,,,,,,,,,,,,,,,,,,,,,,,,,,,,,,,,,,,,,,,,,,,,,,,,,,,,,,,,,,,,,,,,,,,,,,,,,,,,,,,,,,,,,,,,,,,,,,,,,,,,,,,
,,,,,,573989,Lighting & Electrical,Lamps & Bulbs,LED Bulbs,573989,573989,573989 40W Led Med 27K 4pk,-- Unbranded --,-- No Unilog Brand --,Philips,Phillips Lighting (5831),Signify (Philips Lighting),Philips,,573989,,Lighting & Electrical>Lamps & Bulbs>LED Bulbs,"Signify (Philips Lighting) Philips, LED Bulbs, 573989",573989 40W LED MED 27K 4PK,Philips 573989 LED Bulbs,573989 40W Led Med 27K 4pk,Philips 573989 LED Bulbs,,,,,,,,,,,,,,,,,,,,,,,,,,,LED Bulbs,Wattage,40,W,Color Temperature,27000,K,Pack Quantity,4,,Bulb Type,LED,,,,,,,,,,,,,,,,,,,,,,,,,,,,,,,,,,,,,,,,,,,,,,,,,,,,,,,,,,,,,,,,,,,,,,,,,,,,,,,,,,,,,,,,,,,,,,,,,,,,,,,,,,,,,,,,,,,,,,,,,,,,,,,,,,,,,,,,,,,,,,,,,,,,,,,,,,,,,,,,,,,,,,,,,,,,,,,,,,,,,,,,,,
,,,,,,576769,Lighting & Electrical,Lamps & Bulbs,LED Bulbs,576769,576769,576769 65W Led BR30 Med 27k,-- Unbranded --,-- No Unilog Brand --,Philips,Phillips Lighting (5831),Signify (Philips Lighting),Philips,,576769,,Lighting & Electrical>Lamps & Bulbs>LED Bulbs,"Signify (Philips Lighting) Philips, LED Bulbs, 576769",576769 65W LED BR30 MED 27K,Philips 576769 LED Bulbs,576769 65W Led BR30 Med 27k,Philips 576769 LED Bulbs,,,,,,,,,,,,,,,,,,,,,,,,,,,LED Bulbs,Wattage,65,W,Color Temperature,27000,K,Bulb Type,LED,,Lamp Size,BR30,,,,,,,,,,,,,,,,,,,,,,,,,,,,,,,,,,,,,,,,,,,,,,,,,,,,,,,,,,,,,,,,,,,,,,,,,,,,,,,,,,,,,,,,,,,,,,,,,,,,,,,,,,,,,,,,,,,,,,,,,,,,,,,,,,,,,,,,,,,,,,,,,,,,,,,,,,,,,,,,,,,,,,,,,,,,,,,,,,,,,,,,,,
,,,,,,567446,Lighting & Electrical,Lamps & Bulbs,LED Bulbs,567446,567446,567446 60W Led Med 50K 3pk,-- Unbranded --,-- No Unilog Brand --,Philips,Phillips Lighting (5831),Signify (Philips Lighting),Philips,,567446,,Lighting & Electrical>Lamps & Bulbs>LED Bulbs,"Signify (Philips Lighting) Philips, LED Bulbs, 567446",567446 60W LED MED 50K 3PK,Philips 567446 LED Bulbs,567446 60W Led Med 50K 3pk,Philips 567446 LED Bulbs,,,,,,,,,,,,,,,,,,,,,,,,,,,LED Bulbs,Wattage,60,W,Color Temperature,50000,K,Pack Quantity,3,,Bulb Type,LED,,,,,,,,,,,,,,,,,,,,,,,,,,,,,,,,,,,,,,,,,,,,,,,,,,,,,,,,,,,,,,,,,,,,,,,,,,,,,,,,,,,,,,,,,,,,,,,,,,,,,,,,,,,,,,,,,,,,,,,,,,,,,,,,,,,,,,,,,,,,,,,,,,,,,,,,,,,,,,,,,,,,,,,,,,,,,,,,,,,,,,,,,,
,,,,,,573997,Lighting & Electrical,Lamps & Bulbs,LED Bulbs,573997,573997,573997 40W Led Med 50k 4pk,-- Unbranded --,-- No Unilog Brand --,Philips,Phillips Lighting (5831),Signify (Philips Lighting),Philips,,573997,,Lighting & Electrical>Lamps & Bulbs>LED Bulbs,"Signify (Philips Lighting) Philips, LED Bulbs, 573997",573997 40W LED MED 50K 4PK,Philips 573997 LED Bulbs,573997 40W Led Med 50k 4pk,Philips 573997 LED Bulbs,,,,,,,,,,,,,,,,,,,,,,,,,,,LED Bulbs,Wattage,40,W,Color Temperature,50000,K,Pack Quantity,4,,Bulb Type,LED,,,,,,,,,,,,,,,,,,,,,,,,,,,,,,,,,,,,,,,,,,,,,,,,,,,,,,,,,,,,,,,,,,,,,,,,,,,,,,,,,,,,,,,,,,,,,,,,,,,,,,,,,,,,,,,,,,,,,,,,,,,,,,,,,,,,,,,,,,,,,,,,,,,,,,,,,,,,,,,,,,,,,,,,,,,,,,,,,,,,,,,,,,
,,,,,,571463,Lighting & Electrical,Lamps & Bulbs,LED Bulbs,571463,571463,571463 100W Led BR30 Med 50k,-- Unbranded --,-- No Unilog Brand --,Philips,Phillips Lighting (5831),Signify (Philips Lighting),Philips,,571463,,Lighting & Electrical>Lamps & Bulbs>LED Bulbs,"Signify (Philips Lighting) Philips, LED Bulbs, 571463",571463 100W LED BR30 MED 50K,Philips 571463 LED Bulbs,571463 100W Led BR30 Med 50k,Philips 571463 LED Bulbs,,,,,,,,,,,,,,,,,,,,,,,,,,,LED Bulbs,Wattage,100,W,Color Temperature,50000,K,Bulb Type,LED,,Lamp Size,BR30,,,,,,,,,,,,,,,,,,,,,,,,,,,,,,,,,,,,,,,,,,,,,,,,,,,,,,,,,,,,,,,,,,,,,,,,,,,,,,,,,,,,,,,,,,,,,,,,,,,,,,,,,,,,,,,,,,,,,,,,,,,,,,,,,,,,,,,,,,,,,,,,,,,,,,,,,,,,,,,,,,,,,,,,,,,,,,,,,,,,,,,,,,
,,,,,,576512,Lighting & Electrical,Lamps & Bulbs,LED Bulbs,576512,576512,576512 65W Led BR40 Med 27k,-- Unbranded --,-- No Unilog Brand --,Philips,Phillips Lighting (5831),Signify (Philips Lighting),Philips,,576512,,Lighting & Electrical>Lamps & Bulbs>LED Bulbs,"Signify (Philips Lighting) Philips, LED Bulbs, 576512",576512 65W LED BR40 MED 27K,Philips 576512 LED Bulbs,576512 65W Led BR40 Med 27k,Philips 576512 LED Bulbs,,,,,,,,,,,,,,,,,,,,,,,,,,,LED Bulbs,Wattage,65,W,Color Temperature,27000,K,Bulb Type,LED,,Lamp Size,BR40,,,,,,,,,,,,,,,,,,,,,,,,,,,,,,,,,,,,,,,,,,,,,,,,,,,,,,,,,,,,,,,,,,,,,,,,,,,,,,,,,,,,,,,,,,,,,,,,,,,,,,,,,,,,,,,,,,,,,,,,,,,,,,,,,,,,,,,,,,,,,,,,,,,,,,,,,,,,,,,,,,,,,,,,,,,,,,,,,,,,,,,,,,
,,,,,,581181,Lighting & Electrical,Lamps & Bulbs,LED Bulbs,581181,581181,581181 40W Led Med 2pk,-- Unbranded --,-- No Unilog Brand --,Philips,Phillips Lighting (5831),Signify (Philips Lighting),Philips,,581181,,Lighting & Electrical>Lamps & Bulbs>LED Bulbs,"Signify (Philips Lighting) Philips, LED Bulbs, 581181",581181 40W LED MED 2PK,Philips 581181 LED Bulbs,581181 40W Led Med 2pk,Philips 581181 LED Bulbs,,,,,,,,,,,,,,,,,,,,,,,,,,,LED Bulbs,Wattage,40,W,Pack Quantity,2,,Bulb Type,LED,,,,,,,,,,,,,,,,,,,,,,,,,,,,,,,,,,,,,,,,,,,,,,,,,,,,,,,,,,,,,,,,,,,,,,,,,,,,,,,,,,,,,,,,,,,,,,,,,,,,,,,,,,,,,,,,,,,,,,,,,,,,,,,,,,,,,,,,,,,,,,,,,,,,,,,,,,,,,,,,,,,,,,,,,,,,,,,,,,,,,,,,,,,,,
,,,,,,GT-CB-100C,Lighting & Electrical,Lamps & Bulbs,LED Bulbs,GT-CB-100C,GT-CB-100C,GTCB100C Led 100W Cob Bulb,-- Unbranded --,-- No Unilog Brand --,GT-Lite,Keystone (5702),Keystone,-- Unbranded --,,GT-CB-100C,,Lighting & Electrical>Lamps & Bulbs>LED Bulbs,"Keystone -- Unbranded --, LED Bulbs, GT-CB-100C",GTCB100C LED 100W COB BULB,-- Unbranded -- GT-CB-100C LED Bulbs,GTCB100C Led 100W Cob Bulb,-- Unbranded -- GT-CB-100C LED Bulbs,,,,,,,,,,,,,,,,,,,,,,,,,,,LED Bulbs,Wattage,100,W,Bulb Type,LED,,,,,,,,,,,,,,,,,,,,,,,,,,,,,,,,,,,,,,,,,,,,,,,,,,,,,,,,,,,,,,,,,,,,,,,,,,,,,,,,,,,,,,,,,,,,,,,,,,,,,,,,,,,,,,,,,,,,,,,,,,,,,,,,,,,,,,,,,,,,,,,,,,,,,,,,,,,,,,,,,,,,,,,,,,,,,,,,,,,,,,,,,,,,,,,,
,,,,,,566430,Lighting & Electrical,Lamps & Bulbs,LED Bulbs,566430,566430,566430 75W Led Med 50k 4pk,-- Unbranded --,-- No Unilog Brand --,Philips,Phillips Lighting (5831),Signify (Philips Lighting),Philips,,566430,,Lighting & Electrical>Lamps & Bulbs>LED Bulbs,"Signify (Philips Lighting) Philips, LED Bulbs, 566430",566430 75W LED MED 50K 4PK,Philips 566430 LED Bulbs,566430 75W Led Med 50k 4pk,Philips 566430 LED Bulbs,,,,,,,,,,,,,,,,,,,,,,,,,,,LED Bulbs,Wattage,75,W,Color Temperature,50000,K,Pack Quantity,4,,Bulb Type,LED,,,,,,,,,,,,,,,,,,,,,,,,,,,,,,,,,,,,,,,,,,,,,,,,,,,,,,,,,,,,,,,,,,,,,,,,,,,,,,,,,,,,,,,,,,,,,,,,,,,,,,,,,,,,,,,,,,,,,,,,,,,,,,,,,,,,,,,,,,,,,,,,,,,,,,,,,,,,,,,,,,,,,,,,,,,,,,,,,,,,,,,,,,
,,,,,,568337,Lighting & Electrical,Lamps & Bulbs,LED Bulbs,568337,568337,568337 120W Led Par38 Med 50k,-- Unbranded --,-- No Unilog Brand --,Philips,Phillips Lighting (5831),Signify (Philips Lighting),Philips,,568337,,Lighting & Electrical>Lamps & Bulbs>LED Bulbs,"Signify (Philips Lighting) Philips, LED Bulbs, 568337",568337 120W LED PAR38 MED 50K,Philips 568337 LED Bulbs,568337 120W Led Par38 Med 50k,Philips 568337 LED Bulbs,,,,,,,,,,,,,,,,,,,,,,,,,,,LED Bulbs,Wattage,120,W,Color Temperature,50000,K,Bulb Type,LED,,Lamp Size,PAR38,,,,,,,,,,,,,,,,,,,,,,,,,,,,,,,,,,,,,,,,,,,,,,,,,,,,,,,,,,,,,,,,,,,,,,,,,,,,,,,,,,,,,,,,,,,,,,,,,,,,,,,,,,,,,,,,,,,,,,,,,,,,,,,,,,,,,,,,,,,,,,,,,,,,,,,,,,,,,,,,,,,,,,,,,,,,,,,,,,,,,,,,,,
,,,,,,565788,Lighting & Electrical,Lamps & Bulbs,LED Bulbs,565788,565788,565788 40W Led A19 Med 27k,-- Unbranded --,-- No Unilog Brand --,Philips,Phillips Lighting (5831),Signify (Philips Lighting),Philips,,565788,,Lighting & Electrical>Lamps & Bulbs>LED Bulbs,"Signify (Philips Lighting) Philips, LED Bulbs, 565788",565788 40W LED A19 MED 27K,Philips 565788 LED Bulbs,565788 40W Led A19 Med 27k,Philips 565788 LED Bulbs,,,,,,,,,,,,,,,,,,,,,,,,,,,LED Bulbs,Wattage,40,W,Color Temperature,27000,K,Bulb Type,LED,,Lamp Size,A19,,,,,,,,,,,,,,,,,,,,,,,,,,,,,,,,,,,,,,,,,,,,,,,,,,,,,,,,,,,,,,,,,,,,,,,,,,,,,,,,,,,,,,,,,,,,,,,,,,,,,,,,,,,,,,,,,,,,,,,,,,,,,,,,,,,,,,,,,,,,,,,,,,,,,,,,,,,,,,,,,,,,,,,,,,,,,,,,,,,,,,,,,,
,,,,,,565770,Lighting & Electrical,Lamps & Bulbs,LED Bulbs,565770,565770,565770 40W Led A19 Med 50k,-- Unbranded --,-- No Unilog Brand --,Philips,Phillips Lighting (5831),Signify (Philips Lighting),Philips,,565770,,Lighting & Electrical>Lamps & Bulbs>LED Bulbs,"Signify (Philips Lighting) Philips, LED Bulbs, 565770",565770 40W LED A19 MED 50K,Philips 565770 LED Bulbs,565770 40W Led A19 Med 50k,Philips 565770 LED Bulbs,,,,,,,,,,,,,,,,,,,,,,,,,,,LED Bulbs,Wattage,40,W,Color Temperature,50000,K,Bulb Type,LED,,Lamp Size,A19,,,,,,,,,,,,,,,,,,,,,,,,,,,,,,,,,,,,,,,,,,,,,,,,,,,,,,,,,,,,,,,,,,,,,,,,,,,,,,,,,,,,,,,,,,,,,,,,,,,,,,,,,,,,,,,,,,,,,,,,,,,,,,,,,,,,,,,,,,,,,,,,,,,,,,,,,,,,,,,,,,,,,,,,,,,,,,,,,,,,,,,,,,
,,,,,,573436,Lighting & Electrical,Lamps & Bulbs,LED Bulbs,573436,573436,573436 60W Led A19 Med 27k 2pk,-- Unbranded --,-- No Unilog Brand --,Philips,Phillips Lighting (5831),Signify (Philips Lighting),Philips,,573436,,Lighting & Electrical>Lamps & Bulbs>LED Bulbs,"Signify (Philips Lighting) Philips, LED Bulbs, 573436",573436 60W LED A19 MED 27K 2PK,Philips 573436 LED Bulbs,573436 60W Led A19 Med 27k 2pk,Philips 573436 LED Bulbs,,,,,,,,,,,,,,,,,,,,,,,,,,,LED Bulbs,Wattage,60,W,Color Temperature,27000,K,Pack Quantity,2,,Bulb Type,LED,,Lamp Size,A19,,,,,,,,,,,,,,,,,,,,,,,,,,,,,,,,,,,,,,,,,,,,,,,,,,,,,,,,,,,,,,,,,,,,,,,,,,,,,,,,,,,,,,,,,,,,,,,,,,,,,,,,,,,,,,,,,,,,,,,,,,,,,,,,,,,,,,,,,,,,,,,,,,,,,,,,,,,,,,,,,,,,,,,,,,,,,,,,,,,,,,,
,,,,,,576538,Lighting & Electrical,Lamps & Bulbs,LED Bulbs,576538,576538,576538 65W Led BR30 Med 50k,-- Unbranded --,-- No Unilog Brand --,Philips,Phillips Lighting (5831),Signify (Philips Lighting),Philips,,576538,,Lighting & Electrical>Lamps & Bulbs>LED Bulbs,"Signify (Philips Lighting) Philips, LED Bulbs, 576538",576538 65W LED BR30 MED 50K,Philips 576538 LED Bulbs,576538 65W Led BR30 Med 50k,Philips 576538 LED Bulbs,,,,,,,,,,,,,,,,,,,,,,,,,,,LED Bulbs,Wattage,65,W,Color Temperature,50000,K,Bulb Type,LED,,Lamp Size,BR30,,,,,,,,,,,,,,,,,,,,,,,,,,,,,,,,,,,,,,,,,,,,,,,,,,,,,,,,,,,,,,,,,,,,,,,,,,,,,,,,,,,,,,,,,,,,,,,,,,,,,,,,,,,,,,,,,,,,,,,,,,,,,,,,,,,,,,,,,,,,,,,,,,,,,,,,,,,,,,,,,,,,,,,,,,,,,,,,,,,,,,,,,,
,,,,,,573451,Lighting & Electrical,Lamps & Bulbs,LED Bulbs,573451,573451,573451 40W Led Med 27k 2pk,-- Unbranded --,-- No Unilog Brand --,Philips,Phillips Lighting (5831),Signify (Philips Lighting),Philips,,573451,,Lighting & Electrical>Lamps & Bulbs>LED Bulbs,"Signify (Philips Lighting) Philips, LED Bulbs, 573451",573451 40W LED MED 27K 2PK,Philips 573451 LED Bulbs,573451 40W Led Med 27k 2pk,Philips 573451 LED Bulbs,,,,,,,,,,,,,,,,,,,,,,,,,,,LED Bulbs,Wattage,40,W,Color Temperature,27000,K,Pack Quantity,2,,Bulb Type,LED,,,,,,,,,,,,,,,,,,,,,,,,,,,,,,,,,,,,,,,,,,,,,,,,,,,,,,,,,,,,,,,,,,,,,,,,,,,,,,,,,,,,,,,,,,,,,,,,,,,,,,,,,,,,,,,,,,,,,,,,,,,,,,,,,,,,,,,,,,,,,,,,,,,,,,,,,,,,,,,,,,,,,,,,,,,,,,,,,,,,,,,,,,
,,,,,,586883,Lighting & Electrical,Lamps & Bulbs,LED Bulbs,586883,586883,586883 100W Led Multi CCT 2pk,-- Unbranded --,-- No Unilog Brand --,Philips,Phillips Lighting (5831),Signify (Philips Lighting),Philips,,586883,,Lighting & Electrical>Lamps & Bulbs>LED Bulbs,"Signify (Philips Lighting) Philips, LED Bulbs, 586883",586883 100W LED MULTI CCT 2PK,Philips 586883 LED Bulbs,586883 100W Led Multi CCT 2pk,Philips 586883 LED Bulbs,,,,,,,,,,,,,,,,,,,,,,,,,,,LED Bulbs,Wattage,100,W,Pack Quantity,2,,Bulb Type,LED,,,,,,,,,,,,,,,,,,,,,,,,,,,,,,,,,,,,,,,,,,,,,,,,,,,,,,,,,,,,,,,,,,,,,,,,,,,,,,,,,,,,,,,,,,,,,,,,,,,,,,,,,,,,,,,,,,,,,,,,,,,,,,,,,,,,,,,,,,,,,,,,,,,,,,,,,,,,,,,,,,,,,,,,,,,,,,,,,,,,,,,,,,,,,
,,,,,,586859,Lighting & Electrical,Lamps & Bulbs,LED Bulbs,586859,586859,586859 40W Led Med 27K Back Up,-- Unbranded --,-- No Unilog Brand --,Philips,Phillips Lighting (5831),Signify (Philips Lighting),Philips,,586859,,Lighting & Electrical>Lamps & Bulbs>LED Bulbs,"Signify (Philips Lighting) Philips, LED Bulbs, 586859",586859 40W LED MED 27K BACK UP,Philips 586859 LED Bulbs,586859 40W Led Med 27K Back Up,Philips 586859 LED Bulbs,,,,,,,,,,,,,,,,,,,,,,,,,,,LED Bulbs,Wattage,40,W,Color Temperature,27000,K,Bulb Type,LED,,,,,,,,,,,,,,,,,,,,,,,,,,,,,,,,,,,,,,,,,,,,,,,,,,,,,,,,,,,,,,,,,,,,,,,,,,,,,,,,,,,,,,,,,,,,,,,,,,,,,,,,,,,,,,,,,,,,,,,,,,,,,,,,,,,,,,,,,,,,,,,,,,,,,,,,,,,,,,,,,,,,,,,,,,,,,,,,,,,,,,,,,,,,,
,,,,,,576488,Lighting & Electrical,Lamps & Bulbs,LED Bulbs,576488,576488,576488 45W Led R20 Med 50k,-- Unbranded --,-- No Unilog Brand --,Philips,Phillips Lighting (5831),Signify (Philips Lighting),Philips,,576488,,Lighting & Electrical>Lamps & Bulbs>LED Bulbs,"Signify (Philips Lighting) Philips, LED Bulbs, 576488",576488 45W LED R20 MED 50K,Philips 576488 LED Bulbs,576488 45W Led R20 Med 50k,Philips 576488 LED Bulbs,,,,,,,,,,,,,,,,,,,,,,,,,,,LED Bulbs,Wattage,45,W,Color Temperature,50000,K,Bulb Type,LED,,,,,,,,,,,,,,,,,,,,,,,,,,,,,,,,,,,,,,,,,,,,,,,,,,,,,,,,,,,,,,,,,,,,,,,,,,,,,,,,,,,,,,,,,,,,,,,,,,,,,,,,,,,,,,,,,,,,,,,,,,,,,,,,,,,,,,,,,,,,,,,,,,,,,,,,,,,,,,,,,,,,,,,,,,,,,,,,,,,,,,,,,,,,,
,,,,,,575217,Lighting & Electrical,Lamps & Bulbs,LED Bulbs,575217,575217,575217 60W Led Med 50k 2pk,-- Unbranded --,-- No Unilog Brand --,Philips,Phillips Lighting (5831),Signify (Philips Lighting),Philips,,575217,,Lighting & Electrical>Lamps & Bulbs>LED Bulbs,"Signify (Philips Lighting) Philips, LED Bulbs, 575217",575217 60W LED MED 50K 2PK,Philips 575217 LED Bulbs,575217 60W Led Med 50k 2pk,Philips 575217 LED Bulbs,,,,,,,,,,,,,,,,,,,,,,,,,,,LED Bulbs,Wattage,60,W,Color Temperature,50000,K,Pack Quantity,2,,Bulb Type,LED,,,,,,,,,,,,,,,,,,,,,,,,,,,,,,,,,,,,,,,,,,,,,,,,,,,,,,,,,,,,,,,,,,,,,,,,,,,,,,,,,,,,,,,,,,,,,,,,,,,,,,,,,,,,,,,,,,,,,,,,,,,,,,,,,,,,,,,,,,,,,,,,,,,,,,,,,,,,,,,,,,,,,,,,,,,,,,,,,,,,,,,,,,
,,,,,,586479,Lighting & Electrical,Lamps & Bulbs,LED Bulbs,586479,586479,586479 90W Led Med Multi CCT,-- Unbranded --,-- No Unilog Brand --,Philips,Phillips Lighting (5831),Signify (Philips Lighting),Philips,,586479,,Lighting & Electrical>Lamps & Bulbs>LED Bulbs,"Signify (Philips Lighting) Philips, LED Bulbs, 586479",586479 90W LED MED MULTI CCT,Philips 586479 LED Bulbs,586479 90W Led Med Multi CCT,Philips 586479 LED Bulbs,,,,,,,,,,,,,,,,,,,,,,,,,,,LED Bulbs,Wattage,90,W,Bulb Type,LED,,,,,,,,,,,,,,,,,,,,,,,,,,,,,,,,,,,,,,,,,,,,,,,,,,,,,,,,,,,,,,,,,,,,,,,,,,,,,,,,,,,,,,,,,,,,,,,,,,,,,,,,,,,,,,,,,,,,,,,,,,,,,,,,,,,,,,,,,,,,,,,,,,,,,,,,,,,,,,,,,,,,,,,,,,,,,,,,,,,,,,,,,,,,,,,,
,,,,,,571471,Lighting & Electrical,Lamps & Bulbs,LED Bulbs,571471,571471,571471 100W Led BR30 Med 27k,-- Unbranded --,-- No Unilog Brand --,Philips,Phillips Lighting (5831),Signify (Philips Lighting),Philips,,571471,,Lighting & Electrical>Lamps & Bulbs>LED Bulbs,"Signify (Philips Lighting) Philips, LED Bulbs, 571471",571471 100W LED BR30 MED 27K,Philips 571471 LED Bulbs,571471 100W Led BR30 Med 27k,Philips 571471 LED Bulbs,,,,,,,,,,,,,,,,,,,,,,,,,,,LED Bulbs,Wattage,100,W,Color Temperature,27000,K,Bulb Type,LED,,Lamp Size,BR30,,,,,,,,,,,,,,,,,,,,,,,,,,,,,,,,,,,,,,,,,,,,,,,,,,,,,,,,,,,,,,,,,,,,,,,,,,,,,,,,,,,,,,,,,,,,,,,,,,,,,,,,,,,,,,,,,,,,,,,,,,,,,,,,,,,,,,,,,,,,,,,,,,,,,,,,,,,,,,,,,,,,,,,,,,,,,,,,,,,,,,,,,,
,,,,,,570762,Lighting & Electrical,Lamps & Bulbs,LED Bulbs,570762,570762,570762 50W Led Par16 30k 3pk,-- Unbranded --,-- No Unilog Brand --,Philips,Phillips Lighting (5831),Signify (Philips Lighting),Philips,,570762,,Lighting & Electrical>Lamps & Bulbs>LED Bulbs,"Signify (Philips Lighting) Philips, LED Bulbs, 570762",570762 50W LED PAR16 30K 3PK,Philips 570762 LED Bulbs,570762 50W Led Par16 30k 3pk,Philips 570762 LED Bulbs,,,,,,,,,,,,,,,,,,,,,,,,,,,LED Bulbs,Wattage,50,W,Color Temperature,30000,K,Pack Quantity,3,,Bulb Type,LED,,Lamp Size,PAR16,,,,,,,,,,,,,,,,,,,,,,,,,,,,,,,,,,,,,,,,,,,,,,,,,,,,,,,,,,,,,,,,,,,,,,,,,,,,,,,,,,,,,,,,,,,,,,,,,,,,,,,,,,,,,,,,,,,,,,,,,,,,,,,,,,,,,,,,,,,,,,,,,,,,,,,,,,,,,,,,,,,,,,,,,,,,,,,,,,,,,,,
,,,,,,533352,Lighting & Electrical,Lamps & Bulbs,LED Bulbs,533352,533352,571505 150W Led Med 50k,-- Unbranded --,-- No Unilog Brand --,Philips,Phillips Lighting (5831),Signify (Philips Lighting),Philips,,533352,,Lighting & Electrical>Lamps & Bulbs>LED Bulbs,"Signify (Philips Lighting) Philips, LED Bulbs, 533352",571505 150W LED MED 50K,Philips 533352 LED Bulbs,571505 150W Led Med 50k,Philips 533352 LED Bulbs,,,,,,,,,,,,,,,,,,,,,,,,,,,LED Bulbs,Wattage,150,W,Color Temperature,50000,K,Bulb Type,LED,,,,,,,,,,,,,,,,,,,,,,,,,,,,,,,,,,,,,,,,,,,,,,,,,,,,,,,,,,,,,,,,,,,,,,,,,,,,,,,,,,,,,,,,,,,,,,,,,,,,,,,,,,,,,,,,,,,,,,,,,,,,,,,,,,,,,,,,,,,,,,,,,,,,,,,,,,,,,,,,,,,,,,,,,,,,,,,,,,,,,,,,,,,,,
,,,,,,573519,Lighting & Electrical,Lamps & Bulbs,LED Bulbs,573519,573519,573519 100W Led A21 27k 2pk,-- Unbranded --,-- No Unilog Brand --,Philips,Phillips Lighting (5831),Signify (Philips Lighting),Philips,,573519,,Lighting & Electrical>Lamps & Bulbs>LED Bulbs,"Signify (Philips Lighting) Philips, LED Bulbs, 573519",573519 100W LED A21 27K 2PK,Philips 573519 LED Bulbs,573519 100W Led A21 27k 2pk,Philips 573519 LED Bulbs,,,,,,,,,,,,,,,,,,,,,,,,,,,LED Bulbs,Wattage,100,W,Color Temperature,27000,K,Pack Quantity,2,,Bulb Type,LED,,Lamp Size,A21,,,,,,,,,,,,,,,,,,,,,,,,,,,,,,,,,,,,,,,,,,,,,,,,,,,,,,,,,,,,,,,,,,,,,,,,,,,,,,,,,,,,,,,,,,,,,,,,,,,,,,,,,,,,,,,,,,,,,,,,,,,,,,,,,,,,,,,,,,,,,,,,,,,,,,,,,,,,,,,,,,,,,,,,,,,,,,,,,,,,,,,
,,,,,,573378,Lighting & Electrical,Lamps & Bulbs,LED Bulbs,573378,573378,573378 60W Led Med 27k 3pk,-- Unbranded --,-- No Unilog Brand --,Philips,Phillips Lighting (5831),Signify (Philips Lighting),Philips,,573378,,Lighting & Electrical>Lamps & Bulbs>LED Bulbs,"Signify (Philips Lighting) Philips, LED Bulbs, 573378",573378 60W LED MED 27K 3PK,Philips 573378 LED Bulbs,573378 60W Led Med 27k 3pk,Philips 573378 LED Bulbs,,,,,,,,,,,,,,,,,,,,,,,,,,,LED Bulbs,Wattage,60,W,Color Temperature,27000,K,Pack Quantity,3,,Bulb Type,LED,,,,,,,,,,,,,,,,,,,,,,,,,,,,,,,,,,,,,,,,,,,,,,,,,,,,,,,,,,,,,,,,,,,,,,,,,,,,,,,,,,,,,,,,,,,,,,,,,,,,,,,,,,,,,,,,,,,,,,,,,,,,,,,,,,,,,,,,,,,,,,,,,,,,,,,,,,,,,,,,,,,,,,,,,,,,,,,,,,,,,,,,,,
,,,,,,565622,Lighting & Electrical,Lamps & Bulbs,LED Bulbs,565622,565622,565622 60W Led Med 20k,-- Unbranded --,-- No Unilog Brand --,Philips,Phillips Lighting (5831),Signify (Philips Lighting),Philips,,565622,,Lighting & Electrical>Lamps & Bulbs>LED Bulbs,"Signify (Philips Lighting) Philips, LED Bulbs, 565622",565622 60W LED MED 20K,Philips 565622 LED Bulbs,565622 60W Led Med 20k,Philips 565622 LED Bulbs,,,,,,,,,,,,,,,,,,,,,,,,,,,LED Bulbs,Wattage,60,W,Color Temperature,20000,K,Bulb Type,LED,,,,,,,,,,,,,,,,,,,,,,,,,,,,,,,,,,,,,,,,,,,,,,,,,,,,,,,,,,,,,,,,,,,,,,,,,,,,,,,,,,,,,,,,,,,,,,,,,,,,,,,,,,,,,,,,,,,,,,,,,,,,,,,,,,,,,,,,,,,,,,,,,,,,,,,,,,,,,,,,,,,,,,,,,,,,,,,,,,,,,,,,,,,,,
,,,,,,586891,Lighting & Electrical,Lamps & Bulbs,LED Bulbs,586891,586891,586891 Led 60W Med A19 27k,-- Unbranded --,-- No Unilog Brand --,Philips,Phillips Lighting (5831),Signify (Philips Lighting),Philips,,586891,,Lighting & Electrical>Lamps & Bulbs>LED Bulbs,"Signify (Philips Lighting) Philips, LED Bulbs, 586891",586891 LED 60W MED A19 27K,Philips 586891 LED Bulbs,586891 Led 60W Med A19 27k,Philips 586891 LED Bulbs,,,,,,,,,,,,,,,,,,,,,,,,,,,LED Bulbs,Wattage,60,W,Color Temperature,27000,K,Bulb Type,LED,,Lamp Size,A19,,,,,,,,,,,,,,,,,,,,,,,,,,,,,,,,,,,,,,,,,,,,,,,,,,,,,,,,,,,,,,,,,,,,,,,,,,,,,,,,,,,,,,,,,,,,,,,,,,,,,,,,,,,,,,,,,,,,,,,,,,,,,,,,,,,,,,,,,,,,,,,,,,,,,,,,,,,,,,,,,,,,,,,,,,,,,,,,,,,,,,,,,,
,,,,,,585448,Lighting & Electrical,Lamps & Bulbs,LED Bulbs,585448,585448,585448 120W Led Motion Bulb,-- Unbranded --,-- No Unilog Brand --,Philips,Phillips Lighting (5831),Signify (Philips Lighting),Philips,,585448,,Lighting & Electrical>Lamps & Bulbs>LED Bulbs,"Signify (Philips Lighting) Philips, LED Bulbs, 585448",585448 120W LED MOTION BULB,Philips 585448 LED Bulbs,585448 120W Led Motion Bulb,Philips 585448 LED Bulbs,,,,,,,,,,,,,,,,,,,,,,,,,,,LED Bulbs,Wattage,120,W,Bulb Type,LED,,,,,,,,,,,,,,,,,,,,,,,,,,,,,,,,,,,,,,,,,,,,,,,,,,,,,,,,,,,,,,,,,,,,,,,,,,,,,,,,,,,,,,,,,,,,,,,,,,,,,,,,,,,,,,,,,,,,,,,,,,,,,,,,,,,,,,,,,,,,,,,,,,,,,,,,,,,,,,,,,,,,,,,,,,,,,,,,,,,,,,,,,,,,,,,,
,,,,,,573444,Lighting & Electrical,Lamps & Bulbs,LED Bulbs,573444,573444,573444 60W Led A19 Med 50k 2pk,-- Unbranded --,-- No Unilog Brand --,Philips,Phillips Lighting (5831),Signify (Philips Lighting),Philips,,573444,,Lighting & Electrical>Lamps & Bulbs>LED Bulbs,"Signify (Philips Lighting) Philips, LED Bulbs, 573444",573444 60W LED A19 MED 50K 2PK,Philips 573444 LED Bulbs,573444 60W Led A19 Med 50k 2pk,Philips 573444 LED Bulbs,,,,,,,,,,,,,,,,,,,,,,,,,,,LED Bulbs,Wattage,60,W,Color Temperature,50000,K,Pack Quantity,2,,Bulb Type,LED,,Lamp Size,A19,,,,,,,,,,,,,,,,,,,,,,,,,,,,,,,,,,,,,,,,,,,,,,,,,,,,,,,,,,,,,,,,,,,,,,,,,,,,,,,,,,,,,,,,,,,,,,,,,,,,,,,,,,,,,,,,,,,,,,,,,,,,,,,,,,,,,,,,,,,,,,,,,,,,,,,,,,,,,,,,,,,,,,,,,,,,,,,,,,,,,,,
,,,,,,566687,Lighting & Electrical,Lamps & Bulbs,LED Bulbs,566687,566687,566687 60W Cand Led 27k 3pk,-- Unbranded --,-- No Unilog Brand --,Philips,Phillips Lighting (5831),Signify (Philips Lighting),Philips,,566687,,Lighting & Electrical>Lamps & Bulbs>LED Bulbs,"Signify (Philips Lighting) Philips, LED Bulbs, 566687",566687 60W CAND LED 27K 3PK,Philips 566687 LED Bulbs,566687 60W Cand Led 27k 3pk,Philips 566687 LED Bulbs,,,,,,,,,,,,,,,,,,,,,,,,,,,LED Bulbs,Wattage,60,W,Color Temperature,27000,K,Pack Quantity,3,,Bulb Type,LED,,,,,,,,,,,,,,,,,,,,,,,,,,,,,,,,,,,,,,,,,,,,,,,,,,,,,,,,,,,,,,,,,,,,,,,,,,,,,,,,,,,,,,,,,,,,,,,,,,,,,,,,,,,,,,,,,,,,,,,,,,,,,,,,,,,,,,,,,,,,,,,,,,,,,,,,,,,,,,,,,,,,,,,,,,,,,,,,,,,,,,,,,,
,,,,,,564385,Lighting & Electrical,Lamps & Bulbs,LED Bulbs,564385,564385,564385 40w Led Med 27k 2pk,-- Unbranded --,-- No Unilog Brand --,Philips,Phillips Lighting (5831),Signify (Philips Lighting),Philips,,564385,,Lighting & Electrical>Lamps & Bulbs>LED Bulbs,"Signify (Philips Lighting) Philips, LED Bulbs, 564385",564385 40W LED MED 27K 2PK,Philips 564385 LED Bulbs,564385 40w Led Med 27k 2pk,Philips 564385 LED Bulbs,,,,,,,,,,,,,,,,,,,,,,,,,,,LED Bulbs,Wattage,40,W,Color Temperature,27000,K,Pack Quantity,2,,Bulb Type,LED,,,,,,,,,,,,,,,,,,,,,,,,,,,,,,,,,,,,,,,,,,,,,,,,,,,,,,,,,,,,,,,,,,,,,,,,,,,,,,,,,,,,,,,,,,,,,,,,,,,,,,,,,,,,,,,,,,,,,,,,,,,,,,,,,,,,,,,,,,,,,,,,,,,,,,,,,,,,,,,,,,,,,,,,,,,,,,,,,,,,,,,,,,
,,,,,,566661,Lighting & Electrical,Lamps & Bulbs,LED Bulbs,566661,566661,566661 40W LED Cand 27k 3pk,-- Unbranded --,-- No Unilog Brand --,Philips,Phillips Lighting (5831),Signify (Philips Lighting),Philips,,566661,,Lighting & Electrical>Lamps & Bulbs>LED Bulbs,"Signify (Philips Lighting) Philips, LED Bulbs, 566661",566661 40W LED CAND 27K 3PK,Philips 566661 LED Bulbs,566661 40W LED Cand 27k 3pk,Philips 566661 LED Bulbs,,,,,,,,,,,,,,,,,,,,,,,,,,,LED Bulbs,Wattage,40,W,Color Temperature,27000,K,Pack Quantity,3,,Bulb Type,LED,,,,,,,,,,,,,,,,,,,,,,,,,,,,,,,,,,,,,,,,,,,,,,,,,,,,,,,,,,,,,,,,,,,,,,,,,,,,,,,,,,,,,,,,,,,,,,,,,,,,,,,,,,,,,,,,,,,,,,,,,,,,,,,,,,,,,,,,,,,,,,,,,,,,,,,,,,,,,,,,,,,,,,,,,,,,,,,,,,,,,,,,,,
,,,,,,564898,Lighting & Electrical,Lamps & Bulbs,LED Bulbs,564898,564898,564898 60W Cand Led 50k 3pk,-- Unbranded --,-- No Unilog Brand --,Philips,Phillips Lighting (5831),Signify (Philips Lighting),Philips,,564898,,Lighting & Electrical>Lamps & Bulbs>LED Bulbs,"Signify (Philips Lighting) Philips, LED Bulbs, 564898",564898 60W CAND LED 50K 3PK,Philips 564898 LED Bulbs,564898 60W Cand Led 50k 3pk,Philips 564898 LED Bulbs,,,,,,,,,,,,,,,,,,,,,,,,,,,LED Bulbs,Wattage,60,W,Color Temperature,50000,K,Pack Quantity,3,,Bulb Type,LED,,,,,,,,,,,,,,,,,,,,,,,,,,,,,,,,,,,,,,,,,,,,,,,,,,,,,,,,,,,,,,,,,,,,,,,,,,,,,,,,,,,,,,,,,,,,,,,,,,,,,,,,,,,,,,,,,,,,,,,,,,,,,,,,,,,,,,,,,,,,,,,,,,,,,,,,,,,,,,,,,,,,,,,,,,,,,,,,,,,,,,,,,,
,,,,,,538319,Lighting & Electrical,Lamps & Bulbs,LED Bulbs,538319,538319,588525 40W Led Cand 3pk,-- Unbranded --,-- No Unilog Brand --,Philips,Phillips Lighting (5831),Signify (Philips Lighting),Philips,,538319,,Lighting & Electrical>Lamps & Bulbs>LED Bulbs,"Signify (Philips Lighting) Philips, LED Bulbs, 538319",588525 40W LED CAND 3PK,Philips 538319 LED Bulbs,588525 40W Led Cand 3pk,Philips 538319 LED Bulbs,,,,,,,,,,,,,,,,,,,,,,,,,,,LED Bulbs,Wattage,40,W,Pack Quantity,3,,Bulb Type,LED,,,,,,,,,,,,,,,,,,,,,,,,,,,,,,,,,,,,,,,,,,,,,,,,,,,,,,,,,,,,,,,,,,,,,,,,,,,,,,,,,,,,,,,,,,,,,,,,,,,,,,,,,,,,,,,,,,,,,,,,,,,,,,,,,,,,,,,,,,,,,,,,,,,,,,,,,,,,,,,,,,,,,,,,,,,,,,,,,,,,,,,,,,,,,
,,,,,,576009,Lighting & Electrical,Lamps & Bulbs,LED Bulbs,576009,576009,576009 100W Led Par30L Med 50k,-- Unbranded --,-- No Unilog Brand --,Philips,Phillips Lighting (5831),Signify (Philips Lighting),Philips,,576009,,Lighting & Electrical>Lamps & Bulbs>LED Bulbs,"Signify (Philips Lighting) Philips, LED Bulbs, 576009",576009 100W LED PAR30L MED 50K,Philips 576009 LED Bulbs,576009 100W Led Par30L Med 50k,Philips 576009 LED Bulbs,,,,,,,,,,,,,,,,,,,,,,,,,,,LED Bulbs,Wattage,100,W,Color Temperature,50000,K,Bulb Type,LED,,,,,,,,,,,,,,,,,,,,,,,,,,,,,,,,,,,,,,,,,,,,,,,,,,,,,,,,,,,,,,,,,,,,,,,,,,,,,,,,,,,,,,,,,,,,,,,,,,,,,,,,,,,,,,,,,,,,,,,,,,,,,,,,,,,,,,,,,,,,,,,,,,,,,,,,,,,,,,,,,,,,,,,,,,,,,,,,,,,,,,,,,,,,,
,,,,,,564450,Lighting & Electrical,Lamps & Bulbs,LED Bulbs,564450,564450,564450 40W Led Cand 27k 2pk,-- Unbranded --,-- No Unilog Brand --,Philips,Phillips Lighting (5831),Signify (Philips Lighting),Philips,,564450,,Lighting & Electrical>Lamps & Bulbs>LED Bulbs,"Signify (Philips Lighting) Philips, LED Bulbs, 564450",564450 40W LED CAND 27K 2PK,Philips 564450 LED Bulbs,564450 40W Led Cand 27k 2pk,Philips 564450 LED Bulbs,,,,,,,,,,,,,,,,,,,,,,,,,,,LED Bulbs,Wattage,40,W,Color Temperature,27000,K,Pack Quantity,2,,Bulb Type,LED,,,,,,,,,,,,,,,,,,,,,,,,,,,,,,,,,,,,,,,,,,,,,,,,,,,,,,,,,,,,,,,,,,,,,,,,,,,,,,,,,,,,,,,,,,,,,,,,,,,,,,,,,,,,,,,,,,,,,,,,,,,,,,,,,,,,,,,,,,,,,,,,,,,,,,,,,,,,,,,,,,,,,,,,,,,,,,,,,,,,,,,,,,
,,,,,,572669,Lighting & Electrical,Lamps & Bulbs,LED Bulbs,572669,572669,572669 60W Led F15 Med 27k,-- Unbranded --,-- No Unilog Brand --,Philips,Phillips Lighting (5831),Signify (Philips Lighting),Philips,,572669,,Lighting & Electrical>Lamps & Bulbs>LED Bulbs,"Signify (Philips Lighting) Philips, LED Bulbs, 572669",572669 60W LED F15 MED 27K,Philips 572669 LED Bulbs,572669 60W Led F15 Med 27k,Philips 572669 LED Bulbs,,,,,,,,,,,,,,,,,,,,,,,,,,,LED Bulbs,Wattage,60,W,Color Temperature,27000,K,Bulb Type,LED,,,,,,,,,,,,,,,,,,,,,,,,,,,,,,,,,,,,,,,,,,,,,,,,,,,,,,,,,,,,,,,,,,,,,,,,,,,,,,,,,,,,,,,,,,,,,,,,,,,,,,,,,,,,,,,,,,,,,,,,,,,,,,,,,,,,,,,,,,,,,,,,,,,,,,,,,,,,,,,,,,,,,,,,,,,,,,,,,,,,,,,,,,,,,
,,,,,,564906,Lighting & Electrical,Lamps & Bulbs,LED Bulbs,564906,564906,564906 60W Led Med 27k 2pk,-- Unbranded --,-- No Unilog Brand --,Philips,Phillips Lighting (5831),Signify (Philips Lighting),Philips,,564906,,Lighting & Electrical>Lamps & Bulbs>LED Bulbs,"Signify (Philips Lighting) Philips, LED Bulbs, 564906",564906 60W LED MED 27K 2PK,Philips 564906 LED Bulbs,564906 60W Led Med 27k 2pk,Philips 564906 LED Bulbs,,,,,,,,,,,,,,,,,,,,,,,,,,,LED Bulbs,Wattage,60,W,Color Temperature,27000,K,Pack Quantity,2,,Bulb Type,LED,,,,,,,,,,,,,,,,,,,,,,,,,,,,,,,,,,,,,,,,,,,,,,,,,,,,,,,,,,,,,,,,,,,,,,,,,,,,,,,,,,,,,,,,,,,,,,,,,,,,,,,,,,,,,,,,,,,,,,,,,,,,,,,,,,,,,,,,,,,,,,,,,,,,,,,,,,,,,,,,,,,,,,,,,,,,,,,,,,,,,,,,,,
,,,,,,573410,Lighting & Electrical,Lamps & Bulbs,LED Bulbs,573410,573410,573410 40W Led A19 Med 27k 2pk,-- Unbranded --,-- No Unilog Brand --,Philips,Phillips Lighting (5831),Signify (Philips Lighting),Philips,,573410,,Lighting & Electrical>Lamps & Bulbs>LED Bulbs,"Signify (Philips Lighting) Philips, LED Bulbs, 573410",573410 40W LED A19 MED 27K 2PK,Philips 573410 LED Bulbs,573410 40W Led A19 Med 27k 2pk,Philips 573410 LED Bulbs,,,,,,,,,,,,,,,,,,,,,,,,,,,LED Bulbs,Wattage,40,W,Color Temperature,27000,K,Pack Quantity,2,,Bulb Type,LED,,Lamp Size,A19,,,,,,,,,,,,,,,,,,,,,,,,,,,,,,,,,,,,,,,,,,,,,,,,,,,,,,,,,,,,,,,,,,,,,,,,,,,,,,,,,,,,,,,,,,,,,,,,,,,,,,,,,,,,,,,,,,,,,,,,,,,,,,,,,,,,,,,,,,,,,,,,,,,,,,,,,,,,,,,,,,,,,,,,,,,,,,,,,,,,,,,
,,,,,,576504,Lighting & Electrical,Lamps & Bulbs,LED Bulbs,576504,576504,576504 65W Led BR40 Med 50k,-- Unbranded --,-- No Unilog Brand --,Philips,Phillips Lighting (5831),Signify (Philips Lighting),Philips,,576504,,Lighting & Electrical>Lamps & Bulbs>LED Bulbs,"Signify (Philips Lighting) Philips, LED Bulbs, 576504",576504 65W LED BR40 MED 50K,Philips 576504 LED Bulbs,576504 65W Led BR40 Med 50k,Philips 576504 LED Bulbs,,,,,,,,,,,,,,,,,,,,,,,,,,,LED Bulbs,Wattage,65,W,Color Temperature,50000,K,Bulb Type,LED,,Lamp Size,BR40,,,,,,,,,,,,,,,,,,,,,,,,,,,,,,,,,,,,,,,,,,,,,,,,,,,,,,,,,,,,,,,,,,,,,,,,,,,,,,,,,,,,,,,,,,,,,,,,,,,,,,,,,,,,,,,,,,,,,,,,,,,,,,,,,,,,,,,,,,,,,,,,,,,,,,,,,,,,,,,,,,,,,,,,,,,,,,,,,,,,,,,,,,
,,,,,,576017,Lighting & Electrical,Lamps & Bulbs,LED Bulbs,576017,576017,576017 100W Led Par30L Med 30k,-- Unbranded --,-- No Unilog Brand --,Philips,Phillips Lighting (5831),Signify (Philips Lighting),Philips,,576017,,Lighting & Electrical>Lamps & Bulbs>LED Bulbs,"Signify (Philips Lighting) Philips, LED Bulbs, 576017",576017 100W LED PAR30L MED 30K,Philips 576017 LED Bulbs,576017 100W Led Par30L Med 30k,Philips 576017 LED Bulbs,,,,,,,,,,,,,,,,,,,,,,,,,,,LED Bulbs,Wattage,100,W,Color Temperature,30000,K,Bulb Type,LED,,,,,,,,,,,,,,,,,,,,,,,,,,,,,,,,,,,,,,,,,,,,,,,,,,,,,,,,,,,,,,,,,,,,,,,,,,,,,,,,,,,,,,,,,,,,,,,,,,,,,,,,,,,,,,,,,,,,,,,,,,,,,,,,,,,,,,,,,,,,,,,,,,,,,,,,,,,,,,,,,,,,,,,,,,,,,,,,,,,,,,,,,,,,,
,,,,,,574392,Lighting & Electrical,Lamps & Bulbs,LED Bulbs,574392,574392,574392 40W Led B11 Med 27k 3pk,-- Unbranded --,-- No Unilog Brand --,Philips,Phillips Lighting (5831),Signify (Philips Lighting),Philips,,574392,,Lighting & Electrical>Lamps & Bulbs>LED Bulbs,"Signify (Philips Lighting) Philips, LED Bulbs, 574392",574392 40W LED B11 MED 27K 3PK,Philips 574392 LED Bulbs,574392 40W Led B11 Med 27k 3pk,Philips 574392 LED Bulbs,,,,,,,,,,,,,,,,,,,,,,,,,,,LED Bulbs,Wattage,40,W,Color Temperature,27000,K,Pack Quantity,3,,Bulb Type,LED,,,,,,,,,,,,,,,,,,,,,,,,,,,,,,,,,,,,,,,,,,,,,,,,,,,,,,,,,,,,,,,,,,,,,,,,,,,,,,,,,,,,,,,,,,,,,,,,,,,,,,,,,,,,,,,,,,,,,,,,,,,,,,,,,,,,,,,,,,,,,,,,,,,,,,,,,,,,,,,,,,,,,,,,,,,,,,,,,,,,,,,,,,
,,,,,,576751,Lighting & Electrical,Lamps & Bulbs,LED Bulbs,576751,576751,576751 65W Led BR30 Med 3pk,-- Unbranded --,-- No Unilog Brand --,Philips,Phillips Lighting (5831),Signify (Philips Lighting),Philips,,576751,,Lighting & Electrical>Lamps & Bulbs>LED Bulbs,"Signify (Philips Lighting) Philips, LED Bulbs, 576751",576751 65W LED BR30 MED 3PK,Philips 576751 LED Bulbs,576751 65W Led BR30 Med 3pk,Philips 576751 LED Bulbs,,,,,,,,,,,,,,,,,,,,,,,,,,,LED Bulbs,Wattage,65,W,Pack Quantity,3,,Bulb Type,LED,,Lamp Size,BR30,,,,,,,,,,,,,,,,,,,,,,,,,,,,,,,,,,,,,,,,,,,,,,,,,,,,,,,,,,,,,,,,,,,,,,,,,,,,,,,,,,,,,,,,,,,,,,,,,,,,,,,,,,,,,,,,,,,,,,,,,,,,,,,,,,,,,,,,,,,,,,,,,,,,,,,,,,,,,,,,,,,,,,,,,,,,,,,,,,,,,,,,,,
,,,,,,583161,Lighting & Electrical,Lamps & Bulbs,LED Bulbs,583161,583161,583161 Led 65W Med BR30 3pk,-- Unbranded --,-- No Unilog Brand --,Philips,Phillips Lighting (5831),Signify (Philips Lighting),Philips,,583161,,Lighting & Electrical>Lamps & Bulbs>LED Bulbs,"Signify (Philips Lighting) Philips, LED Bulbs, 583161",583161 LED 65W MED BR30 3PK,Philips 583161 LED Bulbs,583161 Led 65W Med BR30 3pk,Philips 583161 LED Bulbs,,,,,,,,,,,,,,,,,,,,,,,,,,,LED Bulbs,Wattage,65,W,Pack Quantity,3,,Bulb Type,LED,,Lamp Size,BR30,,,,,,,,,,,,,,,,,,,,,,,,,,,,,,,,,,,,,,,,,,,,,,,,,,,,,,,,,,,,,,,,,,,,,,,,,,,,,,,,,,,,,,,,,,,,,,,,,,,,,,,,,,,,,,,,,,,,,,,,,,,,,,,,,,,,,,,,,,,,,,,,,,,,,,,,,,,,,,,,,,,,,,,,,,,,,,,,,,,,,,,,,,
,,,,,,566695,Lighting & Electrical,Lamps & Bulbs,LED Bulbs,566695,566695,566695 60W Led Med 27k 3pk,-- Unbranded --,-- No Unilog Brand --,Philips,Phillips Lighting (5831),Signify (Philips Lighting),Philips,,566695,,Lighting & Electrical>Lamps & Bulbs>LED Bulbs,"Signify (Philips Lighting) Philips, LED Bulbs, 566695",566695 60W LED MED 27K 3PK,Philips 566695 LED Bulbs,566695 60W Led Med 27k 3pk,Philips 566695 LED Bulbs,,,,,,,,,,,,,,,,,,,,,,,,,,,LED Bulbs,Wattage,60,W,Color Temperature,27000,K,Pack Quantity,3,,Bulb Type,LED,,,,,,,,,,,,,,,,,,,,,,,,,,,,,,,,,,,,,,,,,,,,,,,,,,,,,,,,,,,,,,,,,,,,,,,,,,,,,,,,,,,,,,,,,,,,,,,,,,,,,,,,,,,,,,,,,,,,,,,,,,,,,,,,,,,,,,,,,,,,,,,,,,,,,,,,,,,,,,,,,,,,,,,,,,,,,,,,,,,,,,,,,,
,,,,,,577007,Lighting & Electrical,Lamps & Bulbs,LED Bulbs,577007,577007,577007 125W Led Med 30k Flood,-- Unbranded --,-- No Unilog Brand --,Philips,Phillips Lighting (5831),Signify (Philips Lighting),Philips,,577007,,Lighting & Electrical>Lamps & Bulbs>LED Bulbs,"Signify (Philips Lighting) Philips, LED Bulbs, 577007",577007 125W LED MED 30K FLOOD,Philips 577007 LED Bulbs,577007 125W Led Med 30k Flood,Philips 577007 LED Bulbs,,,,,,,,,,,,,,,,,,,,,,,,,,,LED Bulbs,Wattage,125,W,Color Temperature,30000,K,Bulb Type,LED,,,,,,,,,,,,,,,,,,,,,,,,,,,,,,,,,,,,,,,,,,,,,,,,,,,,,,,,,,,,,,,,,,,,,,,,,,,,,,,,,,,,,,,,,,,,,,,,,,,,,,,,,,,,,,,,,,,,,,,,,,,,,,,,,,,,,,,,,,,,,,,,,,,,,,,,,,,,,,,,,,,,,,,,,,,,,,,,,,,,,,,,,,,,,
,,,,,,566653,Lighting & Electrical,Lamps & Bulbs,LED Bulbs,566653,566653,566653 25W Led Cand 27k 3pk,-- Unbranded --,-- No Unilog Brand --,Philips,Phillips Lighting (5831),Signify (Philips Lighting),Philips,,566653,,Lighting & Electrical>Lamps & Bulbs>LED Bulbs,"Signify (Philips Lighting) Philips, LED Bulbs, 566653",566653 25W LED CAND 27K 3PK,Philips 566653 LED Bulbs,566653 25W Led Cand 27k 3pk,Philips 566653 LED Bulbs,,,,,,,,,,,,,,,,,,,,,,,,,,,LED Bulbs,Wattage,25,W,Color Temperature,27000,K,Pack Quantity,3,,Bulb Type,LED,,,,,,,,,,,,,,,,,,,,,,,,,,,,,,,,,,,,,,,,,,,,,,,,,,,,,,,,,,,,,,,,,,,,,,,,,,,,,,,,,,,,,,,,,,,,,,,,,,,,,,,,,,,,,,,,,,,,,,,,,,,,,,,,,,,,,,,,,,,,,,,,,,,,,,,,,,,,,,,,,,,,,,,,,,,,,,,,,,,,,,,,,,
,,,,,,566679,Lighting & Electrical,Lamps & Bulbs,LED Bulbs,566679,566679,566679 40W Led Med 27k 3pk,-- Unbranded --,-- No Unilog Brand --,Philips,Phillips Lighting (5831),Signify (Philips Lighting),Philips,,566679,,Lighting & Electrical>Lamps & Bulbs>LED Bulbs,"Signify (Philips Lighting) Philips, LED Bulbs, 566679",566679 40W LED MED 27K 3PK,Philips 566679 LED Bulbs,566679 40W Led Med 27k 3pk,Philips 566679 LED Bulbs,,,,,,,,,,,,,,,,,,,,,,,,,,,LED Bulbs,Wattage,40,W,Color Temperature,27000,K,Pack Quantity,3,,Bulb Type,LED,,,,,,,,,,,,,,,,,,,,,,,,,,,,,,,,,,,,,,,,,,,,,,,,,,,,,,,,,,,,,,,,,,,,,,,,,,,,,,,,,,,,,,,,,,,,,,,,,,,,,,,,,,,,,,,,,,,,,,,,,,,,,,,,,,,,,,,,,,,,,,,,,,,,,,,,,,,,,,,,,,,,,,,,,,,,,,,,,,,,,,,,,,
,,,,,,573311,Lighting & Electrical,Lamps & Bulbs,LED Bulbs,573311,573311,573311 60W Led Med 27k 2pk,-- Unbranded --,-- No Unilog Brand --,Philips,Phillips Lighting (5831),Signify (Philips Lighting),Philips,,573311,,Lighting & Electrical>Lamps & Bulbs>LED Bulbs,"Signify (Philips Lighting) Philips, LED Bulbs, 573311",573311 60W LED MED 27K 2PK,Philips 573311 LED Bulbs,573311 60W Led Med 27k 2pk,Philips 573311 LED Bulbs,,,,,,,,,,,,,,,,,,,,,,,,,,,LED Bulbs,Wattage,60,W,Color Temperature,27000,K,Pack Quantity,2,,Bulb Type,LED,,,,,,,,,,,,,,,,,,,,,,,,,,,,,,,,,,,,,,,,,,,,,,,,,,,,,,,,,,,,,,,,,,,,,,,,,,,,,,,,,,,,,,,,,,,,,,,,,,,,,,,,,,,,,,,,,,,,,,,,,,,,,,,,,,,,,,,,,,,,,,,,,,,,,,,,,,,,,,,,,,,,,,,,,,,,,,,,,,,,,,,,,,
,,,,,,573394,Lighting & Electrical,Lamps & Bulbs,LED Bulbs,573394,573394,573394 60W Led Cand 27k 2pk,-- Unbranded --,-- No Unilog Brand --,Philips,Phillips Lighting (5831),Signify (Philips Lighting),Philips,,573394,,Lighting & Electrical>Lamps & Bulbs>LED Bulbs,"Signify (Philips Lighting) Philips, LED Bulbs, 573394",573394 60W LED CAND 27K 2PK,Philips 573394 LED Bulbs,573394 60W Led Cand 27k 2pk,Philips 573394 LED Bulbs,,,,,,,,,,,,,,,,,,,,,,,,,,,LED Bulbs,Wattage,60,W,Color Temperature,27000,K,Pack Quantity,2,,Bulb Type,LED,,,,,,,,,,,,,,,,,,,,,,,,,,,,,,,,,,,,,,,,,,,,,,,,,,,,,,,,,,,,,,,,,,,,,,,,,,,,,,,,,,,,,,,,,,,,,,,,,,,,,,,,,,,,,,,,,,,,,,,,,,,,,,,,,,,,,,,,,,,,,,,,,,,,,,,,,,,,,,,,,,,,,,,,,,,,,,,,,,,,,,,,,,
,,,,,,573329,Lighting & Electrical,Lamps & Bulbs,LED Bulbs,573329,573329,573329 60W Cand Led 27k 2pk,-- Unbranded --,-- No Unilog Brand --,Philips,Phillips Lighting (5831),Signify (Philips Lighting),Philips,,573329,,Lighting & Electrical>Lamps & Bulbs>LED Bulbs,"Signify (Philips Lighting) Philips, LED Bulbs, 573329",573329 60W CAND LED 27K 2PK,Philips 573329 LED Bulbs,573329 60W Cand Led 27k 2pk,Philips 573329 LED Bulbs,,,,,,,,,,,,,,,,,,,,,,,,,,,LED Bulbs,Wattage,60,W,Color Temperature,27000,K,Pack Quantity,2,,Bulb Type,LED,,,,,,,,,,,,,,,,,,,,,,,,,,,,,,,,,,,,,,,,,,,,,,,,,,,,,,,,,,,,,,,,,,,,,,,,,,,,,,,,,,,,,,,,,,,,,,,,,,,,,,,,,,,,,,,,,,,,,,,,,,,,,,,,,,,,,,,,,,,,,,,,,,,,,,,,,,,,,,,,,,,,,,,,,,,,,,,,,,,,,,,,,,
,,,,,,564930,Lighting & Electrical,Lamps & Bulbs,LED Bulbs,564930,564930,564930 40W Cand Led 50k 3pk,-- Unbranded --,-- No Unilog Brand --,Philips,Phillips Lighting (5831),Signify (Philips Lighting),Philips,,564930,,Lighting & Electrical>Lamps & Bulbs>LED Bulbs,"Signify (Philips Lighting) Philips, LED Bulbs, 564930",564930 40W CAND LED 50K 3PK,Philips 564930 LED Bulbs,564930 40W Cand Led 50k 3pk,Philips 564930 LED Bulbs,,,,,,,,,,,,,,,,,,,,,,,,,,,LED Bulbs,Wattage,40,W,Color Temperature,50000,K,Pack Quantity,3,,Bulb Type,LED,,,,,,,,,,,,,,,,,,,,,,,,,,,,,,,,,,,,,,,,,,,,,,,,,,,,,,,,,,,,,,,,,,,,,,,,,,,,,,,,,,,,,,,,,,,,,,,,,,,,,,,,,,,,,,,,,,,,,,,,,,,,,,,,,,,,,,,,,,,,,,,,,,,,,,,,,,,,,,,,,,,,,,,,,,,,,,,,,,,,,,,,,,
,,,,,,565000,Lighting & Electrical,Lamps & Bulbs,LED Bulbs,565000,565000,565000 60W Led Med 27k 2pk,-- Unbranded --,-- No Unilog Brand --,Philips,Phillips Lighting (5831),Signify (Philips Lighting),Philips,,565000,,Lighting & Electrical>Lamps & Bulbs>LED Bulbs,"Signify (Philips Lighting) Philips, LED Bulbs, 565000",565000 60W LED MED 27K 2PK,Philips 565000 LED Bulbs,565000 60W Led Med 27k 2pk,Philips 565000 LED Bulbs,,,,,,,,,,,,,,,,,,,,,,,,,,,LED Bulbs,Wattage,60,W,Color Temperature,27000,K,Pack Quantity,2,,Bulb Type,LED,,,,,,,,,,,,,,,,,,,,,,,,,,,,,,,,,,,,,,,,,,,,,,,,,,,,,,,,,,,,,,,,,,,,,,,,,,,,,,,,,,,,,,,,,,,,,,,,,,,,,,,,,,,,,,,,,,,,,,,,,,,,,,,,,,,,,,,,,,,,,,,,,,,,,,,,,,,,,,,,,,,,,,,,,,,,,,,,,,,,,,,,,,
,,,,,,564922,Lighting & Electrical,Lamps & Bulbs,LED Bulbs,564922,564922,564922 60W Led BA11 50k 3pk,-- Unbranded --,-- No Unilog Brand --,Philips,Phillips Lighting (5831),Signify (Philips Lighting),Philips,,564922,,Lighting & Electrical>Lamps & Bulbs>LED Bulbs,"Signify (Philips Lighting) Philips, LED Bulbs, 564922",564922 60W LED BA11 50K 3PK,Philips 564922 LED Bulbs,564922 60W Led BA11 50k 3pk,Philips 564922 LED Bulbs,,,,,,,,,,,,,,,,,,,,,,,,,,,LED Bulbs,Wattage,60,W,Color Temperature,50000,K,Pack Quantity,3,,Bulb Type,LED,,,,,,,,,,,,,,,,,,,,,,,,,,,,,,,,,,,,,,,,,,,,,,,,,,,,,,,,,,,,,,,,,,,,,,,,,,,,,,,,,,,,,,,,,,,,,,,,,,,,,,,,,,,,,,,,,,,,,,,,,,,,,,,,,,,,,,,,,,,,,,,,,,,,,,,,,,,,,,,,,,,,,,,,,,,,,,,,,,,,,,,,,,
,,,,,,573295,Lighting & Electrical,Lamps & Bulbs,LED Bulbs,573295,573295,573295 40W Led Med 27k 2pk,-- Unbranded --,-- No Unilog Brand --,Philips,Phillips Lighting (5831),Signify (Philips Lighting),Philips,,573295,,Lighting & Electrical>Lamps & Bulbs>LED Bulbs,"Signify (Philips Lighting) Philips, LED Bulbs, 573295",573295 40W LED MED 27K 2PK,Philips 573295 LED Bulbs,573295 40W Led Med 27k 2pk,Philips 573295 LED Bulbs,,,,,,,,,,,,,,,,,,,,,,,,,,,LED Bulbs,Wattage,40,W,Color Temperature,27000,K,Pack Quantity,2,,Bulb Type,LED,,,,,,,,,,,,,,,,,,,,,,,,,,,,,,,,,,,,,,,,,,,,,,,,,,,,,,,,,,,,,,,,,,,,,,,,,,,,,,,,,,,,,,,,,,,,,,,,,,,,,,,,,,,,,,,,,,,,,,,,,,,,,,,,,,,,,,,,,,,,,,,,,,,,,,,,,,,,,,,,,,,,,,,,,,,,,,,,,,,,,,,,,,
,,,,,,564914,Lighting & Electrical,Lamps & Bulbs,LED Bulbs,564914,564914,564914 60W Med Led 50k 2pk,-- Unbranded --,-- No Unilog Brand --,Philips,Phillips Lighting (5831),Signify (Philips Lighting),Philips,,564914,,Lighting & Electrical>Lamps & Bulbs>LED Bulbs,"Signify (Philips Lighting) Philips, LED Bulbs, 564914",564914 60W MED LED 50K 2PK,Philips 564914 LED Bulbs,564914 60W Med Led 50k 2pk,Philips 564914 LED Bulbs,,,,,,,,,,,,,,,,,,,,,,,,,,,LED Bulbs,Wattage,60,W,Color Temperature,50000,K,Pack Quantity,2,,Bulb Type,LED,,,,,,,,,,,,,,,,,,,,,,,,,,,,,,,,,,,,,,,,,,,,,,,,,,,,,,,,,,,,,,,,,,,,,,,,,,,,,,,,,,,,,,,,,,,,,,,,,,,,,,,,,,,,,,,,,,,,,,,,,,,,,,,,,,,,,,,,,,,,,,,,,,,,,,,,,,,,,,,,,,,,,,,,,,,,,,,,,,,,,,,,,,
,,,,,,573485,Lighting & Electrical,Lamps & Bulbs,LED Bulbs,573485,573485,573485 60W Led A19 Med 50k 2pk,-- Unbranded --,-- No Unilog Brand --,Philips,Phillips Lighting (5831),Signify (Philips Lighting),Philips,,573485,,Lighting & Electrical>Lamps & Bulbs>LED Bulbs,"Signify (Philips Lighting) Philips, LED Bulbs, 573485",573485 60W LED A19 MED 50K 2PK,Philips 573485 LED Bulbs,573485 60W Led A19 Med 50k 2pk,Philips 573485 LED Bulbs,,,,,,,,,,,,,,,,,,,,,,,,,,,LED Bulbs,Wattage,60,W,Color Temperature,50000,K,Pack Quantity,2,,Bulb Type,LED,,Lamp Size,A19,,,,,,,,,,,,,,,,,,,,,,,,,,,,,,,,,,,,,,,,,,,,,,,,,,,,,,,,,,,,,,,,,,,,,,,,,,,,,,,,,,,,,,,,,,,,,,,,,,,,,,,,,,,,,,,,,,,,,,,,,,,,,,,,,,,,,,,,,,,,,,,,,,,,,,,,,,,,,,,,,,,,,,,,,,,,,,,,,,,,,,,
,,,,,,573337,Lighting & Electrical,Lamps & Bulbs,LED Bulbs,573337,573337,573337 40W Led G25 Med 50k 2pk,-- Unbranded --,-- No Unilog Brand --,Philips,Phillips Lighting (5831),Signify (Philips Lighting),Philips,,573337,,Lighting & Electrical>Lamps & Bulbs>LED Bulbs,"Signify (Philips Lighting) Philips, LED Bulbs, 573337",573337 40W LED G25 MED 50K 2PK,Philips 573337 LED Bulbs,573337 40W Led G25 Med 50k 2pk,Philips 573337 LED Bulbs,,,,,,,,,,,,,,,,,,,,,,,,,,,LED Bulbs,Wattage,40,W,Color Temperature,50000,K,Pack Quantity,2,,Bulb Type,LED,,,,,,,,,,,,,,,,,,,,,,,,,,,,,,,,,,,,,,,,,,,,,,,,,,,,,,,,,,,,,,,,,,,,,,,,,,,,,,,,,,,,,,,,,,,,,,,,,,,,,,,,,,,,,,,,,,,,,,,,,,,,,,,,,,,,,,,,,,,,,,,,,,,,,,,,,,,,,,,,,,,,,,,,,,,,,,,,,,,,,,,,,,
,,,,,,544874,Lighting & Electrical,Lamps & Bulbs,LED Bulbs,544874,544874,544874 32W Led T8 UBulb 40k,-- Unbranded --,-- No Unilog Brand --,Philips,Phillips Lighting (5831),Signify (Philips Lighting),Philips,,544874,,Lighting & Electrical>Lamps & Bulbs>LED Bulbs,"Signify (Philips Lighting) Philips, LED Bulbs, 544874",544874 32W LED T8 UBULB 40K,Philips 544874 LED Bulbs,544874 32W Led T8 UBulb 40k,Philips 544874 LED Bulbs,,,,,,,,,,,,,,,,,,,,,,,,,,,LED Bulbs,Wattage,32,W,Color Temperature,40000,K,Bulb Type,LED,,Lamp Size,T8,,,,,,,,,,,,,,,,,,,,,,,,,,,,,,,,,,,,,,,,,,,,,,,,,,,,,,,,,,,,,,,,,,,,,,,,,,,,,,,,,,,,,,,,,,,,,,,,,,,,,,,,,,,,,,,,,,,,,,,,,,,,,,,,,,,,,,,,,,,,,,,,,,,,,,,,,,,,,,,,,,,,,,,,,,,,,,,,,,,,,,,,,,
,,,,,,570846,Lighting & Electrical,Lamps & Bulbs,LED Bulbs,570846,570846,570846 50W Led Med 22K 2pk,-- Unbranded --,-- No Unilog Brand --,Philips,Phillips Lighting (5831),Signify (Philips Lighting),Philips,,570846,,Lighting & Electrical>Lamps & Bulbs>LED Bulbs,"Signify (Philips Lighting) Philips, LED Bulbs, 570846",570846 50W LED MED 22K 2PK,Philips 570846 LED Bulbs,570846 50W Led Med 22K 2pk,Philips 570846 LED Bulbs,,,,,,,,,,,,,,,,,,,,,,,,,,,LED Bulbs,Wattage,50,W,Color Temperature,22000,K,Pack Quantity,2,,Bulb Type,LED,,,,,,,,,,,,,,,,,,,,,,,,,,,,,,,,,,,,,,,,,,,,,,,,,,,,,,,,,,,,,,,,,,,,,,,,,,,,,,,,,,,,,,,,,,,,,,,,,,,,,,,,,,,,,,,,,,,,,,,,,,,,,,,,,,,,,,,,,,,,,,,,,,,,,,,,,,,,,,,,,,,,,,,,,,,,,,,,,,,,,,,,,,
,,,,,,565473,Lighting & Electrical,Lamps & Bulbs,LED Bulbs,565473,565473,565473 60W Led A19 Bulb 2pk,-- Unbranded --,-- No Unilog Brand --,Philips,Phillips Lighting (5831),Signify (Philips Lighting),Philips,,565473,,Lighting & Electrical>Lamps & Bulbs>LED Bulbs,"Signify (Philips Lighting) Philips, LED Bulbs, 565473",565473 60W LED A19 BULB 2PK,Philips 565473 LED Bulbs,565473 60W Led A19 Bulb 2pk,Philips 565473 LED Bulbs,,,,,,,,,,,,,,,,,,,,,,,,,,,LED Bulbs,Wattage,60,W,Pack Quantity,2,,Bulb Type,LED,,Lamp Size,A19,,,,,,,,,,,,,,,,,,,,,,,,,,,,,,,,,,,,,,,,,,,,,,,,,,,,,,,,,,,,,,,,,,,,,,,,,,,,,,,,,,,,,,,,,,,,,,,,,,,,,,,,,,,,,,,,,,,,,,,,,,,,,,,,,,,,,,,,,,,,,,,,,,,,,,,,,,,,,,,,,,,,,,,,,,,,,,,,,,,,,,,,,,
,,,,,,573402,Lighting & Electrical,Lamps & Bulbs,LED Bulbs,573402,573402,573402 60W Led Med 50k 2pk,-- Unbranded --,-- No Unilog Brand --,Philips,Phillips Lighting (5831),Signify (Philips Lighting),Philips,,573402,,Lighting & Electrical>Lamps & Bulbs>LED Bulbs,"Signify (Philips Lighting) Philips, LED Bulbs, 573402",573402 60W LED MED 50K 2PK,Philips 573402 LED Bulbs,573402 60W Led Med 50k 2pk,Philips 573402 LED Bulbs,,,,,,,,,,,,,,,,,,,,,,,,,,,LED Bulbs,Wattage,60,W,Color Temperature,50000,K,Pack Quantity,2,,Bulb Type,LED,,,,,,,,,,,,,,,,,,,,,,,,,,,,,,,,,,,,,,,,,,,,,,,,,,,,,,,,,,,,,,,,,,,,,,,,,,,,,,,,,,,,,,,,,,,,,,,,,,,,,,,,,,,,,,,,,,,,,,,,,,,,,,,,,,,,,,,,,,,,,,,,,,,,,,,,,,,,,,,,,,,,,,,,,,,,,,,,,,,,,,,,,,
,,,,,,573352,Lighting & Electrical,Lamps & Bulbs,LED Bulbs,573352,573352,573352 40W Led Med 27k 2pk,-- Unbranded --,-- No Unilog Brand --,Philips,Phillips Lighting (5831),Signify (Philips Lighting),Philips,,573352,,Lighting & Electrical>Lamps & Bulbs>LED Bulbs,"Signify (Philips Lighting) Philips, LED Bulbs, 573352",573352 40W LED MED 27K 2PK,Philips 573352 LED Bulbs,573352 40W Led Med 27k 2pk,Philips 573352 LED Bulbs,,,,,,,,,,,,,,,,,,,,,,,,,,,LED Bulbs,Wattage,40,W,Color Temperature,27000,K,Pack Quantity,2,,Bulb Type,LED,,,,,,,,,,,,,,,,,,,,,,,,,,,,,,,,,,,,,,,,,,,,,,,,,,,,,,,,,,,,,,,,,,,,,,,,,,,,,,,,,,,,,,,,,,,,,,,,,,,,,,,,,,,,,,,,,,,,,,,,,,,,,,,,,,,,,,,,,,,,,,,,,,,,,,,,,,,,,,,,,,,,,,,,,,,,,,,,,,,,,,,,,,
,,,,,,573428,Lighting & Electrical,Lamps & Bulbs,LED Bulbs,573428,573428,573428 40W Med Led 50k 2pk,-- Unbranded --,-- No Unilog Brand --,Philips,Phillips Lighting (5831),Signify (Philips Lighting),Philips,,573428,,Lighting & Electrical>Lamps & Bulbs>LED Bulbs,"Signify (Philips Lighting) Philips, LED Bulbs, 573428",573428 40W MED LED 50K 2PK,Philips 573428 LED Bulbs,573428 40W Med Led 50k 2pk,Philips 573428 LED Bulbs,,,,,,,,,,,,,,,,,,,,,,,,,,,LED Bulbs,Wattage,40,W,Color Temperature,50000,K,Pack Quantity,2,,Bulb Type,LED,,,,,,,,,,,,,,,,,,,,,,,,,,,,,,,,,,,,,,,,,,,,,,,,,,,,,,,,,,,,,,,,,,,,,,,,,,,,,,,,,,,,,,,,,,,,,,,,,,,,,,,,,,,,,,,,,,,,,,,,,,,,,,,,,,,,,,,,,,,,,,,,,,,,,,,,,,,,,,,,,,,,,,,,,,,,,,,,,,,,,,,,,,
,,,,,,573386,Lighting & Electrical,Lamps & Bulbs,LED Bulbs,573386,573386,573386 60W Led Med 27k 2pk,-- Unbranded --,-- No Unilog Brand --,Philips,Phillips Lighting (5831),Signify (Philips Lighting),Philips,,573386,,Lighting & Electrical>Lamps & Bulbs>LED Bulbs,"Signify (Philips Lighting) Philips, LED Bulbs, 573386",573386 60W LED MED 27K 2PK,Philips 573386 LED Bulbs,573386 60W Led Med 27k 2pk,Philips 573386 LED Bulbs,,,,,,,,,,,,,,,,,,,,,,,,,,,LED Bulbs,Wattage,60,W,Color Temperature,27000,K,Pack Quantity,2,,Bulb Type,LED,,,,,,,,,,,,,,,,,,,,,,,,,,,,,,,,,,,,,,,,,,,,,,,,,,,,,,,,,,,,,,,,,,,,,,,,,,,,,,,,,,,,,,,,,,,,,,,,,,,,,,,,,,,,,,,,,,,,,,,,,,,,,,,,,,,,,,,,,,,,,,,,,,,,,,,,,,,,,,,,,,,,,,,,,,,,,,,,,,,,,,,,,,
,,,,,,564948,Lighting & Electrical,Lamps & Bulbs,LED Bulbs,564948,564948,564948 40W Led Med 50k 3pk,-- Unbranded --,-- No Unilog Brand --,Philips,Phillips Lighting (5831),Signify (Philips Lighting),Philips,,564948,,Lighting & Electrical>Lamps & Bulbs>LED Bulbs,"Signify (Philips Lighting) Philips, LED Bulbs, 564948",564948 40W LED MED 50K 3PK,Philips 564948 LED Bulbs,564948 40W Led Med 50k 3pk,Philips 564948 LED Bulbs,,,,,,,,,,,,,,,,,,,,,,,,,,,LED Bulbs,Wattage,40,W,Color Temperature,50000,K,Pack Quantity,3,,Bulb Type,LED,,,,,,,,,,,,,,,,,,,,,,,,,,,,,,,,,,,,,,,,,,,,,,,,,,,,,,,,,,,,,,,,,,,,,,,,,,,,,,,,,,,,,,,,,,,,,,,,,,,,,,,,,,,,,,,,,,,,,,,,,,,,,,,,,,,,,,,,,,,,,,,,,,,,,,,,,,,,,,,,,,,,,,,,,,,,,,,,,,,,,,,,,,
,,,,,,573303,Lighting & Electrical,Lamps & Bulbs,LED Bulbs,573303,573303,573303 40W Led Cand 27k 2pk,-- Unbranded --,-- No Unilog Brand --,Philips,Phillips Lighting (5831),Signify (Philips Lighting),Philips,,573303,,Lighting & Electrical>Lamps & Bulbs>LED Bulbs,"Signify (Philips Lighting) Philips, LED Bulbs, 573303",573303 40W LED CAND 27K 2PK,Philips 573303 LED Bulbs,573303 40W Led Cand 27k 2pk,Philips 573303 LED Bulbs,,,,,,,,,,,,,,,,,,,,,,,,,,,LED Bulbs,Wattage,40,W,Color Temperature,27000,K,Pack Quantity,2,,Bulb Type,LED,,,,,,,,,,,,,,,,,,,,,,,,,,,,,,,,,,,,,,,,,,,,,,,,,,,,,,,,,,,,,,,,,,,,,,,,,,,,,,,,,,,,,,,,,,,,,,,,,,,,,,,,,,,,,,,,,,,,,,,,,,,,,,,,,,,,,,,,,,,,,,,,,,,,,,,,,,,,,,,,,,,,,,,,,,,,,,,,,,,,,,,,,,
,,,,,,573188,Lighting & Electrical,Lamps & Bulbs,LED Bulbs,573188,573188,573188 250W Led Par38 Med 50k,-- Unbranded --,-- No Unilog Brand --,Philips,Phillips Lighting (5831),Signify (Philips Lighting),Philips,,573188,,Lighting & Electrical>Lamps & Bulbs>LED Bulbs,"Signify (Philips Lighting) Philips, LED Bulbs, 573188",573188 250W LED PAR38 MED 50K,Philips 573188 LED Bulbs,573188 250W Led Par38 Med 50k,Philips 573188 LED Bulbs,,,,,,,,,,,,,,,,,,,,,,,,,,,LED Bulbs,Wattage,250,W,Color Temperature,50000,K,Bulb Type,LED,,Lamp Size,PAR38,,,,,,,,,,,,,,,,,,,,,,,,,,,,,,,,,,,,,,,,,,,,,,,,,,,,,,,,,,,,,,,,,,,,,,,,,,,,,,,,,,,,,,,,,,,,,,,,,,,,,,,,,,,,,,,,,,,,,,,,,,,,,,,,,,,,,,,,,,,,,,,,,,,,,,,,,,,,,,,,,,,,,,,,,,,,,,,,,,,,,,,,,,
,,,,,,573469,Lighting & Electrical,Lamps & Bulbs,LED Bulbs,573469,573469,573469 40W Led A19 Med 50k 2pk,-- Unbranded --,-- No Unilog Brand --,Philips,Phillips Lighting (5831),Signify (Philips Lighting),Philips,,573469,,Lighting & Electrical>Lamps & Bulbs>LED Bulbs,"Signify (Philips Lighting) Philips, LED Bulbs, 573469",573469 40W LED A19 MED 50K 2PK,Philips 573469 LED Bulbs,573469 40W Led A19 Med 50k 2pk,Philips 573469 LED Bulbs,,,,,,,,,,,,,,,,,,,,,,,,,,,LED Bulbs,Wattage,40,W,Color Temperature,50000,K,Pack Quantity,2,,Bulb Type,LED,,Lamp Size,A19,,,,,,,,,,,,,,,,,,,,,,,,,,,,,,,,,,,,,,,,,,,,,,,,,,,,,,,,,,,,,,,,,,,,,,,,,,,,,,,,,,,,,,,,,,,,,,,,,,,,,,,,,,,,,,,,,,,,,,,,,,,,,,,,,,,,,,,,,,,,,,,,,,,,,,,,,,,,,,,,,,,,,,,,,,,,,,,,,,,,,,,
,,,,,,565671,Lighting & Electrical,Lamps & Bulbs,LED Bulbs,565671,565671,565671 25W Led Med 20K,-- Unbranded --,-- No Unilog Brand --,Philips,Phillips Lighting (5831),Signify (Philips Lighting),Philips,,565671,,Lighting & Electrical>Lamps & Bulbs>LED Bulbs,"Signify (Philips Lighting) Philips, LED Bulbs, 565671",565671 25W LED MED 20K,Philips 565671 LED Bulbs,565671 25W Led Med 20K,Philips 565671 LED Bulbs,,,,,,,,,,,,,,,,,,,,,,,,,,,LED Bulbs,Wattage,25,W,Color Temperature,20000,K,Bulb Type,LED,,,,,,,,,,,,,,,,,,,,,,,,,,,,,,,,,,,,,,,,,,,,,,,,,,,,,,,,,,,,,,,,,,,,,,,,,,,,,,,,,,,,,,,,,,,,,,,,,,,,,,,,,,,,,,,,,,,,,,,,,,,,,,,,,,,,,,,,,,,,,,,,,,,,,,,,,,,,,,,,,,,,,,,,,,,,,,,,,,,,,,,,,,,,,
,,,,,,573204,Lighting & Electrical,Lamps & Bulbs,LED Bulbs,573204,573204,573204 75W Led Par20 Med 50k,-- Unbranded --,-- No Unilog Brand --,Philips,Phillips Lighting (5831),Signify (Philips Lighting),Philips,,573204,,Lighting & Electrical>Lamps & Bulbs>LED Bulbs,"Signify (Philips Lighting) Philips, LED Bulbs, 573204",573204 75W LED PAR20 MED 50K,Philips 573204 LED Bulbs,573204 75W Led Par20 Med 50k,Philips 573204 LED Bulbs,,,,,,,,,,,,,,,,,,,,,,,,,,,LED Bulbs,Wattage,75,W,Color Temperature,50000,K,Bulb Type,LED,,Lamp Size,PAR20,,,,,,,,,,,,,,,,,,,,,,,,,,,,,,,,,,,,,,,,,,,,,,,,,,,,,,,,,,,,,,,,,,,,,,,,,,,,,,,,,,,,,,,,,,,,,,,,,,,,,,,,,,,,,,,,,,,,,,,,,,,,,,,,,,,,,,,,,,,,,,,,,,,,,,,,,,,,,,,,,,,,,,,,,,,,,,,,,,,,,,,,,,
,,,,,,581199,Lighting & Electrical,Lamps & Bulbs,LED Bulbs,581199,581199,581199 60W Led Med 2pk,-- Unbranded --,-- No Unilog Brand --,Philips,Phillips Lighting (5831),Signify (Philips Lighting),Philips,,581199,,Lighting & Electrical>Lamps & Bulbs>LED Bulbs,"Signify (Philips Lighting) Philips, LED Bulbs, 581199",581199 60W LED MED 2PK,Philips 581199 LED Bulbs,581199 60W Led Med 2pk,Philips 581199 LED Bulbs,,,,,,,,,,,,,,,,,,,,,,,,,,,LED Bulbs,Wattage,60,W,Pack Quantity,2,,Bulb Type,LED,,,,,,,,,,,,,,,,,,,,,,,,,,,,,,,,,,,,,,,,,,,,,,,,,,,,,,,,,,,,,,,,,,,,,,,,,,,,,,,,,,,,,,,,,,,,,,,,,,,,,,,,,,,,,,,,,,,,,,,,,,,,,,,,,,,,,,,,,,,,,,,,,,,,,,,,,,,,,,,,,,,,,,,,,,,,,,,,,,,,,,,,,,,,,
,,,,,,565887,Lighting & Electrical,Lamps & Bulbs,LED Bulbs,565887,565887,565887 60W Led Med 20k,-- Unbranded --,-- No Unilog Brand --,Philips,Phillips Lighting (5831),Signify (Philips Lighting),Philips,,565887,,Lighting & Electrical>Lamps & Bulbs>LED Bulbs,"Signify (Philips Lighting) Philips, LED Bulbs, 565887",565887 60W LED MED 20K,Philips 565887 LED Bulbs,565887 60W Led Med 20k,Philips 565887 LED Bulbs,,,,,,,,,,,,,,,,,,,,,,,,,,,LED Bulbs,Wattage,60,W,Color Temperature,20000,K,Bulb Type,LED,,,,,,,,,,,,,,,,,,,,,,,,,,,,,,,,,,,,,,,,,,,,,,,,,,,,,,,,,,,,,,,,,,,,,,,,,,,,,,,,,,,,,,,,,,,,,,,,,,,,,,,,,,,,,,,,,,,,,,,,,,,,,,,,,,,,,,,,,,,,,,,,,,,,,,,,,,,,,,,,,,,,,,,,,,,,,,,,,,,,,,,,,,,,,
,,,,,,586867,Lighting & Electrical,Lamps & Bulbs,LED Bulbs,586867,586867,586867 60W Led Med 27K,-- Unbranded --,-- No Unilog Brand --,Philips,Phillips Lighting (5831),Signify (Philips Lighting),Philips,,586867,,Lighting & Electrical>Lamps & Bulbs>LED Bulbs,"Signify (Philips Lighting) Philips, LED Bulbs, 586867",586867 60W LED MED 27K,Philips 586867 LED Bulbs,586867 60W Led Med 27K,Philips 586867 LED Bulbs,,,,,,,,,,,,,,,,,,,,,,,,,,,LED Bulbs,Wattage,60,W,Color Temperature,27000,K,Bulb Type,LED,,,,,,,,,,,,,,,,,,,,,,,,,,,,,,,,,,,,,,,,,,,,,,,,,,,,,,,,,,,,,,,,,,,,,,,,,,,,,,,,,,,,,,,,,,,,,,,,,,,,,,,,,,,,,,,,,,,,,,,,,,,,,,,,,,,,,,,,,,,,,,,,,,,,,,,,,,,,,,,,,,,,,,,,,,,,,,,,,,,,,,,,,,,,,
,,,,,,568451,Lighting & Electrical,Lamps & Bulbs,LED Bulbs,568451,568451,5686451 50W Led Med 50k 2pk,-- Unbranded --,-- No Unilog Brand --,Philips,Phillips Lighting (5831),Signify (Philips Lighting),Philips,,568451,,Lighting & Electrical>Lamps & Bulbs>LED Bulbs,"Signify (Philips Lighting) Philips, LED Bulbs, 568451",5686451 50W LED MED 50K 2PK,Philips 568451 LED Bulbs,5686451 50W Led Med 50k 2pk,Philips 568451 LED Bulbs,,,,,,,,,,,,,,,,,,,,,,,,,,,LED Bulbs,Wattage,50,W,Color Temperature,50000,K,Pack Quantity,2,,Bulb Type,LED,,,,,,,,,,,,,,,,,,,,,,,,,,,,,,,,,,,,,,,,,,,,,,,,,,,,,,,,,,,,,,,,,,,,,,,,,,,,,,,,,,,,,,,,,,,,,,,,,,,,,,,,,,,,,,,,,,,,,,,,,,,,,,,,,,,,,,,,,,,,,,,,,,,,,,,,,,,,,,,,,,,,,,,,,,,,,,,,,,,,,,,,,,
,,,,,,568444,Lighting & Electrical,Lamps & Bulbs,LED Bulbs,568444,568444,568444 90W Led Par38 50k 2pk,-- Unbranded --,-- No Unilog Brand --,Philips,Phillips Lighting (5831),Signify (Philips Lighting),Philips,,568444,,Lighting & Electrical>Lamps & Bulbs>LED Bulbs,"Signify (Philips Lighting) Philips, LED Bulbs, 568444",568444 90W LED PAR38 50K 2PK,Philips 568444 LED Bulbs,568444 90W Led Par38 50k 2pk,Philips 568444 LED Bulbs,,,,,,,,,,,,,,,,,,,,,,,,,,,LED Bulbs,Wattage,90,W,Color Temperature,50000,K,Pack Quantity,2,,Bulb Type,LED,,Lamp Size,PAR38,,,,,,,,,,,,,,,,,,,,,,,,,,,,,,,,,,,,,,,,,,,,,,,,,,,,,,,,,,,,,,,,,,,,,,,,,,,,,,,,,,,,,,,,,,,,,,,,,,,,,,,,,,,,,,,,,,,,,,,,,,,,,,,,,,,,,,,,,,,,,,,,,,,,,,,,,,,,,,,,,,,,,,,,,,,,,,,,,,,,,,,
,,,,,,573196,Lighting & Electrical,Lamps & Bulbs,LED Bulbs,573196,573196,573196 75W Led Med 30K,-- Unbranded --,-- No Unilog Brand --,Philips,Phillips Lighting (5831),Signify (Philips Lighting),Philips,,573196,,Lighting & Electrical>Lamps & Bulbs>LED Bulbs,"Signify (Philips Lighting) Philips, LED Bulbs, 573196",573196 75W LED MED 30K,Philips 573196 LED Bulbs,573196 75W Led Med 30K,Philips 573196 LED Bulbs,,,,,,,,,,,,,,,,,,,,,,,,,,,LED Bulbs,Wattage,75,W,Color Temperature,30000,K,Bulb Type,LED,,,,,,,,,,,,,,,,,,,,,,,,,,,,,,,,,,,,,,,,,,,,,,,,,,,,,,,,,,,,,,,,,,,,,,,,,,,,,,,,,,,,,,,,,,,,,,,,,,,,,,,,,,,,,,,,,,,,,,,,,,,,,,,,,,,,,,,,,,,,,,,,,,,,,,,,,,,,,,,,,,,,,,,,,,,,,,,,,,,,,,,,,,,,,
,,,,,,564500,,,,564500,564500,564500 75W Adj Base 50k 3pk,-- Unbranded --,-- No Unilog Brand --,Philips,Phillips Lighting (5831),Signify (Philips Lighting),Philips,,564500,,,"Signify (Philips Lighting) Philips, Hardware & Tools, 564500",564500 75W ADJ BASE 50K 3PK,Philips 564500 Hardware & Tools,564500 75W Adj Base 50k 3pk,Philips 564500 Hardware & Tools,,,,,,,,,,,,,,,,,,,,,,,,,,,Hardware & Tools,Pack Quantity,3,,,,,,,,,,,,,,,,,,,,,,,,,,,,,,,,,,,,,,,,,,,,,,,,,,,,,,,,,,,,,,,,,,,,,,,,,,,,,,,,,,,,,,,,,,,,,,,,,,,,,,,,,,,,,,,,,,,,,,,,,,,,,,,,,,,,,,,,,,,,,,,,,,,,,,,,,,,,,,,,,,,,,,,,,,,,,,,,,,,,,,,,,,,,,,,,,,,
,,,,,,571513,Lighting & Electrical,Lamps & Bulbs,LED Bulbs,571513,571513,571513 40/60/100 Led Med 27k,-- Unbranded --,-- No Unilog Brand --,Philips,Phillips Lighting (5831),Signify (Philips Lighting),Philips,,571513,,Lighting & Electrical>Lamps & Bulbs>LED Bulbs,"Signify (Philips Lighting) Philips, LED Bulbs, 571513",571513 40/60/100 LED MED 27K,Philips 571513 LED Bulbs,571513 40/60/100 Led Med 27k,Philips 571513 LED Bulbs,,,,,,,,,,,,,,,,,,,,,,,,,,,LED Bulbs,Color Temperature,27000,K,Bulb Type,LED,,,,,,,,,,,,,,,,,,,,,,,,,,,,,,,,,,,,,,,,,,,,,,,,,,,,,,,,,,,,,,,,,,,,,,,,,,,,,,,,,,,,,,,,,,,,,,,,,,,,,,,,,,,,,,,,,,,,,,,,,,,,,,,,,,,,,,,,,,,,,,,,,,,,,,,,,,,,,,,,,,,,,,,,,,,,,,,,,,,,,,,,,,,,,,,,
,,,,,,588566,Lighting & Electrical,Lamps & Bulbs,LED Bulbs,588566,588566,588566 40W Led Med 55k 3pk,-- Unbranded --,-- No Unilog Brand --,Philips,Phillips Lighting (5831),Signify (Philips Lighting),Philips,,588566,,Lighting & Electrical>Lamps & Bulbs>LED Bulbs,"Signify (Philips Lighting) Philips, LED Bulbs, 588566",588566 40W LED MED 55K 3PK,Philips 588566 LED Bulbs,588566 40W Led Med 55k 3pk,Philips 588566 LED Bulbs,,,,,,,,,,,,,,,,,,,,,,,,,,,LED Bulbs,Wattage,40,W,Color Temperature,55000,K,Pack Quantity,3,,Bulb Type,LED,,,,,,,,,,,,,,,,,,,,,,,,,,,,,,,,,,,,,,,,,,,,,,,,,,,,,,,,,,,,,,,,,,,,,,,,,,,,,,,,,,,,,,,,,,,,,,,,,,,,,,,,,,,,,,,,,,,,,,,,,,,,,,,,,,,,,,,,,,,,,,,,,,,,,,,,,,,,,,,,,,,,,,,,,,,,,,,,,,,,,,,,,,
,,,,,,565655,Lighting & Electrical,Lamps & Bulbs,LED Bulbs,565655,565655,565655 25W Led A15 Med 20k,-- Unbranded --,-- No Unilog Brand --,Philips,Phillips Lighting (5831),Signify (Philips Lighting),Philips,,565655,,Lighting & Electrical>Lamps & Bulbs>LED Bulbs,"Signify (Philips Lighting) Philips, LED Bulbs, 565655",565655 25W LED A15 MED 20K,Philips 565655 LED Bulbs,565655 25W Led A15 Med 20k,Philips 565655 LED Bulbs,,,,,,,,,,,,,,,,,,,,,,,,,,,LED Bulbs,Wattage,25,W,Color Temperature,20000,K,Bulb Type,LED,,Lamp Size,A15,,,,,,,,,,,,,,,,,,,,,,,,,,,,,,,,,,,,,,,,,,,,,,,,,,,,,,,,,,,,,,,,,,,,,,,,,,,,,,,,,,,,,,,,,,,,,,,,,,,,,,,,,,,,,,,,,,,,,,,,,,,,,,,,,,,,,,,,,,,,,,,,,,,,,,,,,,,,,,,,,,,,,,,,,,,,,,,,,,,,,,,,,,
,,,,,,565812,Lighting & Electrical,Lamps & Bulbs,LED Bulbs,565812,565812,565812 60W Med Led 50k,-- Unbranded --,-- No Unilog Brand --,Philips,Phillips Lighting (5831),Signify (Philips Lighting),Philips,,565812,,Lighting & Electrical>Lamps & Bulbs>LED Bulbs,"Signify (Philips Lighting) Philips, LED Bulbs, 565812",565812 60W MED LED 50K,Philips 565812 LED Bulbs,565812 60W Med Led 50k,Philips 565812 LED Bulbs,,,,,,,,,,,,,,,,,,,,,,,,,,,LED Bulbs,Wattage,60,W,Color Temperature,50000,K,Bulb Type,LED,,,,,,,,,,,,,,,,,,,,,,,,,,,,,,,,,,,,,,,,,,,,,,,,,,,,,,,,,,,,,,,,,,,,,,,,,,,,,,,,,,,,,,,,,,,,,,,,,,,,,,,,,,,,,,,,,,,,,,,,,,,,,,,,,,,,,,,,,,,,,,,,,,,,,,,,,,,,,,,,,,,,,,,,,,,,,,,,,,,,,,,,,,,,,
,,,,,,586917,Lighting & Electrical,Lamps & Bulbs,LED Bulbs,586917,586917,586917 40W Led Cand 27K 2pk,-- Unbranded --,-- No Unilog Brand --,Philips,Phillips Lighting (5831),Signify (Philips Lighting),Philips,,586917,,Lighting & Electrical>Lamps & Bulbs>LED Bulbs,"Signify (Philips Lighting) Philips, LED Bulbs, 586917",586917 40W LED CAND 27K 2PK,Philips 586917 LED Bulbs,586917 40W Led Cand 27K 2pk,Philips 586917 LED Bulbs,,,,,,,,,,,,,,,,,,,,,,,,,,,LED Bulbs,Wattage,40,W,Color Temperature,27000,K,Pack Quantity,2,,Bulb Type,LED,,,,,,,,,,,,,,,,,,,,,,,,,,,,,,,,,,,,,,,,,,,,,,,,,,,,,,,,,,,,,,,,,,,,,,,,,,,,,,,,,,,,,,,,,,,,,,,,,,,,,,,,,,,,,,,,,,,,,,,,,,,,,,,,,,,,,,,,,,,,,,,,,,,,,,,,,,,,,,,,,,,,,,,,,,,,,,,,,,,,,,,,,,
,,,,,,46719,Lighting & Electrical,Light Fixtures,Recessed Lighting,46719,46719,49719 Wall Light Motion Wh,-- Unbranded --,-- No Unilog Brand --,-- No DIB Brand --,Maxsa Innovations (MAXIN),Maxsa Innovations,-- Unbranded --,,46719,,Lighting & Electrical>Light Fixtures>Recessed Lighting,"Maxsa Innovations -- Unbranded --, Recessed Lighting, 46719",49719 WALL LIGHT MOTION WH,-- Unbranded -- 46719 Recessed Lighting,49719 Wall Light Motion Wh,-- Unbranded -- 46719 Recessed Lighting,,,,,,,,,,,,,,,,,,,,,,,,,,,Recessed Lighting,,,,,,,,,,,,,,,,,,,,,,,,,,,,,,,,,,,,,,,,,,,,,,,,,,,,,,,,,,,,,,,,,,,,,,,,,,,,,,,,,,,,,,,,,,,,,,,,,,,,,,,,,,,,,,,,,,,,,,,,,,,,,,,,,,,,,,,,,,,,,,,,,,,,,,,,,,,,,,,,,,,,,,,,,,,,,,,,,,,,,,,,,,,,,,,,,,,,,
,,,,,,59061BSL,Lighting & Electrical,Wire & Cable,Extension Cords,59061BSL,59061BSL,59061BSL Kichler Ext Wall Lt,-- Unbranded --,-- No Unilog Brand --,-- No DIB Brand --,Kichler Lighting (KICLI),Kichler Lighting,Kichler,,59061BSL,,Lighting & Electrical>Wire & Cable>Extension Cords,"Kichler Lighting Kichler, Extension Cords, 59061BSL",59061BSL KICHLER EXT WALL LT,Kichler 59061BSL Extension Cords,59061BSL Kichler Ext Wall Lt,Kichler 59061BSL Extension Cords,,,,,,,,,,,,,,,,,,,,,,,,,,,Extension Cords,,,,,,,,,,,,,,,,,,,,,,,,,,,,,,,,,,,,,,,,,,,,,,,,,,,,,,,,,,,,,,,,,,,,,,,,,,,,,,,,,,,,,,,,,,,,,,,,,,,,,,,,,,,,,,,,,,,,,,,,,,,,,,,,,,,,,,,,,,,,,,,,,,,,,,,,,,,,,,,,,,,,,,,,,,,,,,,,,,,,,,,,,,,,,,,,,,,,,
,,,,,,59062BSL,Lighting & Electrical,Wire & Cable,Extension Cords,59062BSL,59062BSL,59062BSL Kichler Ext Wall Lt,-- Unbranded --,-- No Unilog Brand --,-- No DIB Brand --,Kichler Lighting (KICLI),Kichler Lighting,Kichler,,59062BSL,,Lighting & Electrical>Wire & Cable>Extension Cords,"Kichler Lighting Kichler, Extension Cords, 59062BSL",59062BSL KICHLER EXT WALL LT,Kichler 59062BSL Extension Cords,59062BSL Kichler Ext Wall Lt,Kichler 59062BSL Extension Cords,,,,,,,,,,,,,,,,,,,,,,,,,,,Extension Cords,,,,,,,,,,,,,,,,,,,,,,,,,,,,,,,,,,,,,,,,,,,,,,,,,,,,,,,,,,,,,,,,,,,,,,,,,,,,,,,,,,,,,,,,,,,,,,,,,,,,,,,,,,,,,,,,,,,,,,,,,,,,,,,,,,,,,,,,,,,,,,,,,,,,,,,,,,,,,,,,,,,,,,,,,,,,,,,,,,,,,,,,,,,,,,,,,,,,,
,,,,,,59124BKT,Lighting & Electrical,Wire & Cable,Extension Cords,59124BKT,59124BKT,59124BKT Kichler Ext Wall Lt,-- Unbranded --,-- No Unilog Brand --,-- No DIB Brand --,Kichler Lighting (KICLI),Kichler Lighting,Kichler,,59124BKT,,Lighting & Electrical>Wire & Cable>Extension Cords,"Kichler Lighting Kichler, Extension Cords, 59124BKT",59124BKT KICHLER EXT WALL LT,Kichler 59124BKT Extension Cords,59124BKT Kichler Ext Wall Lt,Kichler 59124BKT Extension Cords,,,,,,,,,,,,,,,,,,,,,,,,,,,Extension Cords,,,,,,,,,,,,,,,,,,,,,,,,,,,,,,,,,,,,,,,,,,,,,,,,,,,,,,,,,,,,,,,,,,,,,,,,,,,,,,,,,,,,,,,,,,,,,,,,,,,,,,,,,,,,,,,,,,,,,,,,,,,,,,,,,,,,,,,,,,,,,,,,,,,,,,,,,,,,,,,,,,,,,,,,,,,,,,,,,,,,,,,,,,,,,,,,,,,,,
,,,,,,59025BK,,,,59025BK,59025BK,59025BK Kichler Post Lt,-- Unbranded --,-- No Unilog Brand --,-- No DIB Brand --,Kichler Lighting (KICLI),Kichler Lighting,Kichler,,59025BK,,,"Kichler Lighting Kichler, Hardware & Tools, 59025BK",59025BK KICHLER POST LT,Kichler 59025BK Hardware & Tools,59025BK Kichler Post Lt,Kichler 59025BK Hardware & Tools,,,,,,,,,,,,,,,,,,,,,,,,,,,Hardware & Tools,,,,,,,,,,,,,,,,,,,,,,,,,,,,,,,,,,,,,,,,,,,,,,,,,,,,,,,,,,,,,,,,,,,,,,,,,,,,,,,,,,,,,,,,,,,,,,,,,,,,,,,,,,,,,,,,,,,,,,,,,,,,,,,,,,,,,,,,,,,,,,,,,,,,,,,,,,,,,,,,,,,,,,,,,,,,,,,,,,,,,,,,,,,,,,,,,,,,,
,,,,,,DCL183,Lighting & Electrical,Light Fixtures,Recessed Lighting,DCL183,DCL183,Dewalt DCL183 Light - Rechargeable,-- Unbranded --,-- No Unilog Brand --,DEWALT,Black & Decker/dewlt (2585),Stanley Black & Decker,DeWalt,,DCL183,,Lighting & Electrical>Light Fixtures>Recessed Lighting,"Stanley Black & Decker DeWalt, Recessed Lighting, DCL183",DEWALT DCL183 LIGHT - RECHARGEABLE,DeWalt DCL183 Recessed Lighting,Dewalt DCL183 Light - Rechargeable,DeWalt DCL183 Recessed Lighting,,,,,,,,,,,,,,,,,,,,,,,,,,,Recessed Lighting,,,,,,,,,,,,,,,,,,,,,,,,,,,,,,,,,,,,,,,,,,,,,,,,,,,,,,,,,,,,,,,,,,,,,,,,,,,,,,,,,,,,,,,,,,,,,,,,,,,,,,,,,,,,,,,,,,,,,,,,,,,,,,,,,,,,,,,,,,,,,,,,,,,,,,,,,,,,,,,,,,,,,,,,,,,,,,,,,,,,,,,,,,,,,,,,,,,,,
,,,,,,73020,Lighting & Electrical,Light Fixtures,Recessed Lighting,73020,73020,73020 Nano Clip Light Bk,-- Unbranded --,-- No Unilog Brand --,-- No DIB Brand --,Streamlight (7277),Streamlight Inc,-- Unbranded --,,73020,,Lighting & Electrical>Light Fixtures>Recessed Lighting,"Streamlight Inc -- Unbranded --, Recessed Lighting, 73020",73020 NANO CLIP LIGHT BK,-- Unbranded -- 73020 Recessed Lighting,73020 Nano Clip Light Bk,-- Unbranded -- 73020 Recessed Lighting,,,,,,,,,,,,,,,,,,,,,,,,,,,Recessed Lighting,,,,,,,,,,,,,,,,,,,,,,,,,,,,,,,,,,,,,,,,,,,,,,,,,,,,,,,,,,,,,,,,,,,,,,,,,,,,,,,,,,,,,,,,,,,,,,,,,,,,,,,,,,,,,,,,,,,,,,,,,,,,,,,,,,,,,,,,,,,,,,,,,,,,,,,,,,,,,,,,,,,,,,,,,,,,,,,,,,,,,,,,,,,,,,,,,,,,,
,,,,,,NEB-FLT-1021,Hand Tools,Marking & Layout,Marking Tools,NEB-FLT-1021,NEB-FLT-1021,NEBFLT1021 Slyde King FlashLt,-- Unbranded --,-- No Unilog Brand --,-- No DIB Brand --,ACG Brands (1154),ACG Brands,-- Unbranded --,,NEB-FLT-1021,,Hand Tools>Marking & Layout>Marking Tools,"ACG Brands -- Unbranded --, Marking Tools, NEB-FLT-1021",NEBFLT1021 SLYDE KING FLASHLT,-- Unbranded -- NEB-FLT-1021 Marking Tools,NEBFLT1021 Slyde King FlashLt,-- Unbranded -- NEB-FLT-1021 Marking Tools,,,,,,,,,,,,,,,,,,,,,,,,,,,Marking Tools,,,,,,,,,,,,,,,,,,,,,,,,,,,,,,,,,,,,,,,,,,,,,,,,,,,,,,,,,,,,,,,,,,,,,,,,,,,,,,,,,,,,,,,,,,,,,,,,,,,,,,,,,,,,,,,,,,,,,,,,,,,,,,,,,,,,,,,,,,,,,,,,,,,,,,,,,,,,,,,,,,,,,,,,,,,,,,,,,,,,,,,,,,,,,,,,,,,,,
,,,,,,NEB-FLT-0053,Safety & Workwear,Lighting,Flashlights,NEB-FLT-0053,NEB-FLT-0053,NEBFLT0053 2600L Flash Light,-- Unbranded --,-- No Unilog Brand --,-- No DIB Brand --,ACG Brands (1154),ACG Brands,-- Unbranded --,,NEB-FLT-0053,,Safety & Workwear>Lighting>Flashlights,"ACG Brands -- Unbranded --, Flashlights, NEB-FLT-0053",NEBFLT0053 2600L FLASH LIGHT,-- Unbranded -- NEB-FLT-0053 Flashlights,NEBFLT0053 2600L Flash Light,-- Unbranded -- NEB-FLT-0053 Flashlights,,,,,,,,,,,,,,,,,,,,,,,,,,,Flashlights,,,,,,,,,,,,,,,,,,,,,,,,,,,,,,,,,,,,,,,,,,,,,,,,,,,,,,,,,,,,,,,,,,,,,,,,,,,,,,,,,,,,,,,,,,,,,,,,,,,,,,,,,,,,,,,,,,,,,,,,,,,,,,,,,,,,,,,,,,,,,,,,,,,,,,,,,,,,,,,,,,,,,,,,,,,,,,,,,,,,,,,,,,,,,,,,,,,,,
,,,,,,97708,,,,97708,97708,97708 Police 800L Headlight,-- Unbranded --,-- No Unilog Brand --,Police Security,Police Security (9470),Police Security,-- Unbranded --,,97708,,,"Police Security -- Unbranded --, Hardware & Tools, 97708",97708 POLICE 800L HEADLIGHT,-- Unbranded -- 97708 Hardware & Tools,97708 Police 800L Headlight,-- Unbranded -- 97708 Hardware & Tools,,,,,,,,,,,,,,,,,,,,,,,,,,,Hardware & Tools,,,,,,,,,,,,,,,,,,,,,,,,,,,,,,,,,,,,,,,,,,,,,,,,,,,,,,,,,,,,,,,,,,,,,,,,,,,,,,,,,,,,,,,,,,,,,,,,,,,,,,,,,,,,,,,,,,,,,,,,,,,,,,,,,,,,,,,,,,,,,,,,,,,,,,,,,,,,,,,,,,,,,,,,,,,,,,,,,,,,,,,,,,,,,,,,,,,,,
,,,,,,WORK6000XLTPPLUG,Safety & Workwear,Lighting,Flashlights,WORK6000XLTPPLUG,WORK6000XLTPPLUG,6000L Twin Head Work Light,-- Unbranded --,-- No Unilog Brand --,Feit Electric,Feit Electric (3468),Feit Electric,-- Unbranded --,,WORK6000XLTPPLUG,,Safety & Workwear>Lighting>Flashlights,"Feit Electric -- Unbranded --, Flashlights, WORK6000XLTPPLUG",6000L TWIN HEAD WORK LIGHT,-- Unbranded -- WORK6000XLTPPLUG Flashlights,6000L Twin Head Work Light,-- Unbranded -- WORK6000XLTPPLUG Flashlights,,,,,,,,,,,,,,,,,,,,,,,,,,,Flashlights,,,,,,,,,,,,,,,,,,,,,,,,,,,,,,,,,,,,,,,,,,,,,,,,,,,,,,,,,,,,,,,,,,,,,,,,,,,,,,,,,,,,,,,,,,,,,,,,,,,,,,,,,,,,,,,,,,,,,,,,,,,,,,,,,,,,,,,,,,,,,,,,,,,,,,,,,,,,,,,,,,,,,,,,,,,,,,,,,,,,,,,,,,,,,,,,,,,,,
,,,,,,HOM2040M200PRB,,,,HOM2040M200PRB,HOM2040M200PRB,HOM2040M200PRB 200A Load Cntr,-- Unbranded --,-- No Unilog Brand --,-- No DIB Brand --,Square D Con Prod Dv (6825),Schneider Electric (Square D),-- Unbranded --,,HOM2040M200PRB,,,"Schneider Electric (Square D) -- Unbranded --, Hardware & Tools, HOM2040M200PRB",HOM2040M200PRB 200A LOAD CNTR,-- Unbranded -- HOM2040M200PRB Hardware & Tools,HOM2040M200PRB 200A Load Cntr,-- Unbranded -- HOM2040M200PRB Hardware & Tools,,,,,,,,,,,,,,,,,,,,,,,,,,,Hardware & Tools,,,,,,,,,,,,,,,,,,,,,,,,,,,,,,,,,,,,,,,,,,,,,,,,,,,,,,,,,,,,,,,,,,,,,,,,,,,,,,,,,,,,,,,,,,,,,,,,,,,,,,,,,,,,,,,,,,,,,,,,,,,,,,,,,,,,,,,,,,,,,,,,,,,,,,,,,,,,,,,,,,,,,,,,,,,,,,,,,,,,,,,,,,,,,,,,,,,,,
,,,,,,HOM3060L225PGC,Appliances & Consumer Electronics,Laundry Appliances,Laundry Centers,HOM3060L225PGC,HOM3060L225PGC,HOM3060L225PGC 225 Load Center,-- Unbranded --,-- No Unilog Brand --,Square D,Square D Con Prod Dv (6825),Schneider Electric (Square D),Square D,,HOM3060L225PGC,,Appliances & Consumer Electronics>Laundry Appliances>Laundry Centers,"Schneider Electric (Square D) Square D, Laundry Centers, HOM3060L225PGC",HOM3060L225PGC 225 LOAD CENTER,Square D HOM3060L225PGC Laundry Centers,HOM3060L225PGC 225 Load Center,Square D HOM3060L225PGC Laundry Centers,,,,,,,,,,,,,,,,,,,,,,,,,,,Laundry Centers,,,,,,,,,,,,,,,,,,,,,,,,,,,,,,,,,,,,,,,,,,,,,,,,,,,,,,,,,,,,,,,,,,,,,,,,,,,,,,,,,,,,,,,,,,,,,,,,,,,,,,,,,,,,,,,,,,,,,,,,,,,,,,,,,,,,,,,,,,,,,,,,,,,,,,,,,,,,,,,,,,,,,,,,,,,,,,,,,,,,,,,,,,,,,,,,,,,,,
,,,,,,QO612L100RBCP,Appliances & Consumer Electronics,Laundry Appliances,Laundry Centers,QO612L100RBCP,QO612L100RBCP,QO612L100RBCP 100A Load Center,-- Unbranded --,-- No Unilog Brand --,Square D,Square D Con Prod Dv (6825),Schneider Electric (Square D),Square D,,QO612L100RBCP,,Appliances & Consumer Electronics>Laundry Appliances>Laundry Centers,"Schneider Electric (Square D) Square D, Laundry Centers, QO612L100RBCP",QO612L100RBCP 100A LOAD CENTER,Square D QO612L100RBCP Laundry Centers,QO612L100RBCP 100A Load Center,Square D QO612L100RBCP Laundry Centers,,,,,,,,,,,,,,,,,,,,,,,,,,,Laundry Centers,,,,,,,,,,,,,,,,,,,,,,,,,,,,,,,,,,,,,,,,,,,,,,,,,,,,,,,,,,,,,,,,,,,,,,,,,,,,,,,,,,,,,,,,,,,,,,,,,,,,,,,,,,,,,,,,,,,,,,,,,,,,,,,,,,,,,,,,,,,,,,,,,,,,,,,,,,,,,,,,,,,,,,,,,,,,,,,,,,,,,,,,,,,,,,,,,,,,,
,,,,,,13093005,Lighting & Electrical,Wire & Cable,Electrical Wire,13093005,13093005,4/0 Aluminum Entrance Cable (Linear Foot),-- Unbranded --,-- No Unilog Brand --,-- No DIB Brand --,Southwire/g Turner (6603),Southwire Company,-- Unbranded --,,13093005,,Lighting & Electrical>Wire & Cable>Electrical Wire,"Southwire Company -- Unbranded --, Electrical Wire, 13093005",4/0 ALUMINUM ENTRANCE CABLE (LINEAR FOOT),-- Unbranded -- 13093005 Electrical Wire,4/0 Aluminum Entrance Cable (Linear Foot),-- Unbranded -- 13093005 Electrical Wire,,,,,,,,,,,,,,,,,,,,,,,,,,,Electrical Wire,,,,,,,,,,,,,,,,,,,,,,,,,,,,,,,,,,,,,,,,,,,,,,,,,,,,,,,,,,,,,,,,,,,,,,,,,,,,,,,,,,,,,,,,,,,,,,,,,,,,,,,,,,,,,,,,,,,,,,,,,,,,,,,,,,,,,,,,,,,,,,,,,,,,,,,,,,,,,,,,,,,,,,,,,,,,,,,,,,,,,,,,,,,,,,,,,,,,,
,,,,,,12-4 SO,Lighting & Electrical,Wire & Cable,Extension Cords,12-4 SO,12-4 SO,12-4 SO Cord (Linear Foot),-- Unbranded --,-- No Unilog Brand --,-- No DIB Brand --,-,-,-- Unbranded --,,12-4 SO,,Lighting & Electrical>Wire & Cable>Extension Cords,"- -- Unbranded --, Extension Cords, 12-4 SO",12-4 SO CORD (LINEAR FOOT),-- Unbranded -- 12-4 SO Extension Cords,12-4 SO Cord (Linear Foot),-- Unbranded -- 12-4 SO Extension Cords,,,,,,,,,,,,,,,,,,,,,,,,,,,Extension Cords,,,,,,,,,,,,,,,,,,,,,,,,,,,,,,,,,,,,,,,,,,,,,,,,,,,,,,,,,,,,,,,,,,,,,,,,,,,,,,,,,,,,,,,,,,,,,,,,,,,,,,,,,,,,,,,,,,,,,,,,,,,,,,,,,,,,,,,,,,,,,,,,,,,,,,,,,,,,,,,,,,,,,,,,,,,,,,,,,,,,,,,,,,,,,,,,,,,,,
,,,,,,96263-46-06,Lighting & Electrical,Wire & Cable,Electrical Wire,96263-46-06,96263-46-06,96263-46-06 CAT5E Wire (Linear Foot),-- Unbranded --,-- No Unilog Brand --,-- No DIB Brand --,Woods Wire Southwire (7579),Southwire Company,-- Unbranded --,,96263-46-06,,Lighting & Electrical>Wire & Cable>Electrical Wire,"Southwire Company -- Unbranded --, Electrical Wire, 96263-46-06",96263-46-06 CAT5E WIRE (LINEAR FOOT),-- Unbranded -- 96263-46-06 Electrical Wire,96263-46-06 CAT5E Wire (Linear Foot),-- Unbranded -- 96263-46-06 Electrical Wire,,,,,,,,,,,,,,,,,,,,,,,,,,,Electrical Wire,,,,,,,,,,,,,,,,,,,,,,,,,,,,,,,,,,,,,,,,,,,,,,,,,,,,,,,,,,,,,,,,,,,,,,,,,,,,,,,,,,,,,,,,,,,,,,,,,,,,,,,,,,,,,,,,,,,,,,,,,,,,,,,,,,,,,,,,,,,,,,,,,,,,,,,,,,,,,,,,,,,,,,,,,,,,,,,,,,,,,,,,,,,,,,,,,,,,,
,,,,,,R50003-ID,Lighting & Electrical,Wire & Cable,Electrical Wire,R50003-ID,R50003-ID,16-2 Stranded Wire CL3 500' (Linear Foot),-- Unbranded --,-- No Unilog Brand --,-- No DIB Brand --,Southwire/g Turner (6603),Southwire Company,-- Unbranded --,,R50003-ID,,Lighting & Electrical>Wire & Cable>Electrical Wire,"Southwire Company -- Unbranded --, Electrical Wire, R50003-ID",16-2 STRANDED WIRE CL3 500' (LINEAR FOOT),-- Unbranded -- R50003-ID Electrical Wire,16-2 Stranded Wire CL3 500' (Linear Foot),-- Unbranded -- R50003-ID Electrical Wire,,,,,,,,,,,,,,,,,,,,,,,,,,,Electrical Wire,,,,,,,,,,,,,,,,,,,,,,,,,,,,,,,,,,,,,,,,,,,,,,,,,,,,,,,,,,,,,,,,,,,,,,,,,,,,,,,,,,,,,,,,,,,,,,,,,,,,,,,,,,,,,,,,,,,,,,,,,,,,,,,,,,,,,,,,,,,,,,,,,,,,,,,,,,,,,,,,,,,,,,,,,,,,,,,,,,,,,,,,,,,,,,,,,,,,,
,,,,,,10-4 SO,Lighting & Electrical,Wire & Cable,Extension Cords,10-4 SO,10-4 SO,10-4 SO Cord (Linear Foot),-- Unbranded --,-- No Unilog Brand --,-- No DIB Brand --,Southwire/g Turner (6603),Southwire Company,-- Unbranded --,,10-4 SO,,Lighting & Electrical>Wire & Cable>Extension Cords,"Southwire Company -- Unbranded --, Extension Cords, 10-4 SO",10-4 SO CORD (LINEAR FOOT),-- Unbranded -- 10-4 SO Extension Cords,10-4 SO Cord (Linear Foot),-- Unbranded -- 10-4 SO Extension Cords,,,,,,,,,,,,,,,,,,,,,,,,,,,Extension Cords,,,,,,,,,,,,,,,,,,,,,,,,,,,,,,,,,,,,,,,,,,,,,,,,,,,,,,,,,,,,,,,,,,,,,,,,,,,,,,,,,,,,,,,,,,,,,,,,,,,,,,,,,,,,,,,,,,,,,,,,,,,,,,,,,,,,,,,,,,,,,,,,,,,,,,,,,,,,,,,,,,,,,,,,,,,,,,,,,,,,,,,,,,,,,,,,,,,,,
,,,,,,23346-0408,Lighting & Electrical,Wire & Cable,Electrical Wire,23346-0408,23346-0408,23346-0408 Wire 16/3 SJEWA 250 (Linear Foot),-- Unbranded --,-- No Unilog Brand --,-- No DIB Brand --,-,-,-- Unbranded --,,23346-0408,,Lighting & Electrical>Wire & Cable>Electrical Wire,"- -- Unbranded --, Electrical Wire, 23346-0408",23346-0408 WIRE 16/3 SJEWA 250 (LINEAR FOOT),-- Unbranded -- 23346-0408 Electrical Wire,23346-0408 Wire 16/3 SJEWA 250 (Linear Foot),-- Unbranded -- 23346-0408 Electrical Wire,,,,,,,,,,,,,,,,,,,,,,,,,,,Electrical Wire,,,,,,,,,,,,,,,,,,,,,,,,,,,,,,,,,,,,,,,,,,,,,,,,,,,,,,,,,,,,,,,,,,,,,,,,,,,,,,,,,,,,,,,,,,,,,,,,,,,,,,,,,,,,,,,,,,,,,,,,,,,,,,,,,,,,,,,,,,,,,,,,,,,,,,,,,,,,,,,,,,,,,,,,,,,,,,,,,,,,,,,,,,,,,,,,,,,,,
,,,,,,2/2/4 UD ALUM,Lighting & Electrical,Wire & Cable,Electrical Wire,2/2/4 UD ALUM,2/2/4 UD ALUM,2/2/4 UD Aluminum Triplex Wire (Linear Foot),-- Unbranded --,-- No Unilog Brand --,-- No DIB Brand --,Southwire/g Turner (6603),Southwire Company,-- Unbranded --,,2/2/4 UD ALUM,,Lighting & Electrical>Wire & Cable>Electrical Wire,"Southwire Company -- Unbranded --, Electrical Wire, 2/2/4 UD ALUM",2/2/4 UD ALUMINUM TRIPLEX WIRE (LINEAR FOOT),-- Unbranded -- 2/2/4 UD ALUM Electrical Wire,2/2/4 UD Aluminum Triplex Wire (Linear Foot),-- Unbranded -- 2/2/4 UD ALUM Electrical Wire,,,,,,,,,,,,,,,,,,,,,,,,,,,Electrical Wire,,,,,,,,,,,,,,,,,,,,,,,,,,,,,,,,,,,,,,,,,,,,,,,,,,,,,,,,,,,,,,,,,,,,,,,,,,,,,,,,,,,,,,,,,,,,,,,,,,,,,,,,,,,,,,,,,,,,,,,,,,,,,,,,,,,,,,,,,,,,,,,,,,,,,,,,,,,,,,,,,,,,,,,,,,,,,,,,,,,,,,,,,,,,,,,,,,,,,
,,,,,,55418901,Lighting & Electrical,Wire & Cable,Electrical Wire,55418901,55418901,6/6/6 UD Triplex Aluminum Wire,-- Unbranded --,-- No Unilog Brand --,-- No DIB Brand --,Southwire/g Turner (6603),Whirlpool Corporation,Whirlpool®,,WDTS7024RZ,,Appliances & Consumer Electronics>Kitchen Appliances>Built-In Dishwashers,"Whirlpool, Dishwasher, Eco Series, W",6/6/6 UD TRIPLEX ALUMINUM WIRE,Whirlpool® 55418901 Electrical Wire,6/6/6 UD Triplex Aluminum Wire,Whirlpool® 55418901 Electrical Wire,,,,,,,,,,,,,,,,,,,,,,,,,,,Electrical Wire,,,,,,,,,,,,,,,,,,,,,,,,,,,,,,,,,,,,,,,,,,,,,,,,,,,,,,,,,,,,,,,,,,,,,,,,,,,,,,,,,,,,,,,,,,,,,,,,,,,,,,,,,,,,,,,,,,,,,,,,,,,,,,,,,,,,,,,,,,,,,,,,,,,,,,,,,,,,,,,,,,,,,,,,,,,,,,,,,,,,,,,,,,,,,,,,,,,,,
,,,,,,CG50K,Lighting & Electrical,Wire & Cable,Extension Cords,CG50K,CG50K,"CG50K 1/2"" Cord Grip Kit",-- Unbranded --,-- No Unilog Brand --,-- No DIB Brand --,Fenton Bros Electric Inc (FENBR),Fenton Bros Electric,-- Unbranded --,,CG50K,,Lighting & Electrical>Wire & Cable>Extension Cords,"Fenton Bros Electric -- Unbranded --, Extension Cords, CG50K","CG50K 1/2"" CORD GRIP KIT",-- Unbranded -- CG50K Extension Cords,"CG50K 1/2"" Cord Grip Kit",-- Unbranded -- CG50K Extension Cords,,,,,,,,,,,,,,,,,,,,,,,,,,,Extension Cords,,,,,,,,,,,,,,,,,,,,,,,,,,,,,,,,,,,,,,,,,,,,,,,,,,,,,,,,,,,,,,,,,,,,,,,,,,,,,,,,,,,,,,,,,,,,,,,,,,,,,,,,,,,,,,,,,,,,,,,,,,,,,,,,,,,,,,,,,,,,,,,,,,,,,,,,,,,,,,,,,,,,,,,,,,,,,,,,,,,,,,,,,,,,,,,,,,,,,
,,,,,,R02-D215P-1RW,Lighting & Electrical,Wiring Devices,Outlets & Receptacles,R02-D215P-1RW,R02-D215P-1RW,R02D215P1RW 15A Mini Outlet Wh,-- Unbranded --,-- No Unilog Brand --,Leviton,Leviton Mfg Co (4927),Leviton Manufacturing Co,Leviton,,R02-D215P-1RW,,Lighting & Electrical>Wiring Devices>Outlets & Receptacles,"Leviton Manufacturing Co Leviton, Outlets & Receptacles, R02-D215P-1RW",R02D215P1RW 15A MINI OUTLET WH,Leviton R02-D215P-1RW Outlets & Receptacles,R02D215P1RW 15A Mini Outlet Wh,Leviton R02-D215P-1RW Outlets & Receptacles,,,,,,,,,,,,,,,,,,,,,,,,,,,Outlets & Receptacles,,,,,,,,,,,,,,,,,,,,,,,,,,,,,,,,,,,,,,,,,,,,,,,,,,,,,,,,,,,,,,,,,,,,,,,,,,,,,,,,,,,,,,,,,,,,,,,,,,,,,,,,,,,,,,,,,,,,,,,,,,,,,,,,,,,,,,,,,,,,,,,,,,,,,,,,,,,,,,,,,,,,,,,,,,,,,,,,,,,,,,,,,,,,,,,,,,,,,
,,,,,,PBUC013,Hand Tools,Measuring & Layout,Tape Measures,PBUC013,PBUC013,PBUC013 15A Wall Tap w/USB,-- Unbranded --,-- No Unilog Brand --,Prime,Prime Wire & Cable (3562),Prime Wire & Cable,-- Unbranded --,,PBUC013,,Hand Tools>Measuring & Layout>Tape Measures,"Prime Wire & Cable -- Unbranded --, Tape Measures, PBUC013",PBUC013 15A WALL TAP W/USB,-- Unbranded -- PBUC013 Tape Measures,PBUC013 15A Wall Tap w/USB,-- Unbranded -- PBUC013 Tape Measures,,,,,,,,,,,,,,,,,,,,,,,,,,,Tape Measures,,,,,,,,,,,,,,,,,,,,,,,,,,,,,,,,,,,,,,,,,,,,,,,,,,,,,,,,,,,,,,,,,,,,,,,,,,,,,,,,,,,,,,,,,,,,,,,,,,,,,,,,,,,,,,,,,,,,,,,,,,,,,,,,,,,,,,,,,,,,,,,,,,,,,,,,,,,,,,,,,,,,,,,,,,,,,,,,,,,,,,,,,,,,,,,,,,,,,
,,,,,,R00-GFNT1-00K,Lighting & Electrical,Wiring Devices,Outlets & Receptacles,R00-GFNT1-00K,R00-GFNT1-00K,R00GFNT100K 15A Outlet Br,-- Unbranded --,-- No Unilog Brand --,Leviton,Leviton Mfg Co (4927),Leviton Manufacturing Co,Leviton,,R00-GFNT1-00K,,Lighting & Electrical>Wiring Devices>Outlets & Receptacles,"Leviton Manufacturing Co Leviton, Outlets & Receptacles, R00-GFNT1-00K",R00GFNT100K 15A OUTLET BR,Leviton R00-GFNT1-00K Outlets & Receptacles,R00GFNT100K 15A Outlet Br,Leviton R00-GFNT1-00K Outlets & Receptacles,,,,,,,,,,,,,,,,,,,,,,,,,,,Outlets & Receptacles,,,,,,,,,,,,,,,,,,,,,,,,,,,,,,,,,,,,,,,,,,,,,,,,,,,,,,,,,,,,,,,,,,,,,,,,,,,,,,,,,,,,,,,,,,,,,,,,,,,,,,,,,,,,,,,,,,,,,,,,,,,,,,,,,,,,,,,,,,,,,,,,,,,,,,,,,,,,,,,,,,,,,,,,,,,,,,,,,,,,,,,,,,,,,,,,,,,,,
,,,,,,R92-GFWT1-0KW,Lighting & Electrical,Wiring Devices,Outlets & Receptacles,R92-GFWT1-0KW,R92-GFWT1-0KW,R92GFWT10KW 15A GFCI Outlet Wh,-- Unbranded --,-- No Unilog Brand --,Leviton,Leviton Mfg Co (4927),Leviton Manufacturing Co,Leviton,,R92-GFWT1-0KW,,Lighting & Electrical>Wiring Devices>Outlets & Receptacles,"Leviton Manufacturing Co Leviton, Outlets & Receptacles, R92-GFWT1-0KW",R92GFWT10KW 15A GFCI OUTLET WH,Leviton R92-GFWT1-0KW Outlets & Receptacles,R92GFWT10KW 15A GFCI Outlet Wh,Leviton R92-GFWT1-0KW Outlets & Receptacles,,,,,,,,,,,,,,,,,,,,,,,,,,,Outlets & Receptacles,,,,,,,,,,,,,,,,,,,,,,,,,,,,,,,,,,,,,,,,,,,,,,,,,,,,,,,,,,,,,,,,,,,,,,,,,,,,,,,,,,,,,,,,,,,,,,,,,,,,,,,,,,,,,,,,,,,,,,,,,,,,,,,,,,,,,,,,,,,,,,,,,,,,,,,,,,,,,,,,,,,,,,,,,,,,,,,,,,,,,,,,,,,,,,,,,,,,,
,,,,,,R12-AGTR1-0KW,,,,R12-AGTR1-0KW,R12-AGTR1-0KW,R12AGTR10KW 15A GFCI Outler Wh,-- Unbranded --,-- No Unilog Brand --,Leviton,Leviton Mfg Co (4927),Leviton Manufacturing Co,Leviton,,R12-AGTR1-0KW,,,"Leviton Manufacturing Co Leviton, Hardware & Tools, R12-AGTR1-0KW",R12AGTR10KW 15A GFCI OUTLER WH,Leviton R12-AGTR1-0KW Hardware & Tools,R12AGTR10KW 15A GFCI Outler Wh,Leviton R12-AGTR1-0KW Hardware & Tools,,,,,,,,,,,,,,,,,,,,,,,,,,,Hardware & Tools,,,,,,,,,,,,,,,,,,,,,,,,,,,,,,,,,,,,,,,,,,,,,,,,,,,,,,,,,,,,,,,,,,,,,,,,,,,,,,,,,,,,,,,,,,,,,,,,,,,,,,,,,,,,,,,,,,,,,,,,,,,,,,,,,,,,,,,,,,,,,,,,,,,,,,,,,,,,,,,,,,,,,,,,,,,,,,,,,,,,,,,,,,,,,,,,,,,,,
,,,,,,R62-GFTA1-0KW,Lighting & Electrical,Wiring Devices,Outlets & Receptacles,R62-GFTA1-0KW,R62-GFTA1-0KW,R92GFTA10KW 15A GFCI Outlet Wh,-- Unbranded --,-- No Unilog Brand --,Leviton,Leviton Mfg Co (4927),Leviton Manufacturing Co,Leviton,,R62-GFTA1-0KW,,Lighting & Electrical>Wiring Devices>Outlets & Receptacles,"Leviton Manufacturing Co Leviton, Outlets & Receptacles, R62-GFTA1-0KW",R92GFTA10KW 15A GFCI OUTLET WH,Leviton R62-GFTA1-0KW Outlets & Receptacles,R92GFTA10KW 15A GFCI Outlet Wh,Leviton R62-GFTA1-0KW Outlets & Receptacles,,,,,,,,,,,,,,,,,,,,,,,,,,,Outlets & Receptacles,,,,,,,,,,,,,,,,,,,,,,,,,,,,,,,,,,,,,,,,,,,,,,,,,,,,,,,,,,,,,,,,,,,,,,,,,,,,,,,,,,,,,,,,,,,,,,,,,,,,,,,,,,,,,,,,,,,,,,,,,,,,,,,,,,,,,,,,,,,,,,,,,,,,,,,,,,,,,,,,,,,,,,,,,,,,,,,,,,,,,,,,,,,,,,,,,,,,,
,,,,,,165-04729-00C,Lighting & Electrical,Wire & Cable,Extension Cords,165-04729-00C,165-04729-00C,1650472900C 15A 125V Cord Conn,-- Unbranded --,-- No Unilog Brand --,Leviton,Leviton Mfg Co (4927),Leviton Manufacturing Co,Leviton,,165-04729-00C,,Lighting & Electrical>Wire & Cable>Extension Cords,"Leviton Manufacturing Co Leviton, Extension Cords, 165-04729-00C",1650472900C 15A 125V CORD CONN,Leviton 165-04729-00C Extension Cords,1650472900C 15A 125V Cord Conn,Leviton 165-04729-00C Extension Cords,,,,,,,,,,,,,,,,,,,,,,,,,,,Extension Cords,,,,,,,,,,,,,,,,,,,,,,,,,,,,,,,,,,,,,,,,,,,,,,,,,,,,,,,,,,,,,,,,,,,,,,,,,,,,,,,,,,,,,,,,,,,,,,,,,,,,,,,,,,,,,,,,,,,,,,,,,,,,,,,,,,,,,,,,,,,,,,,,,,,,,,,,,,,,,,,,,,,,,,,,,,,,,,,,,,,,,,,,,,,,,,,,,,,,,
,,,,,,161-04720-00C,Lighting & Electrical,Wire & Cable,Extension Cords,161-04720-00C,161-04720-00C,1610472000C 15A 125V Cord Conn,-- Unbranded --,-- No Unilog Brand --,Leviton,Leviton Mfg Co (4927),Leviton Manufacturing Co,Leviton,,161-04720-00C,,Lighting & Electrical>Wire & Cable>Extension Cords,"Leviton Manufacturing Co Leviton, Extension Cords, 161-04720-00C",1610472000C 15A 125V CORD CONN,Leviton 161-04720-00C Extension Cords,1610472000C 15A 125V Cord Conn,Leviton 161-04720-00C Extension Cords,,,,,,,,,,,,,,,,,,,,,,,,,,,Extension Cords,,,,,,,,,,,,,,,,,,,,,,,,,,,,,,,,,,,,,,,,,,,,,,,,,,,,,,,,,,,,,,,,,,,,,,,,,,,,,,,,,,,,,,,,,,,,,,,,,,,,,,,,,,,,,,,,,,,,,,,,,,,,,,,,,,,,,,,,,,,,,,,,,,,,,,,,,,,,,,,,,,,,,,,,,,,,,,,,,,,,,,,,,,,,,,,,,,,,,
,,,,,,R02-GUAC1-0BW,Lighting & Electrical,Wiring Devices,Outlets & Receptacles,R02-GUAC1-0BW,R02-GUAC1-0BW,R02GUAC10BW 15A/USB Outlet Wh,-- Unbranded --,-- No Unilog Brand --,Leviton,Leviton Mfg Co (4927),Leviton Manufacturing Co,Leviton,,R02-GUAC1-0BW,,Lighting & Electrical>Wiring Devices>Outlets & Receptacles,"Leviton Manufacturing Co Leviton, Outlets & Receptacles, R02-GUAC1-0BW",R02GUAC10BW 15A/USB OUTLET WH,Leviton R02-GUAC1-0BW Outlets & Receptacles,R02GUAC10BW 15A/USB Outlet Wh,Leviton R02-GUAC1-0BW Outlets & Receptacles,,,,,,,,,,,,,,,,,,,,,,,,,,,Outlets & Receptacles,,,,,,,,,,,,,,,,,,,,,,,,,,,,,,,,,,,,,,,,,,,,,,,,,,,,,,,,,,,,,,,,,,,,,,,,,,,,,,,,,,,,,,,,,,,,,,,,,,,,,,,,,,,,,,,,,,,,,,,,,,,,,,,,,,,,,,,,,,,,,,,,,,,,,,,,,,,,,,,,,,,,,,,,,,,,,,,,,,,,,,,,,,,,,,,,,,,,,
,,,,,,R56-CBR15-00T,Lighting & Electrical,Wiring Devices,Outlets & Receptacles,R56-CBR15-00T,R56-CBR15-00T,R56CBR1500T 15A Outlet LA,-- Unbranded --,-- No Unilog Brand --,Leviton,Leviton Mfg Co (4927),Leviton Manufacturing Co,Leviton,,R56-CBR15-00T,,Lighting & Electrical>Wiring Devices>Outlets & Receptacles,"Leviton Manufacturing Co Leviton, Outlets & Receptacles, R56-CBR15-00T",R56CBR1500T 15A OUTLET LA,Leviton R56-CBR15-00T Outlets & Receptacles,R56CBR1500T 15A Outlet LA,Leviton R56-CBR15-00T Outlets & Receptacles,,,,,,,,,,,,,,,,,,,,,,,,,,,Outlets & Receptacles,,,,,,,,,,,,,,,,,,,,,,,,,,,,,,,,,,,,,,,,,,,,,,,,,,,,,,,,,,,,,,,,,,,,,,,,,,,,,,,,,,,,,,,,,,,,,,,,,,,,,,,,,,,,,,,,,,,,,,,,,,,,,,,,,,,,,,,,,,,,,,,,,,,,,,,,,,,,,,,,,,,,,,,,,,,,,,,,,,,,,,,,,,,,,,,,,,,,,
,,,,,,R20-05378-P00,,,,R20-05378-P00,R20-05378-P00,R2005378P00 6-50R Welder Outet,-- Unbranded --,-- No Unilog Brand --,Leviton,Leviton Mfg Co (4927),Leviton Manufacturing Co,Leviton,,R20-05378-P00,,,"Leviton Manufacturing Co Leviton, Hardware & Tools, R20-05378-P00",R2005378P00 6-50R WELDER OUTET,Leviton R20-05378-P00 Hardware & Tools,R2005378P00 6-50R Welder Outet,Leviton R20-05378-P00 Hardware & Tools,,,,,,,,,,,,,,,,,,,,,,,,,,,Hardware & Tools,,,,,,,,,,,,,,,,,,,,,,,,,,,,,,,,,,,,,,,,,,,,,,,,,,,,,,,,,,,,,,,,,,,,,,,,,,,,,,,,,,,,,,,,,,,,,,,,,,,,,,,,,,,,,,,,,,,,,,,,,,,,,,,,,,,,,,,,,,,,,,,,,,,,,,,,,,,,,,,,,,,,,,,,,,,,,,,,,,,,,,,,,,,,,,,,,,,,,
,,,,,,WC1V12W-SG-UPC,,,,WC1V12W-SG-UPC,WC1V12W-SG-UPC,WC1V12WSGUPC 1G Cover Wh,-- Unbranded --,-- No Unilog Brand --,Southwire,Southwire/g Turner (6603),Southwire Company,Southwire,,WC1V12W-SG-UPC,,,"Southwire Company Southwire, Hardware & Tools, WC1V12W-SG-UPC",WC1V12WSGUPC 1G COVER WH,Southwire WC1V12W-SG-UPC Hardware & Tools,WC1V12WSGUPC 1G Cover Wh,Southwire WC1V12W-SG-UPC Hardware & Tools,,,,,,,,,,,,,,,,,,,,,,,,,,,Hardware & Tools,,,,,,,,,,,,,,,,,,,,,,,,,,,,,,,,,,,,,,,,,,,,,,,,,,,,,,,,,,,,,,,,,,,,,,,,,,,,,,,,,,,,,,,,,,,,,,,,,,,,,,,,,,,,,,,,,,,,,,,,,,,,,,,,,,,,,,,,,,,,,,,,,,,,,,,,,,,,,,,,,,,,,,,,,,,,,,,,,,,,,,,,,,,,,,,,,,,,,
,,,,,,R51-GSRA1-THD,,,,R51-GSRA1-THD,R51-GSRA1-THD,R5GSRA1THD 15A GFCI Plug,-- Unbranded --,-- No Unilog Brand --,Leviton,Leviton Mfg Co (4927),Leviton Manufacturing Co,Leviton,,R51-GSRA1-THD,,,"Leviton Manufacturing Co Leviton, Hardware & Tools, R51-GSRA1-THD",R5GSRA1THD 15A GFCI PLUG,Leviton R51-GSRA1-THD Hardware & Tools,R5GSRA1THD 15A GFCI Plug,Leviton R51-GSRA1-THD Hardware & Tools,,,,,,,,,,,,,,,,,,,,,,,,,,,Hardware & Tools,,,,,,,,,,,,,,,,,,,,,,,,,,,,,,,,,,,,,,,,,,,,,,,,,,,,,,,,,,,,,,,,,,,,,,,,,,,,,,,,,,,,,,,,,,,,,,,,,,,,,,,,,,,,,,,,,,,,,,,,,,,,,,,,,,,,,,,,,,,,,,,,,,,,,,,,,,,,,,,,,,,,,,,,,,,,,,,,,,,,,,,,,,,,,,,,,,,,,
,,,,,,R62-CBR15-00W,Lighting & Electrical,Wiring Devices,Outlets & Receptacles,R62-CBR15-00W,R62-CBR15-00W,R62CBR1500W 15A Outlet Wh,-- Unbranded --,-- No Unilog Brand --,Leviton,Leviton Mfg Co (4927),Leviton Manufacturing Co,Leviton,,R62-CBR15-00W,,Lighting & Electrical>Wiring Devices>Outlets & Receptacles,"Leviton Manufacturing Co Leviton, Outlets & Receptacles, R62-CBR15-00W",R62CBR1500W 15A OUTLET WH,Leviton R62-CBR15-00W Outlets & Receptacles,R62CBR1500W 15A Outlet Wh,Leviton R62-CBR15-00W Outlets & Receptacles,,,,,,,,,,,,,,,,,,,,,,,,,,,Outlets & Receptacles,,,,,,,,,,,,,,,,,,,,,,,,,,,,,,,,,,,,,,,,,,,,,,,,,,,,,,,,,,,,,,,,,,,,,,,,,,,,,,,,,,,,,,,,,,,,,,,,,,,,,,,,,,,,,,,,,,,,,,,,,,,,,,,,,,,,,,,,,,,,,,,,,,,,,,,,,,,,,,,,,,,,,,,,,,,,,,,,,,,,,,,,,,,,,,,,,,,,,
,,,,,,S03-05226-IS,Lighting & Electrical,Wiring Devices,Switches,S03-05226-IS,S03-05226-IS,S0305226IS IV Switch / Pilot,-- Unbranded --,-- No Unilog Brand --,Leviton,Leviton Mfg Co (4927),Leviton Manufacturing Co,Leviton,,S03-05226-IS,,Lighting & Electrical>Wiring Devices>Switches,"Leviton Manufacturing Co Leviton, Switches, S03-05226-IS",S0305226IS IV SWITCH / PILOT,Leviton S03-05226-IS Switches,S0305226IS IV Switch / Pilot,Leviton S03-05226-IS Switches,,,,,,,,,,,,,,,,,,,,,,,,,,,Switches,,,,,,,,,,,,,,,,,,,,,,,,,,,,,,,,,,,,,,,,,,,,,,,,,,,,,,,,,,,,,,,,,,,,,,,,,,,,,,,,,,,,,,,,,,,,,,,,,,,,,,,,,,,,,,,,,,,,,,,,,,,,,,,,,,,,,,,,,,,,,,,,,,,,,,,,,,,,,,,,,,,,,,,,,,,,,,,,,,,,,,,,,,,,,,,,,,,,,
,,,,,,174-0CSB3-15W,Lighting & Electrical,Wiring Devices,Switches,174-0CSB3-15W,174-0CSB3-15W,174-OCSB3-15A Toggle 3-Way Switch Wh,-- Unbranded --,-- No Unilog Brand --,-- No DIB Brand --,Leviton Mfg Co (4927),Leviton Manufacturing Co,-- Unbranded --,,174-0CSB3-15W,,Lighting & Electrical>Wiring Devices>Switches,"Leviton Manufacturing Co -- Unbranded --, Switches, 174-0CSB3-15W",174-OCSB3-15A TOGGLE 3-WAY SWITCH WH,-- Unbranded -- 174-0CSB3-15W Switches,174-OCSB3-15A Toggle 3-Way Switch Wh,-- Unbranded -- 174-0CSB3-15W Switches,,,,,,,,,,,,,,,,,,,,,,,,,,,Switches,,,,,,,,,,,,,,,,,,,,,,,,,,,,,,,,,,,,,,,,,,,,,,,,,,,,,,,,,,,,,,,,,,,,,,,,,,,,,,,,,,,,,,,,,,,,,,,,,,,,,,,,,,,,,,,,,,,,,,,,,,,,,,,,,,,,,,,,,,,,,,,,,,,,,,,,,,,,,,,,,,,,,,,,,,,,,,,,,,,,,,,,,,,,,,,,,,,,,
,,,,,,R50-0SL13-000,,,,R50-0SL13-000,R50-0SL13-000,T50-0SL13000 1G Wallplate SS - Blank,-- Unbranded --,-- No Unilog Brand --,Leviton,Leviton Mfg Co (4927),Leviton Manufacturing Co,Leviton,,R50-0SL13-000,,,"Leviton Manufacturing Co Leviton, Hardware & Tools, R50-0SL13-000",T50-0SL13000 1G WALLPLATE SS - BLANK,Leviton R50-0SL13-000 Hardware & Tools,T50-0SL13000 1G Wallplate SS - Blank,Leviton R50-0SL13-000 Hardware & Tools,,,,,,,,,,,,,,,,,,,,,,,,,,,Hardware & Tools,,,,,,,,,,,,,,,,,,,,,,,,,,,,,,,,,,,,,,,,,,,,,,,,,,,,,,,,,,,,,,,,,,,,,,,,,,,,,,,,,,,,,,,,,,,,,,,,,,,,,,,,,,,,,,,,,,,,,,,,,,,,,,,,,,,,,,,,,,,,,,,,,,,,,,,,,,,,,,,,,,,,,,,,,,,,,,,,,,,,,,,,,,,,,,,,,,,,,
,,,,,,R52-0PJ13-00W,,,,R52-0PJ13-00W,R52-0PJ13-00W,R520PJ1300W 1G Wallplate Wh - Blank,-- Unbranded --,-- No Unilog Brand --,Leviton,Leviton Mfg Co (4927),Leviton Manufacturing Co,Leviton,,R52-0PJ13-00W,,,"Leviton Manufacturing Co Leviton, Hardware & Tools, R52-0PJ13-00W",R520PJ1300W 1G WALLPLATE WH - BLANK,Leviton R52-0PJ13-00W Hardware & Tools,R520PJ1300W 1G Wallplate Wh - Blank,Leviton R52-0PJ13-00W Hardware & Tools,,,,,,,,,,,,,,,,,,,,,,,,,,,Hardware & Tools,,,,,,,,,,,,,,,,,,,,,,,,,,,,,,,,,,,,,,,,,,,,,,,,,,,,,,,,,,,,,,,,,,,,,,,,,,,,,,,,,,,,,,,,,,,,,,,,,,,,,,,,,,,,,,,,,,,,,,,,,,,,,,,,,,,,,,,,,,,,,,,,,,,,,,,,,,,,,,,,,,,,,,,,,,,,,,,,,,,,,,,,,,,,,,,,,,,,,
,,,,,,XOU2470BCGS,Appliances & Consumer Electronics,Laundry Appliances,Laundry Centers,XOU2470BCGS,XOU2470BCGS,XOU2470BCGS Tall Beverage Center SS,-- Unbranded --,-- No Unilog Brand --,-- No DIB Brand --,Appliance Dealers Cooperative (APPDE),Appliance Dealers Cooperative,-- Unbranded --,,XOU2470BCGS,,Appliances & Consumer Electronics>Laundry Appliances>Laundry Centers,"Appliance Dealers Cooperative -- Unbranded --, Laundry Centers, XOU2470BCGS",XOU2470BCGS TALL BEVERAGE CENTER SS,-- Unbranded -- XOU2470BCGS Laundry Centers,XOU2470BCGS Tall Beverage Center SS,-- Unbranded -- XOU2470BCGS Laundry Centers,,,,,,,,,,,,,,,,,,,,,,,,,,,Laundry Centers,,,,,,,,,,,,,,,,,,,,,,,,,,,,,,,,,,,,,,,,,,,,,,,,,,,,,,,,,,,,,,,,,,,,,,,,,,,,,,,,,,,,,,,,,,,,,,,,,,,,,,,,,,,,,,,,,,,,,,,,,,,,,,,,,,,,,,,,,,,,,,,,,,,,,,,,,,,,,,,,,,,,,,,,,,,,,,,,,,,,,,,,,,,,,,,,,,,,,
,,,,,,XOU24BCGSR,Appliances & Consumer Electronics,Laundry Appliances,Laundry Centers,XOU24BCGSR,XOU24BCGSR,XOU24BCGSR Beverage Center SS,-- Unbranded --,-- No Unilog Brand --,-- No DIB Brand --,Appliance Dealers Cooperative (APPDE),Appliance Dealers Cooperative,-- Unbranded --,,XOU24BCGSR,,Appliances & Consumer Electronics>Laundry Appliances>Laundry Centers,"Appliance Dealers Cooperative -- Unbranded --, Laundry Centers, XOU24BCGSR",XOU24BCGSR BEVERAGE CENTER SS,-- Unbranded -- XOU24BCGSR Laundry Centers,XOU24BCGSR Beverage Center SS,-- Unbranded -- XOU24BCGSR Laundry Centers,,,,,,,,,,,,,,,,,,,,,,,,,,,Laundry Centers,,,,,,,,,,,,,,,,,,,,,,,,,,,,,,,,,,,,,,,,,,,,,,,,,,,,,,,,,,,,,,,,,,,,,,,,,,,,,,,,,,,,,,,,,,,,,,,,,,,,,,,,,,,,,,,,,,,,,,,,,,,,,,,,,,,,,,,,,,,,,,,,,,,,,,,,,,,,,,,,,,,,,,,,,,,,,,,,,,,,,,,,,,,,,,,,,,,,,
,,,,,,XOU24WDZGBR,Appliances & Consumer Electronics,Laundry Appliances,Laundry Centers,XOU24WDZGBR,XOU24WDZGBR,XOU24WDZGBR Beverage Center Bk,-- Unbranded --,-- No Unilog Brand --,-- No DIB Brand --,Appliance Dealers Cooperative (APPDE),Appliance Dealers Cooperative,-- Unbranded --,,XOU24WDZGBR,,Appliances & Consumer Electronics>Laundry Appliances>Laundry Centers,"Appliance Dealers Cooperative -- Unbranded --, Laundry Centers, XOU24WDZGBR",XOU24WDZGBR BEVERAGE CENTER BK,-- Unbranded -- XOU24WDZGBR Laundry Centers,XOU24WDZGBR Beverage Center Bk,-- Unbranded -- XOU24WDZGBR Laundry Centers,,,,,,,,,,,,,,,,,,,,,,,,,,,Laundry Centers,,,,,,,,,,,,,,,,,,,,,,,,,,,,,,,,,,,,,,,,,,,,,,,,,,,,,,,,,,,,,,,,,,,,,,,,,,,,,,,,,,,,,,,,,,,,,,,,,,,,,,,,,,,,,,,,,,,,,,,,,,,,,,,,,,,,,,,,,,,,,,,,,,,,,,,,,,,,,,,,,,,,,,,,,,,,,,,,,,,,,,,,,,,,,,,,,,,,,
,,,,,,C7CDAAS3PD3,,,,C7CDAAS3PD3,C7CDAAS3PD3,C7CDAAS3PD3 Café Drip Coffee Maker MB,-- Unbranded --,-- No Unilog Brand --,-- No DIB Brand --,Appliance Dealers Cooperative (APPDE),Appliance Dealers Cooperative,-- Unbranded --,,C7CDAAS3PD3,,,"Appliance Dealers Cooperative -- Unbranded --, Hardware & Tools, C7CDAAS3PD3",C7CDAAS3PD3 CAF茅 DRIP COFFEE MAKER MB,-- Unbranded -- C7CDAAS3PD3 Hardware & Tools,C7CDAAS3PD3 Caf茅 Drip Coffee Maker MB,-- Unbranded -- C7CDAAS3PD3 Hardware & Tools,,,,,,,,,,,,,,,,,,,,,,,,,,,Hardware & Tools,,,,,,,,,,,,,,,,,,,,,,,,,,,,,,,,,,,,,,,,,,,,,,,,,,,,,,,,,,,,,,,,,,,,,,,,,,,,,,,,,,,,,,,,,,,,,,,,,,,,,,,,,,,,,,,,,,,,,,,,,,,,,,,,,,,,,,,,,,,,,,,,,,,,,,,,,,,,,,,,,,,,,,,,,,,,,,,,,,,,,,,,,,,,,,,,,,,,,
,,,,,,C7CDAAS4PW3,,,,C7CDAAS4PW3,C7CDAAS4PW3,C7CDAAS4PW3 Café Drip Coffee Maker MW,-- Unbranded --,-- No Unilog Brand --,-- No DIB Brand --,Appliance Dealers Cooperative (APPDE),Appliance Dealers Cooperative,-- Unbranded --,,C7CDAAS4PW3,,,"Appliance Dealers Cooperative -- Unbranded --, Hardware & Tools, C7CDAAS4PW3",C7CDAAS4PW3 CAF茅 DRIP COFFEE MAKER MW,-- Unbranded -- C7CDAAS4PW3 Hardware & Tools,C7CDAAS4PW3 Caf茅 Drip Coffee Maker MW,-- Unbranded -- C7CDAAS4PW3 Hardware & Tools,,,,,,,,,,,,,,,,,,,,,,,,,,,Hardware & Tools,,,,,,,,,,,,,,,,,,,,,,,,,,,,,,,,,,,,,,,,,,,,,,,,,,,,,,,,,,,,,,,,,,,,,,,,,,,,,,,,,,,,,,,,,,,,,,,,,,,,,,,,,,,,,,,,,,,,,,,,,,,,,,,,,,,,,,,,,,,,,,,,,,,,,,,,,,,,,,,,,,,,,,,,,,,,,,,,,,,,,,,,,,,,,,,,,,,,,
,,,,,,C7CDABS2RS3,,,,C7CDABS2RS3,C7CDABS2RS3,C7CDABS2RS3 Cafe Coffee Maker,-- Unbranded --,-- No Unilog Brand --,-- No DIB Brand --,Appliance Dealers Cooperative (APPDE),Appliance Dealers Cooperative,-- Unbranded --,,C7CDABS2RS3,,,"Appliance Dealers Cooperative -- Unbranded --, Hardware & Tools, C7CDABS2RS3",C7CDABS2RS3 CAFE COFFEE MAKER,-- Unbranded -- C7CDABS2RS3 Hardware & Tools,C7CDABS2RS3 Cafe Coffee Maker,-- Unbranded -- C7CDABS2RS3 Hardware & Tools,,,,,,,,,,,,,,,,,,,,,,,,,,,Hardware & Tools,,,,,,,,,,,,,,,,,,,,,,,,,,,,,,,,,,,,,,,,,,,,,,,,,,,,,,,,,,,,,,,,,,,,,,,,,,,,,,,,,,,,,,,,,,,,,,,,,,,,,,,,,,,,,,,,,,,,,,,,,,,,,,,,,,,,,,,,,,,,,,,,,,,,,,,,,,,,,,,,,,,,,,,,,,,,,,,,,,,,,,,,,,,,,,,,,,,,,
,,,,,,C7CDABS3RD3,,,,C7CDABS3RD3,C7CDABS3RD3,C7CDABS3RD3 Café Coffee Maker MB,-- Unbranded --,-- No Unilog Brand --,-- No DIB Brand --,Appliance Dealers Cooperative (APPDE),Appliance Dealers Cooperative,-- Unbranded --,,C7CDABS3RD3,,,"Appliance Dealers Cooperative -- Unbranded --, Hardware & Tools, C7CDABS3RD3",C7CDABS3RD3 CAF茅 COFFEE MAKER MB,-- Unbranded -- C7CDABS3RD3 Hardware & Tools,C7CDABS3RD3 Caf茅 Coffee Maker MB,-- Unbranded -- C7CDABS3RD3 Hardware & Tools,,,,,,,,,,,,,,,,,,,,,,,,,,,Hardware & Tools,,,,,,,,,,,,,,,,,,,,,,,,,,,,,,,,,,,,,,,,,,,,,,,,,,,,,,,,,,,,,,,,,,,,,,,,,,,,,,,,,,,,,,,,,,,,,,,,,,,,,,,,,,,,,,,,,,,,,,,,,,,,,,,,,,,,,,,,,,,,,,,,,,,,,,,,,,,,,,,,,,,,,,,,,,,,,,,,,,,,,,,,,,,,,,,,,,,,,
,,,,,,C7CDABS4RW3,,,,C7CDABS4RW3,C7CDABS4RW3,C7CDABS4RW3 Café Coffee Maker MW,-- Unbranded --,-- No Unilog Brand --,-- No DIB Brand --,Appliance Dealers Cooperative (APPDE),Appliance Dealers Cooperative,-- Unbranded --,,C7CDABS4RW3,,,"Appliance Dealers Cooperative -- Unbranded --, Hardware & Tools, C7CDABS4RW3",C7CDABS4RW3 CAF茅 COFFEE MAKER MW,-- Unbranded -- C7CDABS4RW3 Hardware & Tools,C7CDABS4RW3 Caf茅 Coffee Maker MW,-- Unbranded -- C7CDABS4RW3 Hardware & Tools,,,,,,,,,,,,,,,,,,,,,,,,,,,Hardware & Tools,,,,,,,,,,,,,,,,,,,,,,,,,,,,,,,,,,,,,,,,,,,,,,,,,,,,,,,,,,,,,,,,,,,,,,,,,,,,,,,,,,,,,,,,,,,,,,,,,,,,,,,,,,,,,,,,,,,,,,,,,,,,,,,,,,,,,,,,,,,,,,,,,,,,,,,,,,,,,,,,,,,,,,,,,,,,,,,,,,,,,,,,,,,,,,,,,,,,,
,,,,,,C7CEBBS2RS3,,,,C7CEBBS2RS3,C7CEBBS2RS3,C7CEBBS2RS3 Cafe Auto Espresso Machine SS,-- Unbranded --,-- No Unilog Brand --,-- No DIB Brand --,Appliance Dealers Cooperative (APPDE),Appliance Dealers Cooperative,-- Unbranded --,,C7CEBBS2RS3,,,"Appliance Dealers Cooperative -- Unbranded --, Hardware & Tools, C7CEBBS2RS3",C7CEBBS2RS3 CAFE AUTO ESPRESSO MACHINE SS,-- Unbranded -- C7CEBBS2RS3 Hardware & Tools,C7CEBBS2RS3 Cafe Auto Espresso Machine SS,-- Unbranded -- C7CEBBS2RS3 Hardware & Tools,,,,,,,,,,,,,,,,,,,,,,,,,,,Hardware & Tools,,,,,,,,,,,,,,,,,,,,,,,,,,,,,,,,,,,,,,,,,,,,,,,,,,,,,,,,,,,,,,,,,,,,,,,,,,,,,,,,,,,,,,,,,,,,,,,,,,,,,,,,,,,,,,,,,,,,,,,,,,,,,,,,,,,,,,,,,,,,,,,,,,,,,,,,,,,,,,,,,,,,,,,,,,,,,,,,,,,,,,,,,,,,,,,,,,,,,
,,,,,,C7CEBBS4RW3,,,,C7CEBBS4RW3,C7CEBBS4RW3,C7CEBBS4RW3 Café Auto Espresso Machine Wh,-- Unbranded --,-- No Unilog Brand --,-- No DIB Brand --,Appliance Dealers Cooperative (APPDE),Appliance Dealers Cooperative,-- Unbranded --,,C7CEBBS4RW3,,,"Appliance Dealers Cooperative -- Unbranded --, Hardware & Tools, C7CEBBS4RW3",C7CEBBS4RW3 CAF茅 AUTO ESPRESSO MACHINE WH,-- Unbranded -- C7CEBBS4RW3 Hardware & Tools,C7CEBBS4RW3 Caf茅 Auto Espresso Machine Wh,-- Unbranded -- C7CEBBS4RW3 Hardware & Tools,,,,,,,,,,,,,,,,,,,,,,,,,,,Hardware & Tools,,,,,,,,,,,,,,,,,,,,,,,,,,,,,,,,,,,,,,,,,,,,,,,,,,,,,,,,,,,,,,,,,,,,,,,,,,,,,,,,,,,,,,,,,,,,,,,,,,,,,,,,,,,,,,,,,,,,,,,,,,,,,,,,,,,,,,,,,,,,,,,,,,,,,,,,,,,,,,,,,,,,,,,,,,,,,,,,,,,,,,,,,,,,,,,,,,,,,
,,,,,,C7CESAS2RS3,,,,C7CESAS2RS3,C7CESAS2RS3,C7CESAS2RS3 Café Espresso SS,-- Unbranded --,-- No Unilog Brand --,-- No DIB Brand --,Appliance Dealers Cooperative (APPDE),Appliance Dealers Cooperative,-- Unbranded --,,C7CESAS2RS3,,,"Appliance Dealers Cooperative -- Unbranded --, Hardware & Tools, C7CESAS2RS3",C7CESAS2RS3 CAF茅 ESPRESSO SS,-- Unbranded -- C7CESAS2RS3 Hardware & Tools,C7CESAS2RS3 Caf茅 Espresso SS,-- Unbranded -- C7CESAS2RS3 Hardware & Tools,,,,,,,,,,,,,,,,,,,,,,,,,,,Hardware & Tools,,,,,,,,,,,,,,,,,,,,,,,,,,,,,,,,,,,,,,,,,,,,,,,,,,,,,,,,,,,,,,,,,,,,,,,,,,,,,,,,,,,,,,,,,,,,,,,,,,,,,,,,,,,,,,,,,,,,,,,,,,,,,,,,,,,,,,,,,,,,,,,,,,,,,,,,,,,,,,,,,,,,,,,,,,,,,,,,,,,,,,,,,,,,,,,,,,,,,
,,,,,,C7CESAS3RD3,,,,C7CESAS3RD3,C7CESAS3RD3,C7CESAS3RD3 Café Espresso Machine MB,-- Unbranded --,-- No Unilog Brand --,-- No DIB Brand --,Appliance Dealers Cooperative (APPDE),Appliance Dealers Cooperative,-- Unbranded --,,C7CESAS3RD3,,,"Appliance Dealers Cooperative -- Unbranded --, Hardware & Tools, C7CESAS3RD3",C7CESAS3RD3 CAF茅 ESPRESSO MACHINE MB,-- Unbranded -- C7CESAS3RD3 Hardware & Tools,C7CESAS3RD3 Caf茅 Espresso Machine MB,-- Unbranded -- C7CESAS3RD3 Hardware & Tools,,,,,,,,,,,,,,,,,,,,,,,,,,,Hardware & Tools,,,,,,,,,,,,,,,,,,,,,,,,,,,,,,,,,,,,,,,,,,,,,,,,,,,,,,,,,,,,,,,,,,,,,,,,,,,,,,,,,,,,,,,,,,,,,,,,,,,,,,,,,,,,,,,,,,,,,,,,,,,,,,,,,,,,,,,,,,,,,,,,,,,,,,,,,,,,,,,,,,,,,,,,,,,,,,,,,,,,,,,,,,,,,,,,,,,,,
,,,,,,C7CESAS4RW3,,,,C7CESAS4RW3,C7CESAS4RW3,C7CESAS4RW3 Cafe Espresso Wh,-- Unbranded --,-- No Unilog Brand --,-- No DIB Brand --,Appliance Dealers Cooperative (APPDE),Appliance Dealers Cooperative,-- Unbranded --,,C7CESAS4RW3,,,"Appliance Dealers Cooperative -- Unbranded --, Hardware & Tools, C7CESAS4RW3",C7CESAS4RW3 CAFE ESPRESSO WH,-- Unbranded -- C7CESAS4RW3 Hardware & Tools,C7CESAS4RW3 Cafe Espresso Wh,-- Unbranded -- C7CESAS4RW3 Hardware & Tools,,,,,,,,,,,,,,,,,,,,,,,,,,,Hardware & Tools,,,,,,,,,,,,,,,,,,,,,,,,,,,,,,,,,,,,,,,,,,,,,,,,,,,,,,,,,,,,,,,,,,,,,,,,,,,,,,,,,,,,,,,,,,,,,,,,,,,,,,,,,,,,,,,,,,,,,,,,,,,,,,,,,,,,,,,,,,,,,,,,,,,,,,,,,,,,,,,,,,,,,,,,,,,,,,,,,,,,,,,,,,,,,,,,,,,,,
,,,,,,WOSP30100SS,Building Materials,Drywall,Gypsum Board,WOSP30100SS,WOSP30100SS,WOSP30100SS Beko Wall Oven SS,-- Unbranded --,-- No Unilog Brand --,-- No DIB Brand --,Appliance Dealers Cooperative (APPDE),Whirlpool Corporation,Whirlpool®,,WDTS7024RZ,,Appliances & Consumer Electronics>Kitchen Appliances>Built-In Dishwashers,"Whirlpool, Dishwasher, Eco Series, W",WOSP30100SS BEKO WALL OVEN SS,Whirlpool® WOSP30100SS Gypsum Board,WOSP30100SS Beko Wall Oven SS,Whirlpool® WOSP30100SS Gypsum Board,,,,,,,,,,,,,,,,,,,,,,,,,,,Gypsum Board,,,,,,,,,,,,,,,,,,,,,,,,,,,,,,,,,,,,,,,,,,,,,,,,,,,,,,,,,,,,,,,,,,,,,,,,,,,,,,,,,,,,,,,,,,,,,,,,,,,,,,,,,,,,,,,,,,,,,,,,,,,,,,,,,,,,,,,,,,,,,,,,,,,,,,,,,,,,,,,,,,,,,,,,,,,,,,,,,,,,,,,,,,,,,,,,,,,,,
,,,,,,MSER2090S,,,,MSER2090S,MSER2090S,MSER2090S LG Microwave SS,-- Unbranded --,-- No Unilog Brand --,-- No DIB Brand --,Appliance Dealers Cooperative (APPDE),Appliance Dealers Cooperative,LG,,MSER2090S,,,"Appliance Dealers Cooperative LG, Hardware & Tools, MSER2090S",MSER2090S LG MICROWAVE SS,LG MSER2090S Hardware & Tools,MSER2090S LG Microwave SS,LG MSER2090S Hardware & Tools,,,,,,,,,,,,,,,,,,,,,,,,,,,Hardware & Tools,,,,,,,,,,,,,,,,,,,,,,,,,,,,,,,,,,,,,,,,,,,,,,,,,,,,,,,,,,,,,,,,,,,,,,,,,,,,,,,,,,,,,,,,,,,,,,,,,,,,,,,,,,,,,,,,,,,,,,,,,,,,,,,,,,,,,,,,,,,,,,,,,,,,,,,,,,,,,,,,,,,,,,,,,,,,,,,,,,,,,,,,,,,,,,,,,,,,,
,,,,,,GCST16S1WSS,,,,GCST16S1WSS,GCST16S1WSS,GCST16S1WSS GE Microwave SS,-- Unbranded --,-- No Unilog Brand --,-- No DIB Brand --,Appliance Dealers Cooperative (APPDE),Appliance Dealers Cooperative,GE,,GCST16S1WSS,,,"Appliance Dealers Cooperative GE, Hardware & Tools, GCST16S1WSS",GCST16S1WSS GE MICROWAVE SS,GE GCST16S1WSS Hardware & Tools,GCST16S1WSS GE Microwave SS,GE GCST16S1WSS Hardware & Tools,,,,,,,,,,,,,,,,,,,,,,,,,,,Hardware & Tools,,,,,,,,,,,,,,,,,,,,,,,,,,,,,,,,,,,,,,,,,,,,,,,,,,,,,,,,,,,,,,,,,,,,,,,,,,,,,,,,,,,,,,,,,,,,,,,,,,,,,,,,,,,,,,,,,,,,,,,,,,,,,,,,,,,,,,,,,,,,,,,,,,,,,,,,,,,,,,,,,,,,,,,,,,,,,,,,,,,,,,,,,,,,,,,,,,,,,
,,,,,,PCWK15C1WSS,,,,PCWK15C1WSS,PCWK15C1WSS,PCWK15C1WSS GE Microwave,-- Unbranded --,-- No Unilog Brand --,-- No DIB Brand --,Appliance Dealers Cooperative (APPDE),Appliance Dealers Cooperative,GE,,PCWK15C1WSS,,,"Appliance Dealers Cooperative GE, Hardware & Tools, PCWK15C1WSS",PCWK15C1WSS GE MICROWAVE,GE PCWK15C1WSS Hardware & Tools,PCWK15C1WSS GE Microwave,GE PCWK15C1WSS Hardware & Tools,,,,,,,,,,,,,,,,,,,,,,,,,,,Hardware & Tools,,,,,,,,,,,,,,,,,,,,,,,,,,,,,,,,,,,,,,,,,,,,,,,,,,,,,,,,,,,,,,,,,,,,,,,,,,,,,,,,,,,,,,,,,,,,,,,,,,,,,,,,,,,,,,,,,,,,,,,,,,,,,,,,,,,,,,,,,,,,,,,,,,,,,,,,,,,,,,,,,,,,,,,,,,,,,,,,,,,,,,,,,,,,,,,,,,,,,
,,,,,,SMC2266KS,,,,SMC2266KS,SMC2266KS,SMC2266KS Microwave SS Display Only,-- Unbranded --,-- No Unilog Brand --,-- No DIB Brand --,Appliance Dealers Cooperative (APPDE),Appliance Dealers Cooperative,-- Unbranded --,,SMC2266KS,,,"Appliance Dealers Cooperative -- Unbranded --, Hardware & Tools, SMC2266KS",SMC2266KS MICROWAVE SS DISPLAY ONLY,-- Unbranded -- SMC2266KS Hardware & Tools,SMC2266KS Microwave SS Display Only,-- Unbranded -- SMC2266KS Hardware & Tools,,,,,,,,,,,,,,,,,,,,,,,,,,,Hardware & Tools,,,,,,,,,,,,,,,,,,,,,,,,,,,,,,,,,,,,,,,,,,,,,,,,,,,,,,,,,,,,,,,,,,,,,,,,,,,,,,,,,,,,,,,,,,,,,,,,,,,,,,,,,,,,,,,,,,,,,,,,,,,,,,,,,,,,,,,,,,,,,,,,,,,,,,,,,,,,,,,,,,,,,,,,,,,,,,,,,,,,,,,,,,,,,,,,,,,,,
,,,,,,SMD2479JS,,,,SMD2479JS,SMD2479JS,SMD2479JS Microwave Drawer SS Display Only,-- Unbranded --,-- No Unilog Brand --,-- No DIB Brand --,Appliance Dealers Cooperative (APPDE),Appliance Dealers Cooperative,-- Unbranded --,,SMD2479JS,,,"Appliance Dealers Cooperative -- Unbranded --, Hardware & Tools, SMD2479JS",SMD2479JS MICROWAVE DRAWER SS DISPLAY ONLY,-- Unbranded -- SMD2479JS Hardware & Tools,SMD2479JS Microwave Drawer SS Display Only,-- Unbranded -- SMD2479JS Hardware & Tools,,,,,,,,,,,,,,,,,,,,,,,,,,,Hardware & Tools,,,,,,,,,,,,,,,,,,,,,,,,,,,,,,,,,,,,,,,,,,,,,,,,,,,,,,,,,,,,,,,,,,,,,,,,,,,,,,,,,,,,,,,,,,,,,,,,,,,,,,,,,,,,,,,,,,,,,,,,,,,,,,,,,,,,,,,,,,,,,,,,,,,,,,,,,,,,,,,,,,,,,,,,,,,,,,,,,,,,,,,,,,,,,,,,,,,,,
,,,,,,PEP9030DTBB,,,,PEP9030DTBB,PEP9030DTBB,"PEP9030DTBB 30"" GE Cooktop Bk",-- Unbranded --,-- No Unilog Brand --,-- No DIB Brand --,Appliance Dealers Cooperative (APPDE),Appliance Dealers Cooperative,GE,,PEP9030DTBB,,,"Appliance Dealers Cooperative GE, Hardware & Tools, PEP9030DTBB","PEP9030DTBB 30"" GE COOKTOP BK",GE PEP9030DTBB Hardware & Tools,"PEP9030DTBB 30"" GE Cooktop Bk",GE PEP9030DTBB Hardware & Tools,,,,,,,,,,,,,,,,,,,,,,,,,,,Hardware & Tools,,,,,,,,,,,,,,,,,,,,,,,,,,,,,,,,,,,,,,,,,,,,,,,,,,,,,,,,,,,,,,,,,,,,,,,,,,,,,,,,,,,,,,,,,,,,,,,,,,,,,,,,,,,,,,,,,,,,,,,,,,,,,,,,,,,,,,,,,,,,,,,,,,,,,,,,,,,,,,,,,,,,,,,,,,,,,,,,,,,,,,,,,,,,,,,,,,,,,
,,,,,,CES700P3MD1,,,,CES700P3MD1,CES700P3MD1,"CES700P3MD1 Cafe 30"" Range Bk - Display",-- Unbranded --,-- No Unilog Brand --,-- No DIB Brand --,Appliance Dealers Cooperative (APPDE),Appliance Dealers Cooperative,-- Unbranded --,,CES700P3MD1,,,"Appliance Dealers Cooperative -- Unbranded --, Hardware & Tools, CES700P3MD1","CES700P3MD1 CAFE 30"" RANGE BK - DISPLAY",-- Unbranded -- CES700P3MD1 Hardware & Tools,"CES700P3MD1 Cafe 30"" Range Bk - Display",-- Unbranded -- CES700P3MD1 Hardware & Tools,,,,,,,,,,,,,,,,,,,,,,,,,,,Hardware & Tools,,,,,,,,,,,,,,,,,,,,,,,,,,,,,,,,,,,,,,,,,,,,,,,,,,,,,,,,,,,,,,,,,,,,,,,,,,,,,,,,,,,,,,,,,,,,,,,,,,,,,,,,,,,,,,,,,,,,,,,,,,,,,,,,,,,,,,,,,,,,,,,,,,,,,,,,,,,,,,,,,,,,,,,,,,,,,,,,,,,,,,,,,,,,,,,,,,,,,
,,,,,,PS960YPFS,Appliances & Consumer Electronics,Laundry Appliances,Electric Dryers,PS960YPFS,PS960YPFS,"PS960YPFS 30"" GE Electric Range SS - Display Only",-- Unbranded --,-- No Unilog Brand --,-- No DIB Brand --,Appliance Dealers Cooperative (APPDE),Appliance Dealers Cooperative,GE,,PS960YPFS,,Appliances & Consumer Electronics>Laundry Appliances>Electric Dryers,"Appliance Dealers Cooperative GE, Electric Dryers, PS960YPFS","PS960YPFS 30"" GE ELECTRIC RANGE SS - DISPLAY ONLY",GE PS960YPFS Electric Dryers,"PS960YPFS 30"" GE Electric Range SS - Display Only",GE PS960YPFS Electric Dryers,,,,,,,,,,,,,,,,,,,,,,,,,,,Electric Dryers,,,,,,,,,,,,,,,,,,,,,,,,,,,,,,,,,,,,,,,,,,,,,,,,,,,,,,,,,,,,,,,,,,,,,,,,,,,,,,,,,,,,,,,,,,,,,,,,,,,,,,,,,,,,,,,,,,,,,,,,,,,,,,,,,,,,,,,,,,,,,,,,,,,,,,,,,,,,,,,,,,,,,,,,,,,,,,,,,,,,,,,,,,,,,,,,,,,,,
,,,,,,PB900YVFS,Appliances & Consumer Electronics,Laundry Appliances,Electric Dryers,PB900YVFS,PB900YVFS,"PB900YVFS Elect 30"" Range SS",-- Unbranded --,-- No Unilog Brand --,-- No DIB Brand --,Appliance Dealers Cooperative (APPDE),Appliance Dealers Cooperative,-- Unbranded --,,PB900YVFS,,Appliances & Consumer Electronics>Laundry Appliances>Electric Dryers,"Appliance Dealers Cooperative -- Unbranded --, Electric Dryers, PB900YVFS","PB900YVFS ELECT 30"" RANGE SS",-- Unbranded -- PB900YVFS Electric Dryers,"PB900YVFS Elect 30"" Range SS",-- Unbranded -- PB900YVFS Electric Dryers,,,,,,,,,,,,,,,,,,,,,,,,,,,Electric Dryers,,,,,,,,,,,,,,,,,,,,,,,,,,,,,,,,,,,,,,,,,,,,,,,,,,,,,,,,,,,,,,,,,,,,,,,,,,,,,,,,,,,,,,,,,,,,,,,,,,,,,,,,,,,,,,,,,,,,,,,,,,,,,,,,,,,,,,,,,,,,,,,,,,,,,,,,,,,,,,,,,,,,,,,,,,,,,,,,,,,,,,,,,,,,,,,,,,,,,
,,,,,,PCFE3080AF,Appliances & Consumer Electronics,Laundry Appliances,Electric Dryers,PCFE3080AF,PCFE3080AF,"PCFE3080AF 30"" Elect Range SS - Display Only",-- Unbranded --,-- No Unilog Brand --,-- No DIB Brand --,Appliance Dealers Cooperative (APPDE),Appliance Dealers Cooperative,-- Unbranded --,,PCFE3080AF,,Appliances & Consumer Electronics>Laundry Appliances>Electric Dryers,"Appliance Dealers Cooperative -- Unbranded --, Electric Dryers, PCFE3080AF","PCFE3080AF 30"" ELECT RANGE SS - DISPLAY ONLY",-- Unbranded -- PCFE3080AF Electric Dryers,"PCFE3080AF 30"" Elect Range SS - Display Only",-- Unbranded -- PCFE3080AF Electric Dryers,,,,,,,,,,,,,,,,,,,,,,,,,,,Electric Dryers,,,,,,,,,,,,,,,,,,,,,,,,,,,,,,,,,,,,,,,,,,,,,,,,,,,,,,,,,,,,,,,,,,,,,,,,,,,,,,,,,,,,,,,,,,,,,,,,,,,,,,,,,,,,,,,,,,,,,,,,,,,,,,,,,,,,,,,,,,,,,,,,,,,,,,,,,,,,,,,,,,,,,,,,,,,,,,,,,,,,,,,,,,,,,,,,,,,,,
,,,,,,SLER30524SS,Appliances & Consumer Electronics,Laundry Appliances,Electric Dryers,SLER30524SS,SLER30524SS,"SLER30524SS 30"" Elect Range SS",-- Unbranded --,-- No Unilog Brand --,-- No DIB Brand --,Appliance Dealers Cooperative (APPDE),Appliance Dealers Cooperative,-- Unbranded --,,SLER30524SS,,Appliances & Consumer Electronics>Laundry Appliances>Electric Dryers,"Appliance Dealers Cooperative -- Unbranded --, Electric Dryers, SLER30524SS","SLER30524SS 30"" ELECT RANGE SS",-- Unbranded -- SLER30524SS Electric Dryers,"SLER30524SS 30"" Elect Range SS",-- Unbranded -- SLER30524SS Electric Dryers,,,,,,,,,,,,,,,,,,,,,,,,,,,Electric Dryers,,,,,,,,,,,,,,,,,,,,,,,,,,,,,,,,,,,,,,,,,,,,,,,,,,,,,,,,,,,,,,,,,,,,,,,,,,,,,,,,,,,,,,,,,,,,,,,,,,,,,,,,,,,,,,,,,,,,,,,,,,,,,,,,,,,,,,,,,,,,,,,,,,,,,,,,,,,,,,,,,,,,,,,,,,,,,,,,,,,,,,,,,,,,,,,,,,,,,
,,,,,,LSEL6333ZE,Appliances & Consumer Electronics,Laundry Appliances,Electric Dryers,LSEL6333ZE,LSEL6333ZE,"LSEL6333ZE LG 30"" Elec Range BS-Display Only",-- Unbranded --,-- No Unilog Brand --,-- No DIB Brand --,Appliance Dealers Cooperative (APPDE),Appliance Dealers Cooperative,LG,,LSEL6333ZE,,Appliances & Consumer Electronics>Laundry Appliances>Electric Dryers,"Appliance Dealers Cooperative LG, Electric Dryers, LSEL6333ZE","LSEL6333ZE LG 30"" ELEC RANGE BS-DISPLAY ONLY",LG LSEL6333ZE Electric Dryers,"LSEL6333ZE LG 30"" Elec Range BS-Display Only",LG LSEL6333ZE Electric Dryers,,,,,,,,,,,,,,,,,,,,,,,,,,,Electric Dryers,,,,,,,,,,,,,,,,,,,,,,,,,,,,,,,,,,,,,,,,,,,,,,,,,,,,,,,,,,,,,,,,,,,,,,,,,,,,,,,,,,,,,,,,,,,,,,,,,,,,,,,,,,,,,,,,,,,,,,,,,,,,,,,,,,,,,,,,,,,,,,,,,,,,,,,,,,,,,,,,,,,,,,,,,,,,,,,,,,,,,,,,,,,,,,,,,,,,,
,,,,,,KSES530SBE,Appliances & Consumer Electronics,Laundry Appliances,Electric Dryers,KSES530SBE,KSES530SBE,"KSES530SBE 30"" Elect Range BO Display Only",-- Unbranded --,-- No Unilog Brand --,-- No DIB Brand --,Appliance Dealers Cooperative (APPDE),Appliance Dealers Cooperative,-- Unbranded --,,KSES530SBE,,Appliances & Consumer Electronics>Laundry Appliances>Electric Dryers,"Appliance Dealers Cooperative -- Unbranded --, Electric Dryers, KSES530SBE","KSES530SBE 30"" ELECT RANGE BO DISPLAY ONLY",-- Unbranded -- KSES530SBE Electric Dryers,"KSES530SBE 30"" Elect Range BO Display Only",-- Unbranded -- KSES530SBE Electric Dryers,,,,,,,,,,,,,,,,,,,,,,,,,,,Electric Dryers,,,,,,,,,,,,,,,,,,,,,,,,,,,,,,,,,,,,,,,,,,,,,,,,,,,,,,,,,,,,,,,,,,,,,,,,,,,,,,,,,,,,,,,,,,,,,,,,,,,,,,,,,,,,,,,,,,,,,,,,,,,,,,,,,,,,,,,,,,,,,,,,,,,,,,,,,,,,,,,,,,,,,,,,,,,,,,,,,,,,,,,,,,,,,,,,,,,,,
,,,,,,GCFG3661AF,Appliances & Consumer Electronics,Laundry Appliances,Gas Dryers,GCFG3661AF,GCFG3661AF,"GCFG3661AF 36"" Frigidaire Gas Range SS",-- Unbranded --,-- No Unilog Brand --,-- No DIB Brand --,Appliance Dealers Cooperative (APPDE),Appliance Dealers Cooperative,FRIGIDAIRE,,GCFG3661AF,,Appliances & Consumer Electronics>Laundry Appliances>Gas Dryers,"Appliance Dealers Cooperative FRIGIDAIRE, Gas Dryers, GCFG3661AF","GCFG3661AF 36"" FRIGIDAIRE GAS RANGE SS",FRIGIDAIRE GCFG3661AF Gas Dryers,"GCFG3661AF 36"" Frigidaire Gas Range SS",FRIGIDAIRE GCFG3661AF Gas Dryers,,,,,,,,,,,,,,,,,,,,,,,,,,,Gas Dryers,,,,,,,,,,,,,,,,,,,,,,,,,,,,,,,,,,,,,,,,,,,,,,,,,,,,,,,,,,,,,,,,,,,,,,,,,,,,,,,,,,,,,,,,,,,,,,,,,,,,,,,,,,,,,,,,,,,,,,,,,,,,,,,,,,,,,,,,,,,,,,,,,,,,,,,,,,,,,,,,,,,,,,,,,,,,,,,,,,,,,,,,,,,,,,,,,,,,,
,,,,,,WSGS7530RZ,Appliances & Consumer Electronics,Laundry Appliances,Gas Dryers,WSGS7530RZ,WSGS7530RZ,"WSGS7530RZ 30"" Gas Range SS - Display Only",-- Unbranded --,-- No Unilog Brand --,-- No DIB Brand --,Appliance Dealers Cooperative (APPDE),Appliance Dealers Cooperative,-- Unbranded --,,WSGS7530RZ,,Appliances & Consumer Electronics>Laundry Appliances>Gas Dryers,"Appliance Dealers Cooperative -- Unbranded --, Gas Dryers, WSGS7530RZ","WSGS7530RZ 30"" GAS RANGE SS - DISPLAY ONLY",-- Unbranded -- WSGS7530RZ Gas Dryers,"WSGS7530RZ 30"" Gas Range SS - Display Only",-- Unbranded -- WSGS7530RZ Gas Dryers,,,,,,,,,,,,,,,,,,,,,,,,,,,Gas Dryers,,,,,,,,,,,,,,,,,,,,,,,,,,,,,,,,,,,,,,,,,,,,,,,,,,,,,,,,,,,,,,,,,,,,,,,,,,,,,,,,,,,,,,,,,,,,,,,,,,,,,,,,,,,,,,,,,,,,,,,,,,,,,,,,,,,,,,,,,,,,,,,,,,,,,,,,,,,,,,,,,,,,,,,,,,,,,,,,,,,,,,,,,,,,,,,,,,,,,
,,,,,,CHP90301TBB,,,,CHP90301TBB,CHP90301TBB,CHP90301TBB Café Cooktop Bk,-- Unbranded --,-- No Unilog Brand --,-- No DIB Brand --,Appliance Dealers Cooperative (APPDE),Appliance Dealers Cooperative,-- Unbranded --,,CHP90301TBB,,,"Appliance Dealers Cooperative -- Unbranded --, Hardware & Tools, CHP90301TBB",CHP90301TBB CAF茅 COOKTOP BK,-- Unbranded -- CHP90301TBB Hardware & Tools,CHP90301TBB Caf茅 Cooktop Bk,-- Unbranded -- CHP90301TBB Hardware & Tools,,,,,,,,,,,,,,,,,,,,,,,,,,,Hardware & Tools,,,,,,,,,,,,,,,,,,,,,,,,,,,,,,,,,,,,,,,,,,,,,,,,,,,,,,,,,,,,,,,,,,,,,,,,,,,,,,,,,,,,,,,,,,,,,,,,,,,,,,,,,,,,,,,,,,,,,,,,,,,,,,,,,,,,,,,,,,,,,,,,,,,,,,,,,,,,,,,,,,,,,,,,,,,,,,,,,,,,,,,,,,,,,,,,,,,,,
,,,,,,CVM517P3RD1,,,,CVM517P3RD1,CVM517P3RD1,CVM517P3RD1 Cafe Microwave Bk - Display,-- Unbranded --,-- No Unilog Brand --,-- No DIB Brand --,Appliance Dealers Cooperative (APPDE),Appliance Dealers Cooperative,-- Unbranded --,,CVM517P3RD1,,,"Appliance Dealers Cooperative -- Unbranded --, Hardware & Tools, CVM517P3RD1",CVM517P3RD1 CAFE MICROWAVE BK - DISPLAY,-- Unbranded -- CVM517P3RD1 Hardware & Tools,CVM517P3RD1 Cafe Microwave Bk - Display,-- Unbranded -- CVM517P3RD1 Hardware & Tools,,,,,,,,,,,,,,,,,,,,,,,,,,,Hardware & Tools,,,,,,,,,,,,,,,,,,,,,,,,,,,,,,,,,,,,,,,,,,,,,,,,,,,,,,,,,,,,,,,,,,,,,,,,,,,,,,,,,,,,,,,,,,,,,,,,,,,,,,,,,,,,,,,,,,,,,,,,,,,,,,,,,,,,,,,,,,,,,,,,,,,,,,,,,,,,,,,,,,,,,,,,,,,,,,,,,,,,,,,,,,,,,,,,,,,,,
,,,,,,PMOS1980AF,,,,PMOS1980AF,PMOS1980AF,PMOS1980AF OTR Microwave SS - Display Only,-- Unbranded --,-- No Unilog Brand --,-- No DIB Brand --,Appliance Dealers Cooperative (APPDE),Appliance Dealers Cooperative,-- Unbranded --,,PMOS1980AF,,,"Appliance Dealers Cooperative -- Unbranded --, Hardware & Tools, PMOS1980AF",PMOS1980AF OTR MICROWAVE SS - DISPLAY ONLY,-- Unbranded -- PMOS1980AF Hardware & Tools,PMOS1980AF OTR Microwave SS - Display Only,-- Unbranded -- PMOS1980AF Hardware & Tools,,,,,,,,,,,,,,,,,,,,,,,,,,,Hardware & Tools,,,,,,,,,,,,,,,,,,,,,,,,,,,,,,,,,,,,,,,,,,,,,,,,,,,,,,,,,,,,,,,,,,,,,,,,,,,,,,,,,,,,,,,,,,,,,,,,,,,,,,,,,,,,,,,,,,,,,,,,,,,,,,,,,,,,,,,,,,,,,,,,,,,,,,,,,,,,,,,,,,,,,,,,,,,,,,,,,,,,,,,,,,,,,,,,,,,,,
,,,,,,WMMS3330RZ,,,,WMMS3330RZ,WMMS3330RZ,WMMS3330RZ OTR Mocrowave SS - Display Only,-- Unbranded --,-- No Unilog Brand --,-- No DIB Brand --,Appliance Dealers Cooperative (APPDE),Appliance Dealers Cooperative,-- Unbranded --,,WMMS3330RZ,,,"Appliance Dealers Cooperative -- Unbranded --, Hardware & Tools, WMMS3330RZ",WMMS3330RZ OTR MOCROWAVE SS - DISPLAY ONLY,-- Unbranded -- WMMS3330RZ Hardware & Tools,WMMS3330RZ OTR Mocrowave SS - Display Only,-- Unbranded -- WMMS3330RZ Hardware & Tools,,,,,,,,,,,,,,,,,,,,,,,,,,,Hardware & Tools,,,,,,,,,,,,,,,,,,,,,,,,,,,,,,,,,,,,,,,,,,,,,,,,,,,,,,,,,,,,,,,,,,,,,,,,,,,,,,,,,,,,,,,,,,,,,,,,,,,,,,,,,,,,,,,,,,,,,,,,,,,,,,,,,,,,,,,,,,,,,,,,,,,,,,,,,,,,,,,,,,,,,,,,,,,,,,,,,,,,,,,,,,,,,,,,,,,,,
,,,,,,KMMF530PBE,,,,KMMF530PBE,KMMF530PBE,KMMF530PBE OTR Microwave BO Display Only,-- Unbranded --,-- No Unilog Brand --,-- No DIB Brand --,Appliance Dealers Cooperative (APPDE),Appliance Dealers Cooperative,-- Unbranded --,,KMMF530PBE,,,"Appliance Dealers Cooperative -- Unbranded --, Hardware & Tools, KMMF530PBE",KMMF530PBE OTR MICROWAVE BO DISPLAY ONLY,-- Unbranded -- KMMF530PBE Hardware & Tools,KMMF530PBE OTR Microwave BO Display Only,-- Unbranded -- KMMF530PBE Hardware & Tools,,,,,,,,,,,,,,,,,,,,,,,,,,,Hardware & Tools,,,,,,,,,,,,,,,,,,,,,,,,,,,,,,,,,,,,,,,,,,,,,,,,,,,,,,,,,,,,,,,,,,,,,,,,,,,,,,,,,,,,,,,,,,,,,,,,,,,,,,,,,,,,,,,,,,,,,,,,,,,,,,,,,,,,,,,,,,,,,,,,,,,,,,,,,,,,,,,,,,,,,,,,,,,,,,,,,,,,,,,,,,,,,,,,,,,,,
,,,,,,JXGRILL1,,,,JXGRILL1,JXGRILL1,JXGRILL1 GE Range Grill,-- Unbranded --,-- No Unilog Brand --,-- No DIB Brand --,Appliance Dealers Cooperative (APPDE),Appliance Dealers Cooperative,GE,,JXGRILL1,,,"Appliance Dealers Cooperative GE, Hardware & Tools, JXGRILL1",JXGRILL1 GE RANGE GRILL,GE JXGRILL1 Hardware & Tools,JXGRILL1 GE Range Grill,GE JXGRILL1 Hardware & Tools,,,,,,,,,,,,,,,,,,,,,,,,,,,Hardware & Tools,,,,,,,,,,,,,,,,,,,,,,,,,,,,,,,,,,,,,,,,,,,,,,,,,,,,,,,,,,,,,,,,,,,,,,,,,,,,,,,,,,,,,,,,,,,,,,,,,,,,,,,,,,,,,,,,,,,,,,,,,,,,,,,,,,,,,,,,,,,,,,,,,,,,,,,,,,,,,,,,,,,,,,,,,,,,,,,,,,,,,,,,,,,,,,,,,,,,,
,,,,,,C9TMA2S3PD3,,,,C9TMA2S3PD3,C9TMA2S3PD3,C9TMA2S3PD3 Café Toaster MB,-- Unbranded --,-- No Unilog Brand --,-- No DIB Brand --,Appliance Dealers Cooperative (APPDE),Appliance Dealers Cooperative,-- Unbranded --,,C9TMA2S3PD3,,,"Appliance Dealers Cooperative -- Unbranded --, Hardware & Tools, C9TMA2S3PD3",C9TMA2S3PD3 CAF茅 TOASTER MB,-- Unbranded -- C9TMA2S3PD3 Hardware & Tools,C9TMA2S3PD3 Caf茅 Toaster MB,-- Unbranded -- C9TMA2S3PD3 Hardware & Tools,,,,,,,,,,,,,,,,,,,,,,,,,,,Hardware & Tools,,,,,,,,,,,,,,,,,,,,,,,,,,,,,,,,,,,,,,,,,,,,,,,,,,,,,,,,,,,,,,,,,,,,,,,,,,,,,,,,,,,,,,,,,,,,,,,,,,,,,,,,,,,,,,,,,,,,,,,,,,,,,,,,,,,,,,,,,,,,,,,,,,,,,,,,,,,,,,,,,,,,,,,,,,,,,,,,,,,,,,,,,,,,,,,,,,,,,
,,,,,,C9TMA2S4PW3,,,,C9TMA2S4PW3,C9TMA2S4PW3,C9TMA2S4PW3 Café Toaster MW,-- Unbranded --,-- No Unilog Brand --,-- No DIB Brand --,Appliance Dealers Cooperative (APPDE),Appliance Dealers Cooperative,-- Unbranded --,,C9TMA2S4PW3,,,"Appliance Dealers Cooperative -- Unbranded --, Hardware & Tools, C9TMA2S4PW3",C9TMA2S4PW3 CAF茅 TOASTER MW,-- Unbranded -- C9TMA2S4PW3 Hardware & Tools,C9TMA2S4PW3 Caf茅 Toaster MW,-- Unbranded -- C9TMA2S4PW3 Hardware & Tools,,,,,,,,,,,,,,,,,,,,,,,,,,,Hardware & Tools,,,,,,,,,,,,,,,,,,,,,,,,,,,,,,,,,,,,,,,,,,,,,,,,,,,,,,,,,,,,,,,,,,,,,,,,,,,,,,,,,,,,,,,,,,,,,,,,,,,,,,,,,,,,,,,,,,,,,,,,,,,,,,,,,,,,,,,,,,,,,,,,,,,,,,,,,,,,,,,,,,,,,,,,,,,,,,,,,,,,,,,,,,,,,,,,,,,,,
,,,,,,C90AAAS2RS3,,,,C90AAAS2RS3,C90AAAS2RS3,C90AAAS2RS3 Cafe Toast Oven SS,-- Unbranded --,-- No Unilog Brand --,-- No DIB Brand --,Appliance Dealers Cooperative (APPDE),Appliance Dealers Cooperative,-- Unbranded --,,C90AAAS2RS3,,,"Appliance Dealers Cooperative -- Unbranded --, Hardware & Tools, C90AAAS2RS3",C90AAAS2RS3 CAFE TOAST OVEN SS,-- Unbranded -- C90AAAS2RS3 Hardware & Tools,C90AAAS2RS3 Cafe Toast Oven SS,-- Unbranded -- C90AAAS2RS3 Hardware & Tools,,,,,,,,,,,,,,,,,,,,,,,,,,,Hardware & Tools,,,,,,,,,,,,,,,,,,,,,,,,,,,,,,,,,,,,,,,,,,,,,,,,,,,,,,,,,,,,,,,,,,,,,,,,,,,,,,,,,,,,,,,,,,,,,,,,,,,,,,,,,,,,,,,,,,,,,,,,,,,,,,,,,,,,,,,,,,,,,,,,,,,,,,,,,,,,,,,,,,,,,,,,,,,,,,,,,,,,,,,,,,,,,,,,,,,,,
,,,,,,C9TMA2SP2PS3,,,,C9TMA2SP2PS3,C9TMA2SP2PS3,C9TMA2S2PS3 Cafe Toaster SS,-- Unbranded --,-- No Unilog Brand --,-- No DIB Brand --,Appliance Dealers Cooperative (APPDE),Appliance Dealers Cooperative,-- Unbranded --,,C9TMA2SP2PS3,,,"Appliance Dealers Cooperative -- Unbranded --, Hardware & Tools, C9TMA2SP2PS3",C9TMA2S2PS3 CAFE TOASTER SS,-- Unbranded -- C9TMA2SP2PS3 Hardware & Tools,C9TMA2S2PS3 Cafe Toaster SS,-- Unbranded -- C9TMA2SP2PS3 Hardware & Tools,,,,,,,,,,,,,,,,,,,,,,,,,,,Hardware & Tools,,,,,,,,,,,,,,,,,,,,,,,,,,,,,,,,,,,,,,,,,,,,,,,,,,,,,,,,,,,,,,,,,,,,,,,,,,,,,,,,,,,,,,,,,,,,,,,,,,,,,,,,,,,,,,,,,,,,,,,,,,,,,,,,,,,,,,,,,,,,,,,,,,,,,,,,,,,,,,,,,,,,,,,,,,,,,,,,,,,,,,,,,,,,,,,,,,,,,
,,,,,,GDE21EMKES,,,,GDE21EMKES,GDE21EMKES,GDE21EMKES GE 21CF Fridge SL Display Only,-- Unbranded --,-- No Unilog Brand --,-- No DIB Brand --,Appliance Dealers Cooperative (APPDE),Appliance Dealers Cooperative,GE,,GDE21EMKES,,,"Appliance Dealers Cooperative GE, Hardware & Tools, GDE21EMKES",GDE21EMKES GE 21CF FRIDGE SL DISPLAY ONLY,GE GDE21EMKES Hardware & Tools,GDE21EMKES GE 21CF Fridge SL Display Only,GE GDE21EMKES Hardware & Tools,,,,,,,,,,,,,,,,,,,,,,,,,,,Hardware & Tools,,,,,,,,,,,,,,,,,,,,,,,,,,,,,,,,,,,,,,,,,,,,,,,,,,,,,,,,,,,,,,,,,,,,,,,,,,,,,,,,,,,,,,,,,,,,,,,,,,,,,,,,,,,,,,,,,,,,,,,,,,,,,,,,,,,,,,,,,,,,,,,,,,,,,,,,,,,,,,,,,,,,,,,,,,,,,,,,,,,,,,,,,,,,,,,,,,,,,
,,,,,,FCM16SLWW,,,,FCM16SLWW,FCM16SLWW,FCM16SLWW 16CF GE Freezer Chest MH,-- Unbranded --,-- No Unilog Brand --,-- No DIB Brand --,Appliance Dealers Cooperative (APPDE),Appliance Dealers Cooperative,GE,,FCM16SLWW,,,"Appliance Dealers Cooperative GE, Hardware & Tools, FCM16SLWW",FCM16SLWW 16CF GE FREEZER CHEST MH,GE FCM16SLWW Hardware & Tools,FCM16SLWW 16CF GE Freezer Chest MH,GE FCM16SLWW Hardware & Tools,,,,,,,,,,,,,,,,,,,,,,,,,,,Hardware & Tools,,,,,,,,,,,,,,,,,,,,,,,,,,,,,,,,,,,,,,,,,,,,,,,,,,,,,,,,,,,,,,,,,,,,,,,,,,,,,,,,,,,,,,,,,,,,,,,,,,,,,,,,,,,,,,,,,,,,,,,,,,,,,,,,,,,,,,,,,,,,,,,,,,,,,,,,,,,,,,,,,,,,,,,,,,,,,,,,,,,,,,,,,,,,,,,,,,,,,
,,,,,,GNE27JYMFS,,,,GNE27JYMFS,GNE27JYMFS,GNE27JYMFS GE Fridge SS,-- Unbranded --,-- No Unilog Brand --,-- No DIB Brand --,Appliance Dealers Cooperative (APPDE),Appliance Dealers Cooperative,GE,,GNE27JYMFS,,,"Appliance Dealers Cooperative GE, Hardware & Tools, GNE27JYMFS",GNE27JYMFS GE FRIDGE SS,GE GNE27JYMFS Hardware & Tools,GNE27JYMFS GE Fridge SS,GE GNE27JYMFS Hardware & Tools,,,,,,,,,,,,,,,,,,,,,,,,,,,Hardware & Tools,,,,,,,,,,,,,,,,,,,,,,,,,,,,,,,,,,,,,,,,,,,,,,,,,,,,,,,,,,,,,,,,,,,,,,,,,,,,,,,,,,,,,,,,,,,,,,,,,,,,,,,,,,,,,,,,,,,,,,,,,,,,,,,,,,,,,,,,,,,,,,,,,,,,,,,,,,,,,,,,,,,,,,,,,,,,,,,,,,,,,,,,,,,,,,,,,,,,,
,,,,,,CVE28DP3ND1,,,,CVE28DP3ND1,CVE28DP3ND1,CVE28DP3ND1 Cafe Fridge Bk,-- Unbranded --,-- No Unilog Brand --,-- No DIB Brand --,Appliance Dealers Cooperative (APPDE),Appliance Dealers Cooperative,-- Unbranded --,,CVE28DP3ND1,,,"Appliance Dealers Cooperative -- Unbranded --, Hardware & Tools, CVE28DP3ND1",CVE28DP3ND1 CAFE FRIDGE BK,-- Unbranded -- CVE28DP3ND1 Hardware & Tools,CVE28DP3ND1 Cafe Fridge Bk,-- Unbranded -- CVE28DP3ND1 Hardware & Tools,,,,,,,,,,,,,,,,,,,,,,,,,,,Hardware & Tools,,,,,,,,,,,,,,,,,,,,,,,,,,,,,,,,,,,,,,,,,,,,,,,,,,,,,,,,,,,,,,,,,,,,,,,,,,,,,,,,,,,,,,,,,,,,,,,,,,,,,,,,,,,,,,,,,,,,,,,,,,,,,,,,,,,,,,,,,,,,,,,,,,,,,,,,,,,,,,,,,,,,,,,,,,,,,,,,,,,,,,,,,,,,,,,,,,,,,
,,,,,,GNE25JMKES,,,,GNE25JMKES,GNE25JMKES,GNE25JMKES GE Fridge Slate - Display,-- Unbranded --,-- No Unilog Brand --,-- No DIB Brand --,Appliance Dealers Cooperative (APPDE),Appliance Dealers Cooperative,GE,,GNE25JMKES,,,"Appliance Dealers Cooperative GE, Hardware & Tools, GNE25JMKES",GNE25JMKES GE FRIDGE SLATE - DISPLAY,GE GNE25JMKES Hardware & Tools,GNE25JMKES GE Fridge Slate - Display,GE GNE25JMKES Hardware & Tools,,,,,,,,,,,,,,,,,,,,,,,,,,,Hardware & Tools,,,,,,,,,,,,,,,,,,,,,,,,,,,,,,,,,,,,,,,,,,,,,,,,,,,,,,,,,,,,,,,,,,,,,,,,,,,,,,,,,,,,,,,,,,,,,,,,,,,,,,,,,,,,,,,,,,,,,,,,,,,,,,,,,,,,,,,,,,,,,,,,,,,,,,,,,,,,,,,,,,,,,,,,,,,,,,,,,,,,,,,,,,,,,,,,,,,,,
,,,,,,PRFS2883AF,,,,PRFS2883AF,PRFS2883AF,"PRFS2883AF 36"" Fridge SS - Display Only",-- Unbranded --,-- No Unilog Brand --,-- No DIB Brand --,Appliance Dealers Cooperative (APPDE),Appliance Dealers Cooperative,-- Unbranded --,,PRFS2883AF,,,"Appliance Dealers Cooperative -- Unbranded --, Hardware & Tools, PRFS2883AF","PRFS2883AF 36"" FRIDGE SS - DISPLAY ONLY",-- Unbranded -- PRFS2883AF Hardware & Tools,"PRFS2883AF 36"" Fridge SS - Display Only",-- Unbranded -- PRFS2883AF Hardware & Tools,,,,,,,,,,,,,,,,,,,,,,,,,,,Hardware & Tools,,,,,,,,,,,,,,,,,,,,,,,,,,,,,,,,,,,,,,,,,,,,,,,,,,,,,,,,,,,,,,,,,,,,,,,,,,,,,,,,,,,,,,,,,,,,,,,,,,,,,,,,,,,,,,,,,,,,,,,,,,,,,,,,,,,,,,,,,,,,,,,,,,,,,,,,,,,,,,,,,,,,,,,,,,,,,,,,,,,,,,,,,,,,,,,,,,,,,
,,,,,,PAD28BYTFS,,,,PAD28BYTFS,PAD28BYTFS,PAD28BYTFS GE Fridge SS,-- Unbranded --,-- No Unilog Brand --,-- No DIB Brand --,Appliance Dealers Cooperative (APPDE),Appliance Dealers Cooperative,GE,,PAD28BYTFS,,,"Appliance Dealers Cooperative GE, Hardware & Tools, PAD28BYTFS",PAD28BYTFS GE FRIDGE SS,GE PAD28BYTFS Hardware & Tools,PAD28BYTFS GE Fridge SS,GE PAD28BYTFS Hardware & Tools,,,,,,,,,,,,,,,,,,,,,,,,,,,Hardware & Tools,,,,,,,,,,,,,,,,,,,,,,,,,,,,,,,,,,,,,,,,,,,,,,,,,,,,,,,,,,,,,,,,,,,,,,,,,,,,,,,,,,,,,,,,,,,,,,,,,,,,,,,,,,,,,,,,,,,,,,,,,,,,,,,,,,,,,,,,,,,,,,,,,,,,,,,,,,,,,,,,,,,,,,,,,,,,,,,,,,,,,,,,,,,,,,,,,,,,,
,,,,,,PGE29BYTFS,,,,PGE29BYTFS,PGE29BYTFS,PGE29BYTFS GE Fridge SS,-- Unbranded --,-- No Unilog Brand --,-- No DIB Brand --,Appliance Dealers Cooperative (APPDE),Appliance Dealers Cooperative,GE,,PGE29BYTFS,,,"Appliance Dealers Cooperative GE, Hardware & Tools, PGE29BYTFS",PGE29BYTFS GE FRIDGE SS,GE PGE29BYTFS Hardware & Tools,PGE29BYTFS GE Fridge SS,GE PGE29BYTFS Hardware & Tools,,,,,,,,,,,,,,,,,,,,,,,,,,,Hardware & Tools,,,,,,,,,,,,,,,,,,,,,,,,,,,,,,,,,,,,,,,,,,,,,,,,,,,,,,,,,,,,,,,,,,,,,,,,,,,,,,,,,,,,,,,,,,,,,,,,,,,,,,,,,,,,,,,,,,,,,,,,,,,,,,,,,,,,,,,,,,,,,,,,,,,,,,,,,,,,,,,,,,,,,,,,,,,,,,,,,,,,,,,,,,,,,,,,,,,,,
,,,,,,ERFD19CGCS,,,,ERFD19CGCS,ERFD19CGCS,ERFD19CGCS Element Fridge SS,-- Unbranded --,-- No Unilog Brand --,-- No DIB Brand --,Appliance Dealers Cooperative (APPDE),Appliance Dealers Cooperative,-- Unbranded --,,ERFD19CGCS,,,"Appliance Dealers Cooperative -- Unbranded --, Hardware & Tools, ERFD19CGCS",ERFD19CGCS ELEMENT FRIDGE SS,-- Unbranded -- ERFD19CGCS Hardware & Tools,ERFD19CGCS Element Fridge SS,-- Unbranded -- ERFD19CGCS Hardware & Tools,,,,,,,,,,,,,,,,,,,,,,,,,,,Hardware & Tools,,,,,,,,,,,,,,,,,,,,,,,,,,,,,,,,,,,,,,,,,,,,,,,,,,,,,,,,,,,,,,,,,,,,,,,,,,,,,,,,,,,,,,,,,,,,,,,,,,,,,,,,,,,,,,,,,,,,,,,,,,,,,,,,,,,,,,,,,,,,,,,,,,,,,,,,,,,,,,,,,,,,,,,,,,,,,,,,,,,,,,,,,,,,,,,,,,,,,
,,,,,,LT18S2100W,,,,LT18S2100W,LT18S2100W,LT18S2100W LG Fridge Wh,-- Unbranded --,-- No Unilog Brand --,-- No DIB Brand --,Appliance Dealers Cooperative (APPDE),Appliance Dealers Cooperative,LG,,LT18S2100W,,,"Appliance Dealers Cooperative LG, Hardware & Tools, LT18S2100W",LT18S2100W LG FRIDGE WH,LG LT18S2100W Hardware & Tools,LT18S2100W LG Fridge Wh,LG LT18S2100W Hardware & Tools,,,,,,,,,,,,,,,,,,,,,,,,,,,Hardware & Tools,,,,,,,,,,,,,,,,,,,,,,,,,,,,,,,,,,,,,,,,,,,,,,,,,,,,,,,,,,,,,,,,,,,,,,,,,,,,,,,,,,,,,,,,,,,,,,,,,,,,,,,,,,,,,,,,,,,,,,,,,,,,,,,,,,,,,,,,,,,,,,,,,,,,,,,,,,,,,,,,,,,,,,,,,,,,,,,,,,,,,,,,,,,,,,,,,,,,,
,,,,,,LT18S2100SS,,,,LT18S2100SS,LT18S2100SS,LT18S2100S 18CF LG Fridge SS,-- Unbranded --,-- No Unilog Brand --,-- No DIB Brand --,Appliance Dealers Cooperative (APPDE),Appliance Dealers Cooperative,LG,,LT18S2100SS,,,"Appliance Dealers Cooperative LG, Hardware & Tools, LT18S2100SS",LT18S2100S 18CF LG FRIDGE SS,LG LT18S2100SS Hardware & Tools,LT18S2100S 18CF LG Fridge SS,LG LT18S2100SS Hardware & Tools,,,,,,,,,,,,,,,,,,,,,,,,,,,Hardware & Tools,,,,,,,,,,,,,,,,,,,,,,,,,,,,,,,,,,,,,,,,,,,,,,,,,,,,,,,,,,,,,,,,,,,,,,,,,,,,,,,,,,,,,,,,,,,,,,,,,,,,,,,,,,,,,,,,,,,,,,,,,,,,,,,,,,,,,,,,,,,,,,,,,,,,,,,,,,,,,,,,,,,,,,,,,,,,,,,,,,,,,,,,,,,,,,,,,,,,,
,,,,,,EUF17CDBW,,,,EUF17CDBW,EUF17CDBW,EUF17CDBW Element 17CF Freezer - Upright,-- Unbranded --,-- No Unilog Brand --,-- No DIB Brand --,Appliance Dealers Cooperative (APPDE),Appliance Dealers Cooperative,-- Unbranded --,,EUF17CDBW,,,"Appliance Dealers Cooperative -- Unbranded --, Hardware & Tools, EUF17CDBW",EUF17CDBW ELEMENT 17CF FREEZER - UPRIGHT,-- Unbranded -- EUF17CDBW Hardware & Tools,EUF17CDBW Element 17CF Freezer - Upright,-- Unbranded -- EUF17CDBW Hardware & Tools,,,,,,,,,,,,,,,,,,,,,,,,,,,Hardware & Tools,,,,,,,,,,,,,,,,,,,,,,,,,,,,,,,,,,,,,,,,,,,,,,,,,,,,,,,,,,,,,,,,,,,,,,,,,,,,,,,,,,,,,,,,,,,,,,,,,,,,,,,,,,,,,,,,,,,,,,,,,,,,,,,,,,,,,,,,,,,,,,,,,,,,,,,,,,,,,,,,,,,,,,,,,,,,,,,,,,,,,,,,,,,,,,,,,,,,,
,,,,,,EUF21CDBW,,,,EUF21CDBW,EUF21CDBW,EUF21CDBW Element 21CF Freezer - Upright,-- Unbranded --,-- No Unilog Brand --,-- No DIB Brand --,Appliance Dealers Cooperative (APPDE),Appliance Dealers Cooperative,-- Unbranded --,,EUF21CDBW,,,"Appliance Dealers Cooperative -- Unbranded --, Hardware & Tools, EUF21CDBW",EUF21CDBW ELEMENT 21CF FREEZER - UPRIGHT,-- Unbranded -- EUF21CDBW Hardware & Tools,EUF21CDBW Element 21CF Freezer - Upright,-- Unbranded -- EUF21CDBW Hardware & Tools,,,,,,,,,,,,,,,,,,,,,,,,,,,Hardware & Tools,,,,,,,,,,,,,,,,,,,,,,,,,,,,,,,,,,,,,,,,,,,,,,,,,,,,,,,,,,,,,,,,,,,,,,,,,,,,,,,,,,,,,,,,,,,,,,,,,,,,,,,,,,,,,,,,,,,,,,,,,,,,,,,,,,,,,,,,,,,,,,,,,,,,,,,,,,,,,,,,,,,,,,,,,,,,,,,,,,,,,,,,,,,,,,,,,,,,,
,,,,,,TP-1935,,,,TP-1935,TP-1935,TP-1935 Hole Drilling System,-- Unbranded --,-- No Unilog Brand --,-- No DIB Brand --,-,-,-- Unbranded --,,TP-1935,,,"- -- Unbranded --, Hardware & Tools, TP-1935",TP-1935 HOLE DRILLING SYSTEM,-- Unbranded -- TP-1935 Hardware & Tools,TP-1935 Hole Drilling System,-- Unbranded -- TP-1935 Hardware & Tools,,,,,,,,,,,,,,,,,,,,,,,,,,,Hardware & Tools,,,,,,,,,,,,,,,,,,,,,,,,,,,,,,,,,,,,,,,,,,,,,,,,,,,,,,,,,,,,,,,,,,,,,,,,,,,,,,,,,,,,,,,,,,,,,,,,,,,,,,,,,,,,,,,,,,,,,,,,,,,,,,,,,,,,,,,,,,,,,,,,,,,,,,,,,,,,,,,,,,,,,,,,,,,,,,,,,,,,,,,,,,,,,,,,,,,,,
,,,,,,K527APBXR,,,,K527APBXR,K527APBXR,"K527APBXR Senco .131x3"" SM BB - 500CT",-- Unbranded --,-- No Unilog Brand --,-- No DIB Brand --,Senco Products Inc (4650),Senco Products Inc,Senco,,K527APBXR,,,"Senco Products Inc Senco, Hardware & Tools, K527APBXR","K527APBXR SENCO .131X3"" SM BB - 500CT",Senco K527APBXR Hardware & Tools,"K527APBXR Senco .131x3"" SM BB - 500CT",Senco K527APBXR Hardware & Tools,,,,,,,,,,,,,,,,,,,,,,,,,,,Hardware & Tools,Dimension,131x3,,,,,,,,,,,,,,,,,,,,,,,,,,,,,,,,,,,,,,,,,,,,,,,,,,,,,,,,,,,,,,,,,,,,,,,,,,,,,,,,,,,,,,,,,,,,,,,,,,,,,,,,,,,,,,,,,,,,,,,,,,,,,,,,,,,,,,,,,,,,,,,,,,,,,,,,,,,,,,,,,,,,,,,,,,,,,,,,,,,,,,,,,,,,,,,,,,,
,,,,,,603150,Power Tools,Fastening Tools,Nail Guns & Nailers,603150,603150,"603150 2-1/2"" Finish Nail 15GA - 4M",-- Unbranded --,-- No Unilog Brand --,-- No DIB Brand --,National Nail Corp (7439),National Nail Corporation,-- Unbranded --,,603150,,Power Tools>Fastening Tools>Nail Guns & Nailers,"National Nail Corporation -- Unbranded --, Nail Guns & Nailers, 603150","603150 2-1/2"" FINISH NAIL 15GA - 4M",-- Unbranded -- 603150 Nail Guns & Nailers,"603150 2-1/2"" Finish Nail 15GA - 4M",-- Unbranded -- 603150 Nail Guns & Nailers,,,,,,,,,,,,,,,,,,,,,,,,,,,Nail Guns & Nailers,,,,,,,,,,,,,,,,,,,,,,,,,,,,,,,,,,,,,,,,,,,,,,,,,,,,,,,,,,,,,,,,,,,,,,,,,,,,,,,,,,,,,,,,,,,,,,,,,,,,,,,,,,,,,,,,,,,,,,,,,,,,,,,,,,,,,,,,,,,,,,,,,,,,,,,,,,,,,,,,,,,,,,,,,,,,,,,,,,,,,,,,,,,,,,,,,,,,,
,,,,,,d10cnk,,,,d10cnk,d10cnk,"D10CNK Prebena 1/2""x3/8"" - Staple",-- Unbranded --,-- No Unilog Brand --,-- No DIB Brand --,Prebena (PREBE),Prebena,-- Unbranded --,,d10cnk,,,"Prebena -- Unbranded --, Hardware & Tools, d10cnk","D10CNK PREBENA 1/2""X3/8"" - STAPLE",-- Unbranded -- d10cnk Hardware & Tools,"D10CNK Prebena 1/2""x3/8"" - Staple",-- Unbranded -- d10cnk Hardware & Tools,,,,,,,,,,,,,,,,,,,,,,,,,,,Hardware & Tools,Dimension,"1/2""x3/8",,,,,,,,,,,,,,,,,,,,,,,,,,,,,,,,,,,,,,,,,,,,,,,,,,,,,,,,,,,,,,,,,,,,,,,,,,,,,,,,,,,,,,,,,,,,,,,,,,,,,,,,,,,,,,,,,,,,,,,,,,,,,,,,,,,,,,,,,,,,,,,,,,,,,,,,,,,,,,,,,,,,,,,,,,,,,,,,,,,,,,,,,,,,,,,,,,,
,,,,,,e28cnkha,,,,e28cnkha,e28cnkha,"E28CNKHA Prebena 2/4""x1 1/8"" - Staple",-- Unbranded --,-- No Unilog Brand --,-- No DIB Brand --,Prebena (PREBE),Prebena,-- Unbranded --,,e28cnkha,,,"Prebena -- Unbranded --, Hardware & Tools, e28cnkha","E28CNKHA PREBENA 2/4""X1 1/8"" - STAPLE",-- Unbranded -- e28cnkha Hardware & Tools,"E28CNKHA Prebena 2/4""x1 1/8"" - Staple",-- Unbranded -- e28cnkha Hardware & Tools,,,,,,,,,,,,,,,,,,,,,,,,,,,Hardware & Tools,Dimension,"2/4""x1",,,,,,,,,,,,,,,,,,,,,,,,,,,,,,,,,,,,,,,,,,,,,,,,,,,,,,,,,,,,,,,,,,,,,,,,,,,,,,,,,,,,,,,,,,,,,,,,,,,,,,,,,,,,,,,,,,,,,,,,,,,,,,,,,,,,,,,,,,,,,,,,,,,,,,,,,,,,,,,,,,,,,,,,,,,,,,,,,,,,,,,,,,,,,,,,,,,
,,,,,,51334,Lighting & Electrical,Ceiling Fans,Ceiling Fans,51334,51334,"51334 44"" Wh Gilmour Fan",-- Unbranded --,-- No Unilog Brand --,-- No DIB Brand --,Hunter Fan Co (4381),Hunter Fan Company,-- Unbranded --,,51334,,Lighting & Electrical>Ceiling Fans>Ceiling Fans,"Hunter Fan Company -- Unbranded --, Ceiling Fans, 51334","51334 44"" WH GILMOUR FAN",-- Unbranded -- 51334 Ceiling Fans,"51334 44"" Wh Gilmour Fan",-- Unbranded -- 51334 Ceiling Fans,,,,,,,,,,,,,,,,,,,,,,,,,,,Ceiling Fans,,,,,,,,,,,,,,,,,,,,,,,,,,,,,,,,,,,,,,,,,,,,,,,,,,,,,,,,,,,,,,,,,,,,,,,,,,,,,,,,,,,,,,,,,,,,,,,,,,,,,,,,,,,,,,,,,,,,,,,,,,,,,,,,,,,,,,,,,,,,,,,,,,,,,,,,,,,,,,,,,,,,,,,,,,,,,,,,,,,,,,,,,,,,,,,,,,,,,
,,,,,,59210,Lighting & Electrical,Ceiling Fans,Ceiling Fans,59210,59210,"59210 52"" BZ Sent Hunter Fan",-- Unbranded --,-- No Unilog Brand --,Hunter,Hunter Fan Co (4381),Hunter Fan Company,Hunter,,59210,,Lighting & Electrical>Ceiling Fans>Ceiling Fans,"Hunter Fan Company Hunter, Ceiling Fans, 59210","59210 52"" BZ SENT HUNTER FAN",Hunter 59210 Ceiling Fans,"59210 52"" BZ Sent Hunter Fan",Hunter 59210 Ceiling Fans,,,,,,,,,,,,,,,,,,,,,,,,,,,Ceiling Fans,,,,,,,,,,,,,,,,,,,,,,,,,,,,,,,,,,,,,,,,,,,,,,,,,,,,,,,,,,,,,,,,,,,,,,,,,,,,,,,,,,,,,,,,,,,,,,,,,,,,,,,,,,,,,,,,,,,,,,,,,,,,,,,,,,,,,,,,,,,,,,,,,,,,,,,,,,,,,,,,,,,,,,,,,,,,,,,,,,,,,,,,,,,,,,,,,,,,,
,,,,,,52485,Lighting & Electrical,Ceiling Fans,Ceiling Fans,52485,52485,"52485 52"" MB Anisten Fan",-- Unbranded --,-- No Unilog Brand --,-- No DIB Brand --,Hunter Fan Co (4381),Hunter Fan Company,-- Unbranded --,,52485,,Lighting & Electrical>Ceiling Fans>Ceiling Fans,"Hunter Fan Company -- Unbranded --, Ceiling Fans, 52485","52485 52"" MB ANISTEN FAN",-- Unbranded -- 52485 Ceiling Fans,"52485 52"" MB Anisten Fan",-- Unbranded -- 52485 Ceiling Fans,,,,,,,,,,,,,,,,,,,,,,,,,,,Ceiling Fans,,,,,,,,,,,,,,,,,,,,,,,,,,,,,,,,,,,,,,,,,,,,,,,,,,,,,,,,,,,,,,,,,,,,,,,,,,,,,,,,,,,,,,,,,,,,,,,,,,,,,,,,,,,,,,,,,,,,,,,,,,,,,,,,,,,,,,,,,,,,,,,,,,,,,,,,,,,,,,,,,,,,,,,,,,,,,,,,,,,,,,,,,,,,,,,,,,,,,
,,,,,,52486,Lighting & Electrical,Ceiling Fans,Ceiling Fans,52486,52486,"52486 44"" MB Anisten Fan",-- Unbranded --,-- No Unilog Brand --,-- No DIB Brand --,Hunter Fan Co (4381),Hunter Fan Company,-- Unbranded --,,52486,,Lighting & Electrical>Ceiling Fans>Ceiling Fans,"Hunter Fan Company -- Unbranded --, Ceiling Fans, 52486","52486 44"" MB ANISTEN FAN",-- Unbranded -- 52486 Ceiling Fans,"52486 44"" MB Anisten Fan",-- Unbranded -- 52486 Ceiling Fans,,,,,,,,,,,,,,,,,,,,,,,,,,,Ceiling Fans,,,,,,,,,,,,,,,,,,,,,,,,,,,,,,,,,,,,,,,,,,,,,,,,,,,,,,,,,,,,,,,,,,,,,,,,,,,,,,,,,,,,,,,,,,,,,,,,,,,,,,,,,,,,,,,,,,,,,,,,,,,,,,,,,,,,,,,,,,,,,,,,,,,,,,,,,,,,,,,,,,,,,,,,,,,,,,,,,,,,,,,,,,,,,,,,,,,,,
,,,,,,52487,Lighting & Electrical,Ceiling Fans,Ceiling Fans,52487,52487,"52487 52"" WH Anisten Fan",-- Unbranded --,-- No Unilog Brand --,-- No DIB Brand --,Hunter Fan Co (4381),Hunter Fan Company,-- Unbranded --,,52487,,Lighting & Electrical>Ceiling Fans>Ceiling Fans,"Hunter Fan Company -- Unbranded --, Ceiling Fans, 52487","52487 52"" WH ANISTEN FAN",-- Unbranded -- 52487 Ceiling Fans,"52487 52"" WH Anisten Fan",-- Unbranded -- 52487 Ceiling Fans,,,,,,,,,,,,,,,,,,,,,,,,,,,Ceiling Fans,,,,,,,,,,,,,,,,,,,,,,,,,,,,,,,,,,,,,,,,,,,,,,,,,,,,,,,,,,,,,,,,,,,,,,,,,,,,,,,,,,,,,,,,,,,,,,,,,,,,,,,,,,,,,,,,,,,,,,,,,,,,,,,,,,,,,,,,,,,,,,,,,,,,,,,,,,,,,,,,,,,,,,,,,,,,,,,,,,,,,,,,,,,,,,,,,,,,,
,,,,,,52488,Lighting & Electrical,Ceiling Fans,Ceiling Fans,52488,52488,"52488 44"" WH Anisten Fan",-- Unbranded --,-- No Unilog Brand --,-- No DIB Brand --,Hunter Fan Co (4381),Hunter Fan Company,-- Unbranded --,,52488,,Lighting & Electrical>Ceiling Fans>Ceiling Fans,"Hunter Fan Company -- Unbranded --, Ceiling Fans, 52488","52488 44"" WH ANISTEN FAN",-- Unbranded -- 52488 Ceiling Fans,"52488 44"" WH Anisten Fan",-- Unbranded -- 52488 Ceiling Fans,,,,,,,,,,,,,,,,,,,,,,,,,,,Ceiling Fans,,,,,,,,,,,,,,,,,,,,,,,,,,,,,,,,,,,,,,,,,,,,,,,,,,,,,,,,,,,,,,,,,,,,,,,,,,,,,,,,,,,,,,,,,,,,,,,,,,,,,,,,,,,,,,,,,,,,,,,,,,,,,,,,,,,,,,,,,,,,,,,,,,,,,,,,,,,,,,,,,,,,,,,,,,,,,,,,,,,,,,,,,,,,,,,,,,,,,
,,,,,,52655,Lighting & Electrical,Ceiling Fans,Ceiling Fans,52655,52655,"52655 52"" MB Xidane Hunter Fan",-- Unbranded --,-- No Unilog Brand --,-- No DIB Brand --,Hunter Fan Co (4381),Hunter Fan Company,Hunter,,52655,,Lighting & Electrical>Ceiling Fans>Ceiling Fans,"Hunter Fan Company Hunter, Ceiling Fans, 52655","52655 52"" MB XIDANE HUNTER FAN",Hunter 52655 Ceiling Fans,"52655 52"" MB Xidane Hunter Fan",Hunter 52655 Ceiling Fans,,,,,,,,,,,,,,,,,,,,,,,,,,,Ceiling Fans,,,,,,,,,,,,,,,,,,,,,,,,,,,,,,,,,,,,,,,,,,,,,,,,,,,,,,,,,,,,,,,,,,,,,,,,,,,,,,,,,,,,,,,,,,,,,,,,,,,,,,,,,,,,,,,,,,,,,,,,,,,,,,,,,,,,,,,,,,,,,,,,,,,,,,,,,,,,,,,,,,,,,,,,,,,,,,,,,,,,,,,,,,,,,,,,,,,,,
,,,,,,59261,Lighting & Electrical,Ceiling Fans,Ceiling Fans,59261,59261,"59261 52"" PB Cassius Fan",-- Unbranded --,-- No Unilog Brand --,-- No DIB Brand --,Hunter Fan Co (4381),Hunter Fan Company,-- Unbranded --,,59261,,Lighting & Electrical>Ceiling Fans>Ceiling Fans,"Hunter Fan Company -- Unbranded --, Ceiling Fans, 59261","59261 52"" PB CASSIUS FAN",-- Unbranded -- 59261 Ceiling Fans,"59261 52"" PB Cassius Fan",-- Unbranded -- 59261 Ceiling Fans,,,,,,,,,,,,,,,,,,,,,,,,,,,Ceiling Fans,,,,,,,,,,,,,,,,,,,,,,,,,,,,,,,,,,,,,,,,,,,,,,,,,,,,,,,,,,,,,,,,,,,,,,,,,,,,,,,,,,,,,,,,,,,,,,,,,,,,,,,,,,,,,,,,,,,,,,,,,,,,,,,,,,,,,,,,,,,,,,,,,,,,,,,,,,,,,,,,,,,,,,,,,,,,,,,,,,,,,,,,,,,,,,,,,,,,,
,,,,,,51731,Lighting & Electrical,Ceiling Fans,Ceiling Fans,51731,51731,"51731 52"" MB Jetty Hunter Fan",-- Unbranded --,-- No Unilog Brand --,-- No DIB Brand --,Hunter Fan Co (4381),Hunter Fan Company,Hunter,,51731,,Lighting & Electrical>Ceiling Fans>Ceiling Fans,"Hunter Fan Company Hunter, Ceiling Fans, 51731","51731 52"" MB JETTY HUNTER FAN",Hunter 51731 Ceiling Fans,"51731 52"" MB Jetty Hunter Fan",Hunter 51731 Ceiling Fans,,,,,,,,,,,,,,,,,,,,,,,,,,,Ceiling Fans,,,,,,,,,,,,,,,,,,,,,,,,,,,,,,,,,,,,,,,,,,,,,,,,,,,,,,,,,,,,,,,,,,,,,,,,,,,,,,,,,,,,,,,,,,,,,,,,,,,,,,,,,,,,,,,,,,,,,,,,,,,,,,,,,,,,,,,,,,,,,,,,,,,,,,,,,,,,,,,,,,,,,,,,,,,,,,,,,,,,,,,,,,,,,,,,,,,,,
,,,,,,XLC10ZW,,,,XLC10ZW,XLC10ZW,XLC10ZW Makita 18V Cordless Vacuum (Bare),-- Unbranded --,-- No Unilog Brand --,-- No DIB Brand --,Makita Usa Inc (5142),Makita U.S.A. Inc,Makita,,XLC10ZW,,,"Makita U.S.A. Inc Makita, Hardware & Tools, XLC10ZW",XLC10ZW MAKITA 18V CORDLESS VACUUM (BARE),Makita XLC10ZW Hardware & Tools,XLC10ZW Makita 18V Cordless Vacuum (Bare),Makita XLC10ZW Hardware & Tools,,,,,,,,,,,,,,,,,,,,,,,,,,,Hardware & Tools,,,,,,,,,,,,,,,,,,,,,,,,,,,,,,,,,,,,,,,,,,,,,,,,,,,,,,,,,,,,,,,,,,,,,,,,,,,,,,,,,,,,,,,,,,,,,,,,,,,,,,,,,,,,,,,,,,,,,,,,,,,,,,,,,,,,,,,,,,,,,,,,,,,,,,,,,,,,,,,,,,,,,,,,,,,,,,,,,,,,,,,,,,,,,,,,,,,,,
,,,,,,HS-DA,,,,HS-DA,HS-DA,HS-DA Motion Driveway Alert,-- Unbranded --,-- No Unilog Brand --,-- No DIB Brand --,Sabre (9195),Sabre,-- Unbranded --,,HS-DA,,,"Sabre -- Unbranded --, Hardware & Tools, HS-DA",HS-DA MOTION DRIVEWAY ALERT,-- Unbranded -- HS-DA Hardware & Tools,HS-DA Motion Driveway Alert,-- Unbranded -- HS-DA Hardware & Tools,,,,,,,,,,,,,,,,,,,,,,,,,,,Hardware & Tools,,,,,,,,,,,,,,,,,,,,,,,,,,,,,,,,,,,,,,,,,,,,,,,,,,,,,,,,,,,,,,,,,,,,,,,,,,,,,,,,,,,,,,,,,,,,,,,,,,,,,,,,,,,,,,,,,,,,,,,,,,,,,,,,,,,,,,,,,,,,,,,,,,,,,,,,,,,,,,,,,,,,,,,,,,,,,,,,,,,,,,,,,,,,,,,,,,,,,
,,,,,,73002252,,,,73002252,73002252,Black Gate Gravity Latch RDI,-- Unbranded --,-- No Unilog Brand --,-- No DIB Brand --,-,-,-- Unbranded --,,73002252,,,"- -- Unbranded --, Hardware & Tools, 73002252",BLACK GATE GRAVITY LATCH RDI,-- Unbranded -- 73002252 Hardware & Tools,Black Gate Gravity Latch RDI,-- Unbranded -- 73002252 Hardware & Tools,,,,,,,,,,,,,,,,,,,,,,,,,,,Hardware & Tools,,,,,,,,,,,,,,,,,,,,,,,,,,,,,,,,,,,,,,,,,,,,,,,,,,,,,,,,,,,,,,,,,,,,,,,,,,,,,,,,,,,,,,,,,,,,,,,,,,,,,,,,,,,,,,,,,,,,,,,,,,,,,,,,,,,,,,,,,,,,,,,,,,,,,,,,,,,,,,,,,,,,,,,,,,,,,,,,,,,,,,,,,,,,,,,,,,,,,
,,,,,,48-22-8396R,,,,48-22-8396R,48-22-8396R,48-22-8396R Milw 24oz Bottle - Insulated,-- Unbranded --,-- No Unilog Brand --,-- No DIB Brand --,Milwaukee Accessory (4031),Milwaukee Electric Tool,Milwaukee,,48-22-8396R,,,"Milwaukee Electric Tool Milwaukee, Hardware & Tools, 48-22-8396R",48-22-8396R MILW 24OZ BOTTLE - INSULATED,Milwaukee 48-22-8396R Hardware & Tools,48-22-8396R Milw 24oz Bottle - Insulated,Milwaukee 48-22-8396R Hardware & Tools,,,,,,,,,,,,,,,,,,,,,,,,,,,Hardware & Tools,,,,,,,,,,,,,,,,,,,,,,,,,,,,,,,,,,,,,,,,,,,,,,,,,,,,,,,,,,,,,,,,,,,,,,,,,,,,,,,,,,,,,,,,,,,,,,,,,,,,,,,,,,,,,,,,,,,,,,,,,,,,,,,,,,,,,,,,,,,,,,,,,,,,,,,,,,,,,,,,,,,,,,,,,,,,,,,,,,,,,,,,,,,,,,,,,,,,,
,,,,,,48-22-8397R,,,,48-22-8397R,48-22-8397R,48-22-8397R Milw 36oz Bottle - Insulated,-- Unbranded --,-- No Unilog Brand --,-- No DIB Brand --,Milwaukee Accessory (4031),Milwaukee Electric Tool,Milwaukee,,48-22-8397R,,,"Milwaukee Electric Tool Milwaukee, Hardware & Tools, 48-22-8397R",48-22-8397R MILW 36OZ BOTTLE - INSULATED,Milwaukee 48-22-8397R Hardware & Tools,48-22-8397R Milw 36oz Bottle - Insulated,Milwaukee 48-22-8397R Hardware & Tools,,,,,,,,,,,,,,,,,,,,,,,,,,,Hardware & Tools,,,,,,,,,,,,,,,,,,,,,,,,,,,,,,,,,,,,,,,,,,,,,,,,,,,,,,,,,,,,,,,,,,,,,,,,,,,,,,,,,,,,,,,,,,,,,,,,,,,,,,,,,,,,,,,,,,,,,,,,,,,,,,,,,,,,,,,,,,,,,,,,,,,,,,,,,,,,,,,,,,,,,,,,,,,,,,,,,,,,,,,,,,,,,,,,,,,,,
,,,,,,DCGG581B,Power Tools,Fastening Tools,Nail Guns & Nailers,DCGG581B,DCGG581B,DCGG581B Dewalt 20V Grease Gun 2-Speed,-- Unbranded --,-- No Unilog Brand --,-- No DIB Brand --,Black & Decker/dewlt (2585),Stanley Black & Decker,DeWalt,,DCGG581B,,Power Tools>Fastening Tools>Nail Guns & Nailers,"Stanley Black & Decker DeWalt, Nail Guns & Nailers, DCGG581B",DCGG581B DEWALT 20V GREASE GUN 2-SPEED,DeWalt DCGG581B Nail Guns & Nailers,DCGG581B Dewalt 20V Grease Gun 2-Speed,DeWalt DCGG581B Nail Guns & Nailers,,,,,,,,,,,,,,,,,,,,,,,,,,,Nail Guns & Nailers,,,,,,,,,,,,,,,,,,,,,,,,,,,,,,,,,,,,,,,,,,,,,,,,,,,,,,,,,,,,,,,,,,,,,,,,,,,,,,,,,,,,,,,,,,,,,,,,,,,,,,,,,,,,,,,,,,,,,,,,,,,,,,,,,,,,,,,,,,,,,,,,,,,,,,,,,,,,,,,,,,,,,,,,,,,,,,,,,,,,,,,,,,,,,,,,,,,,,
,,,,,,DCGG581GD1,Power Tools,Fastening Tools,Nail Guns & Nailers,DCGG581GD1,DCGG581GD1,DCGG581GD1 Dewalt 20V Grease Gun 2-Speed Kit,-- Unbranded --,-- No Unilog Brand --,-- No DIB Brand --,Black & Decker/dewlt (2585),Stanley Black & Decker,DeWalt,,DCGG581GD1,,Power Tools>Fastening Tools>Nail Guns & Nailers,"Stanley Black & Decker DeWalt, Nail Guns & Nailers, DCGG581GD1",DCGG581GD1 DEWALT 20V GREASE GUN 2-SPEED KIT,DeWalt DCGG581GD1 Nail Guns & Nailers,DCGG581GD1 Dewalt 20V Grease Gun 2-Speed Kit,DeWalt DCGG581GD1 Nail Guns & Nailers,,,,,,,,,,,,,,,,,,,,,,,,,,,Nail Guns & Nailers,,,,,,,,,,,,,,,,,,,,,,,,,,,,,,,,,,,,,,,,,,,,,,,,,,,,,,,,,,,,,,,,,,,,,,,,,,,,,,,,,,,,,,,,,,,,,,,,,,,,,,,,,,,,,,,,,,,,,,,,,,,,,,,,,,,,,,,,,,,,,,,,,,,,,,,,,,,,,,,,,,,,,,,,,,,,,,,,,,,,,,,,,,,,,,,,,,,,,
,,,,,,DWST41092,Hand Tools,Marking & Layout,Marking Tools,DWST41092,DWST41092,"DWST41092 Dewalt Tool Chest 41"" Bottom",-- Unbranded --,-- No Unilog Brand --,-- No DIB Brand --,Black & Decker/dewlt (2585),Stanley Black & Decker,DeWalt,,DWST41092,,Hand Tools>Marking & Layout>Marking Tools,"Stanley Black & Decker DeWalt, Marking Tools, DWST41092","DWST41092 DEWALT TOOL CHEST 41"" BOTTOM",DeWalt DWST41092 Marking Tools,"DWST41092 Dewalt Tool Chest 41"" Bottom",DeWalt DWST41092 Marking Tools,,,,,,,,,,,,,,,,,,,,,,,,,,,Marking Tools,,,,,,,,,,,,,,,,,,,,,,,,,,,,,,,,,,,,,,,,,,,,,,,,,,,,,,,,,,,,,,,,,,,,,,,,,,,,,,,,,,,,,,,,,,,,,,,,,,,,,,,,,,,,,,,,,,,,,,,,,,,,,,,,,,,,,,,,,,,,,,,,,,,,,,,,,,,,,,,,,,,,,,,,,,,,,,,,,,,,,,,,,,,,,,,,,,,,,
,,,,,,156436WHT,,,,156436WHT,156436WHT,156436 Wh 4x4x120 Post Wrap,DSI Westbury,-- No Unilog Brand --,-- No DIB Brand --,Palmer Donavin Mfg Company (PALDO),Palmer Donavin Mfg Company,DSI Westbury,,156436WHT,,,"Palmer Donavin Mfg Company DSI Westbury, Hardware & Tools, 156436WHT",156436 WH 4X4X120 POST WRAP,DSI Westbury 156436WHT Hardware & Tools,156436 Wh 4x4x120 Post Wrap,DSI Westbury 156436WHT Hardware & Tools,,,,,,,,,,,,,,,,,,,,,,,,,,,Hardware & Tools,,,,,,,,,,,,,,,,,,,,,,,,,,,,,,,,,,,,,,,,,,,,,,,,,,,,,,,,,,,,,,,,,,,,,,,,,,,,,,,,,,,,,,,,,,,,,,,,,,,,,,,,,,,,,,,,,,,,,,,,,,,,,,,,,,,,,,,,,,,,,,,,,,,,,,,,,,,,,,,,,,,,,,,,,,,,,,,,,,,,,,,,,,,,,,,,,,,,,
,,,,,,173950TBK,,,,173950TBK,173950TBK,"4""x8'-6"" DSI SQ Black Alum Post Wrap",-- Unbranded --,-- No Unilog Brand --,-- No DIB Brand --,Palmer Donavin Mfg Company (PALDO),Palmer Donavin Mfg Company,-- Unbranded --,,173950TBK,,,"Palmer Donavin Mfg Company -- Unbranded --, Hardware & Tools, 173950TBK","4""X8'-6"" DSI SQ BLACK ALUM POST WRAP",-- Unbranded -- 173950TBK Hardware & Tools,"4""x8'-6"" DSI SQ Black Alum Post Wrap",-- Unbranded -- 173950TBK Hardware & Tools,,,,,,,,,,,,,,,,,,,,,,,,,,,Hardware & Tools,Dimension,"4""x8",,,,,,,,,,,,,,,,,,,,,,,,,,,,,,,,,,,,,,,,,,,,,,,,,,,,,,,,,,,,,,,,,,,,,,,,,,,,,,,,,,,,,,,,,,,,,,,,,,,,,,,,,,,,,,,,,,,,,,,,,,,,,,,,,,,,,,,,,,,,,,,,,,,,,,,,,,,,,,,,,,,,,,,,,,,,,,,,,,,,,,,,,,,,,,,,,,,
,,,,,,173951TBK,,,,173951TBK,173951TBK,"6""x8'-6"" DSI SQ Black Alum Post Wrap",-- Unbranded --,-- No Unilog Brand --,-- No DIB Brand --,Palmer Donavin Mfg Company (PALDO),Palmer Donavin Mfg Company,-- Unbranded --,,173951TBK,,,"Palmer Donavin Mfg Company -- Unbranded --, Hardware & Tools, 173951TBK","6""X8'-6"" DSI SQ BLACK ALUM POST WRAP",-- Unbranded -- 173951TBK Hardware & Tools,"6""x8'-6"" DSI SQ Black Alum Post Wrap",-- Unbranded -- 173951TBK Hardware & Tools,,,,,,,,,,,,,,,,,,,,,,,,,,,Hardware & Tools,Dimension,"6""x8",,,,,,,,,,,,,,,,,,,,,,,,,,,,,,,,,,,,,,,,,,,,,,,,,,,,,,,,,,,,,,,,,,,,,,,,,,,,,,,,,,,,,,,,,,,,,,,,,,,,,,,,,,,,,,,,,,,,,,,,,,,,,,,,,,,,,,,,,,,,,,,,,,,,,,,,,,,,,,,,,,,,,,,,,,,,,,,,,,,,,,,,,,,,,,,,,,,
,,,,,,173952TBK,,,,173952TBK,173952TBK,"6""x10' DSI SQ Black Alum Post Wrap",-- Unbranded --,-- No Unilog Brand --,-- No DIB Brand --,Palmer Donavin Mfg Company (PALDO),Palmer Donavin Mfg Company,-- Unbranded --,,173952TBK,,,"Palmer Donavin Mfg Company -- Unbranded --, Hardware & Tools, 173952TBK","6""X10' DSI SQ BLACK ALUM POST WRAP",-- Unbranded -- 173952TBK Hardware & Tools,"6""x10' DSI SQ Black Alum Post Wrap",-- Unbranded -- 173952TBK Hardware & Tools,,,,,,,,,,,,,,,,,,,,,,,,,,,Hardware & Tools,Dimension,"6""x10",,,,,,,,,,,,,,,,,,,,,,,,,,,,,,,,,,,,,,,,,,,,,,,,,,,,,,,,,,,,,,,,,,,,,,,,,,,,,,,,,,,,,,,,,,,,,,,,,,,,,,,,,,,,,,,,,,,,,,,,,,,,,,,,,,,,,,,,,,,,,,,,,,,,,,,,,,,,,,,,,,,,,,,,,,,,,,,,,,,,,,,,,,,,,,,,,,,
,,,,,,1624157,,,,1624157,1624157,TW52 WH INSIDE CAS VIN WRAPPED,ANDERSEN,-- No Unilog Brand --,-- No DIB Brand --,-,-,ANDERSEN,,1624157,,,"- ANDERSEN, Hardware & Tools, 1624157",TW52 WH INSIDE CAS VIN WRAPPED,ANDERSEN 1624157 Hardware & Tools,TW52 WH INSIDE CAS VIN WRAPPED,ANDERSEN 1624157 Hardware & Tools,,,,,,,,,,,,,,,,,,,,,,,,,,,Hardware & Tools,,,,,,,,,,,,,,,,,,,,,,,,,,,,,,,,,,,,,,,,,,,,,,,,,,,,,,,,,,,,,,,,,,,,,,,,,,,,,,,,,,,,,,,,,,,,,,,,,,,,,,,,,,,,,,,,,,,,,,,,,,,,,,,,,,,,,,,,,,,,,,,,,,,,,,,,,,,,,,,,,,,,,,,,,,,,,,,,,,,,,,,,,,,,,,,,,,,,,
,,,,,,40025,,,,40025,40025,40025 TS-54 Wal-Board T-Square 009-008,-- Unbranded --,-- No Unilog Brand --,-- No DIB Brand --,Marshalltown Trowel (5155),Marshalltown Company,-- Unbranded --,,40025,,,"Marshalltown Company -- Unbranded --, Hardware & Tools, 40025",40025 TS-54 WAL-BOARD T-SQUARE 009-008,-- Unbranded -- 40025 Hardware & Tools,40025 TS-54 Wal-Board T-Square 009-008,-- Unbranded -- 40025 Hardware & Tools,,,,,,,,,,,,,,,,,,,,,,,,,,,Hardware & Tools,,,,,,,,,,,,,,,,,,,,,,,,,,,,,,,,,,,,,,,,,,,,,,,,,,,,,,,,,,,,,,,,,,,,,,,,,,,,,,,,,,,,,,,,,,,,,,,,,,,,,,,,,,,,,,,,,,,,,,,,,,,,,,,,,,,,,,,,,,,,,,,,,,,,,,,,,,,,,,,,,,,,,,,,,,,,,,,,,,,,,,,,,,,,,,,,,,,,,
,,,,,,48-22-3301,,,,48-22-3301,48-22-3301,48-22-3301 Milw Mechanical Pencil w/ Lead Pack,-- Unbranded --,-- No Unilog Brand --,-- No DIB Brand --,Milwaukee Accessory (4031),Milwaukee Electric Tool,Milwaukee,,48-22-3301,,,"Milwaukee Electric Tool Milwaukee, Hardware & Tools, 48-22-3301",48-22-3301 MILW MECHANICAL PENCIL W/ LEAD PACK,Milwaukee 48-22-3301 Hardware & Tools,48-22-3301 Milw Mechanical Pencil w/ Lead Pack,Milwaukee 48-22-3301 Hardware & Tools,,,,,,,,,,,,,,,,,,,,,,,,,,,Hardware & Tools,,,,,,,,,,,,,,,,,,,,,,,,,,,,,,,,,,,,,,,,,,,,,,,,,,,,,,,,,,,,,,,,,,,,,,,,,,,,,,,,,,,,,,,,,,,,,,,,,,,,,,,,,,,,,,,,,,,,,,,,,,,,,,,,,,,,,,,,,,,,,,,,,,,,,,,,,,,,,,,,,,,,,,,,,,,,,,,,,,,,,,,,,,,,,,,,,,,,,
,,,,,,48-22-3302,Building Materials,Masonry,Mortar & Concrete,48-22-3302,48-22-3302,48-22-3302 Milw Mechanical Pencil Replacement Lead,-- Unbranded --,-- No Unilog Brand --,-- No DIB Brand --,Milwaukee Accessory (4031),Milwaukee Electric Tool,Milwaukee,,48-22-3302,,Building Materials>Masonry>Mortar & Concrete,"Milwaukee Electric Tool Milwaukee, Mortar & Concrete, 48-22-3302",48-22-3302 MILW MECHANICAL PENCIL REPLACEMENT LEAD,Milwaukee 48-22-3302 Mortar & Concrete,48-22-3302 Milw Mechanical Pencil Replacement Lead,Milwaukee 48-22-3302 Mortar & Concrete,,,,,,,,,,,,,,,,,,,,,,,,,,,Mortar & Concrete,,,,,,,,,,,,,,,,,,,,,,,,,,,,,,,,,,,,,,,,,,,,,,,,,,,,,,,,,,,,,,,,,,,,,,,,,,,,,,,,,,,,,,,,,,,,,,,,,,,,,,,,,,,,,,,,,,,,,,,,,,,,,,,,,,,,,,,,,,,,,,,,,,,,,,,,,,,,,,,,,,,,,,,,,,,,,,,,,,,,,,,,,,,,,,,,,,,,,
,,,,,,48-22-3303,Building Materials,Masonry,Mortar & Concrete,48-22-3303,48-22-3303,48-22-3303 Milw Mechanical Pencil Replacement Lead-Color,-- Unbranded --,-- No Unilog Brand --,-- No DIB Brand --,Milwaukee Accessory (4031),Milwaukee Electric Tool,Milwaukee,,48-22-3303,,Building Materials>Masonry>Mortar & Concrete,"Milwaukee Electric Tool Milwaukee, Mortar & Concrete, 48-22-3303",48-22-3303 MILW MECHANICAL PENCIL REPLACEMENT LEAD-COLOR,Milwaukee 48-22-3303 Mortar & Concrete,48-22-3303 Milw Mechanical Pencil Replacement Lead-Color,Milwaukee 48-22-3303 Mortar & Concrete,,,,,,,,,,,,,,,,,,,,,,,,,,,Mortar & Concrete,,,,,,,,,,,,,,,,,,,,,,,,,,,,,,,,,,,,,,,,,,,,,,,,,,,,,,,,,,,,,,,,,,,,,,,,,,,,,,,,,,,,,,,,,,,,,,,,,,,,,,,,,,,,,,,,,,,,,,,,,,,,,,,,,,,,,,,,,,,,,,,,,,,,,,,,,,,,,,,,,,,,,,,,,,,,,,,,,,,,,,,,,,,,,,,,,,,,,
,,,,,,TSDKAP218-G2,Safety & Workwear,Eye Protection,Safety Glasses,TSDKAP218-G2,TSDKAP218-G2,TSDKAP218-G2 Edge Safety - Khor Black Frame Polarized,-- Unbranded --,-- No Unilog Brand --,-- No DIB Brand --,Edge Eyewear Inc (EDGSA),Edge Eyewear,-- Unbranded --,,TSDKAP218-G2,,Safety & Workwear>Eye Protection>Safety Glasses,"Edge Eyewear -- Unbranded --, Safety Glasses, TSDKAP218-G2",TSDKAP218-G2 EDGE SAFETY - KHOR BLACK FRAME POLARIZED,-- Unbranded -- TSDKAP218-G2 Safety Glasses,TSDKAP218-G2 Edge Safety - Khor Black Frame Polarized,-- Unbranded -- TSDKAP218-G2 Safety Glasses,,,,,,,,,,,,,,,,,,,,,,,,,,,Safety Glasses,,,,,,,,,,,,,,,,,,,,,,,,,,,,,,,,,,,,,,,,,,,,,,,,,,,,,,,,,,,,,,,,,,,,,,,,,,,,,,,,,,,,,,,,,,,,,,,,,,,,,,,,,,,,,,,,,,,,,,,,,,,,,,,,,,,,,,,,,,,,,,,,,,,,,,,,,,,,,,,,,,,,,,,,,,,,,,,,,,,,,,,,,,,,,,,,,,,,,
,,,,,,XPAP418,Safety & Workwear,Eye Protection,Safety Glasses,XPAP418,XPAP418,XPAP418 Edge Safety Glasses - Pumori Black Frame,-- Unbranded --,-- No Unilog Brand --,-- No DIB Brand --,Edge Eyewear Inc (EDGSA),Edge Eyewear,-- Unbranded --,,XPAP418,,Safety & Workwear>Eye Protection>Safety Glasses,"Edge Eyewear -- Unbranded --, Safety Glasses, XPAP418",XPAP418 EDGE SAFETY GLASSES - PUMORI BLACK FRAME,-- Unbranded -- XPAP418 Safety Glasses,XPAP418 Edge Safety Glasses - Pumori Black Frame,-- Unbranded -- XPAP418 Safety Glasses,,,,,,,,,,,,,,,,,,,,,,,,,,,Safety Glasses,,,,,,,,,,,,,,,,,,,,,,,,,,,,,,,,,,,,,,,,,,,,,,,,,,,,,,,,,,,,,,,,,,,,,,,,,,,,,,,,,,,,,,,,,,,,,,,,,,,,,,,,,,,,,,,,,,,,,,,,,,,,,,,,,,,,,,,,,,,,,,,,,,,,,,,,,,,,,,,,,,,,,,,,,,,,,,,,,,,,,,,,,,,,,,,,,,,,,
,,,,,,XDAP419,Safety & Workwear,Eye Protection,Safety Glasses,XDAP419,XDAP419,XDAP419 Edge Safety Glasses - Dawson Black Frame Red Lenses,-- Unbranded --,-- No Unilog Brand --,-- No DIB Brand --,Edge Eyewear Inc (EDGSA),Edge Eyewear,-- Unbranded --,,XDAP419,,Safety & Workwear>Eye Protection>Safety Glasses,"Edge Eyewear -- Unbranded --, Safety Glasses, XDAP419",XDAP419 EDGE SAFETY GLASSES - DAWSON BLACK FRAME RED LENSES,-- Unbranded -- XDAP419 Safety Glasses,XDAP419 Edge Safety Glasses - Dawson Black Frame Red Lenses,-- Unbranded -- XDAP419 Safety Glasses,,,,,,,,,,,,,,,,,,,,,,,,,,,Safety Glasses,,,,,,,,,,,,,,,,,,,,,,,,,,,,,,,,,,,,,,,,,,,,,,,,,,,,,,,,,,,,,,,,,,,,,,,,,,,,,,,,,,,,,,,,,,,,,,,,,,,,,,,,,,,,,,,,,,,,,,,,,,,,,,,,,,,,,,,,,,,,,,,,,,,,,,,,,,,,,,,,,,,,,,,,,,,,,,,,,,,,,,,,,,,,,,,,,,,,,
,,,,,,XB11PCVS,Safety & Workwear,Eye Protection,Safety Glasses,XB11PCVS,XB11PCVS,XB11PCVS Edge Safety Glasses - Photochromic Lense,-- Unbranded --,-- No Unilog Brand --,-- No DIB Brand --,Edge Eyewear Inc (EDGSA),Edge Eyewear,-- Unbranded --,,XB11PCVS,,Safety & Workwear>Eye Protection>Safety Glasses,"Edge Eyewear -- Unbranded --, Safety Glasses, XB11PCVS",XB11PCVS EDGE SAFETY GLASSES - PHOTOCHROMIC LENSE,-- Unbranded -- XB11PCVS Safety Glasses,XB11PCVS Edge Safety Glasses - Photochromic Lense,-- Unbranded -- XB11PCVS Safety Glasses,,,,,,,,,,,,,,,,,,,,,,,,,,,Safety Glasses,,,,,,,,,,,,,,,,,,,,,,,,,,,,,,,,,,,,,,,,,,,,,,,,,,,,,,,,,,,,,,,,,,,,,,,,,,,,,,,,,,,,,,,,,,,,,,,,,,,,,,,,,,,,,,,,,,,,,,,,,,,,,,,,,,,,,,,,,,,,,,,,,,,,,,,,,,,,,,,,,,,,,,,,,,,,,,,,,,,,,,,,,,,,,,,,,,,,,
,,,,,,KB121VS,Safety & Workwear,Eye Protection,Safety Glasses,KB121VS,KB121VS,KB121VS Edge Safety Glasses - Kabru Black Frame,-- Unbranded --,-- No Unilog Brand --,-- No DIB Brand --,Edge Eyewear Inc (EDGSA),Edge Eyewear,-- Unbranded --,,KB121VS,,Safety & Workwear>Eye Protection>Safety Glasses,"Edge Eyewear -- Unbranded --, Safety Glasses, KB121VS",KB121VS EDGE SAFETY GLASSES - KABRU BLACK FRAME,-- Unbranded -- KB121VS Safety Glasses,KB121VS Edge Safety Glasses - Kabru Black Frame,-- Unbranded -- KB121VS Safety Glasses,,,,,,,,,,,,,,,,,,,,,,,,,,,Safety Glasses,,,,,,,,,,,,,,,,,,,,,,,,,,,,,,,,,,,,,,,,,,,,,,,,,,,,,,,,,,,,,,,,,,,,,,,,,,,,,,,,,,,,,,,,,,,,,,,,,,,,,,,,,,,,,,,,,,,,,,,,,,,,,,,,,,,,,,,,,,,,,,,,,,,,,,,,,,,,,,,,,,,,,,,,,,,,,,,,,,,,,,,,,,,,,,,,,,,,,
,,,,,,KB126VS,Safety & Workwear,Eye Protection,Safety Glasses,KB126VS,KB126VS,KB126VS Edge Safety Glasses - Kabru Black Frame,-- Unbranded --,-- No Unilog Brand --,-- No DIB Brand --,Edge Eyewear Inc (EDGSA),Edge Eyewear,-- Unbranded --,,KB126VS,,Safety & Workwear>Eye Protection>Safety Glasses,"Edge Eyewear -- Unbranded --, Safety Glasses, KB126VS",KB126VS EDGE SAFETY GLASSES - KABRU BLACK FRAME,-- Unbranded -- KB126VS Safety Glasses,KB126VS Edge Safety Glasses - Kabru Black Frame,-- Unbranded -- KB126VS Safety Glasses,,,,,,,,,,,,,,,,,,,,,,,,,,,Safety Glasses,,,,,,,,,,,,,,,,,,,,,,,,,,,,,,,,,,,,,,,,,,,,,,,,,,,,,,,,,,,,,,,,,,,,,,,,,,,,,,,,,,,,,,,,,,,,,,,,,,,,,,,,,,,,,,,,,,,,,,,,,,,,,,,,,,,,,,,,,,,,,,,,,,,,,,,,,,,,,,,,,,,,,,,,,,,,,,,,,,,,,,,,,,,,,,,,,,,,,
,,,,,,TC121VS,Safety & Workwear,Eye Protection,Safety Glasses,TC121VS,TC121VS,TC121VS Edge Safety Glasses - Tacana Black Frame,-- Unbranded --,-- No Unilog Brand --,-- No DIB Brand --,Edge Eyewear Inc (EDGSA),Edge Eyewear,-- Unbranded --,,TC121VS,,Safety & Workwear>Eye Protection>Safety Glasses,"Edge Eyewear -- Unbranded --, Safety Glasses, TC121VS",TC121VS EDGE SAFETY GLASSES - TACANA BLACK FRAME,-- Unbranded -- TC121VS Safety Glasses,TC121VS Edge Safety Glasses - Tacana Black Frame,-- Unbranded -- TC121VS Safety Glasses,,,,,,,,,,,,,,,,,,,,,,,,,,,Safety Glasses,,,,,,,,,,,,,,,,,,,,,,,,,,,,,,,,,,,,,,,,,,,,,,,,,,,,,,,,,,,,,,,,,,,,,,,,,,,,,,,,,,,,,,,,,,,,,,,,,,,,,,,,,,,,,,,,,,,,,,,,,,,,,,,,,,,,,,,,,,,,,,,,,,,,,,,,,,,,,,,,,,,,,,,,,,,,,,,,,,,,,,,,,,,,,,,,,,,,,
,,,,,,TC126VS,Safety & Workwear,Eye Protection,Safety Glasses,TC126VS,TC126VS,TC126VS Edge Safety Glasses - Tacana Black Frame,-- Unbranded --,-- No Unilog Brand --,-- No DIB Brand --,Edge Eyewear Inc (EDGSA),Edge Eyewear,-- Unbranded --,,TC126VS,,Safety & Workwear>Eye Protection>Safety Glasses,"Edge Eyewear -- Unbranded --, Safety Glasses, TC126VS",TC126VS EDGE SAFETY GLASSES - TACANA BLACK FRAME,-- Unbranded -- TC126VS Safety Glasses,TC126VS Edge Safety Glasses - Tacana Black Frame,-- Unbranded -- TC126VS Safety Glasses,,,,,,,,,,,,,,,,,,,,,,,,,,,Safety Glasses,,,,,,,,,,,,,,,,,,,,,,,,,,,,,,,,,,,,,,,,,,,,,,,,,,,,,,,,,,,,,,,,,,,,,,,,,,,,,,,,,,,,,,,,,,,,,,,,,,,,,,,,,,,,,,,,,,,,,,,,,,,,,,,,,,,,,,,,,,,,,,,,,,,,,,,,,,,,,,,,,,,,,,,,,,,,,,,,,,,,,,,,,,,,,,,,,,,,,
,,,,,,MK113MPAP,Safety & Workwear,Eye Protection,Safety Glasses,MK113MPAP,MK113MPAP,MK113MPAP Edge Safety Glasses - Makalu Black Frame Polarized,-- Unbranded --,-- No Unilog Brand --,-- No DIB Brand --,Edge Eyewear Inc (EDGSA),Edge Eyewear,-- Unbranded --,,MK113MPAP,,Safety & Workwear>Eye Protection>Safety Glasses,"Edge Eyewear -- Unbranded --, Safety Glasses, MK113MPAP",MK113MPAP EDGE SAFETY GLASSES - MAKALU BLACK FRAME POLARIZED,-- Unbranded -- MK113MPAP Safety Glasses,MK113MPAP Edge Safety Glasses - Makalu Black Frame Polarized,-- Unbranded -- MK113MPAP Safety Glasses,,,,,,,,,,,,,,,,,,,,,,,,,,,Safety Glasses,,,,,,,,,,,,,,,,,,,,,,,,,,,,,,,,,,,,,,,,,,,,,,,,,,,,,,,,,,,,,,,,,,,,,,,,,,,,,,,,,,,,,,,,,,,,,,,,,,,,,,,,,,,,,,,,,,,,,,,,,,,,,,,,,,,,,,,,,,,,,,,,,,,,,,,,,,,,,,,,,,,,,,,,,,,,,,,,,,,,,,,,,,,,,,,,,,,,,
,,,,,,LS117MPAP,Safety & Workwear,Eye Protection,Safety Glasses,LS117MPAP,LS117MPAP,LS117MPAP Edge Safety Glasses - Lassen Black Frame Polarized,-- Unbranded --,-- No Unilog Brand --,-- No DIB Brand --,Edge Eyewear Inc (EDGSA),Edge Eyewear,-- Unbranded --,,LS117MPAP,,Safety & Workwear>Eye Protection>Safety Glasses,"Edge Eyewear -- Unbranded --, Safety Glasses, LS117MPAP",LS117MPAP EDGE SAFETY GLASSES - LASSEN BLACK FRAME POLARIZED,-- Unbranded -- LS117MPAP Safety Glasses,LS117MPAP Edge Safety Glasses - Lassen Black Frame Polarized,-- Unbranded -- LS117MPAP Safety Glasses,,,,,,,,,,,,,,,,,,,,,,,,,,,Safety Glasses,,,,,,,,,,,,,,,,,,,,,,,,,,,,,,,,,,,,,,,,,,,,,,,,,,,,,,,,,,,,,,,,,,,,,,,,,,,,,,,,,,,,,,,,,,,,,,,,,,,,,,,,,,,,,,,,,,,,,,,,,,,,,,,,,,,,,,,,,,,,,,,,,,,,,,,,,,,,,,,,,,,,,,,,,,,,,,,,,,,,,,,,,,,,,,,,,,,,,
,,,,,,FE-EFX-6L,Safety & Workwear,Fire Safety,Smoke Detectors,FE-EFX-6L,FE-EFX-6L,FEEFX6L Lith Fire Extinguisher,-- Unbranded --,-- No Unilog Brand --,-- No DIB Brand --,Ohio Firewatch Protection Inc (HOLFS),Ohio Firewatch Protection,-- Unbranded --,,FE-EFX-6L,,Safety & Workwear>Fire Safety>Smoke Detectors,"Ohio Firewatch Protection -- Unbranded --, Smoke Detectors, FE-EFX-6L",FEEFX6L LITH FIRE EXTINGUISHER,-- Unbranded -- FE-EFX-6L Smoke Detectors,FEEFX6L Lith Fire Extinguisher,-- Unbranded -- FE-EFX-6L Smoke Detectors,,,,,,,,,,,,,,,,,,,,,,,,,,,Smoke Detectors,,,,,,,,,,,,,,,,,,,,,,,,,,,,,,,,,,,,,,,,,,,,,,,,,,,,,,,,,,,,,,,,,,,,,,,,,,,,,,,,,,,,,,,,,,,,,,,,,,,,,,,,,,,,,,,,,,,,,,,,,,,,,,,,,,,,,,,,,,,,,,,,,,,,,,,,,,,,,,,,,,,,,,,,,,,,,,,,,,,,,,,,,,,,,,,,,,,,,
,,,,,,FE-EFX-9L,Safety & Workwear,Fire Safety,Smoke Detectors,FE-EFX-9L,FE-EFX-9L,FEEFX9L Lith Fire Extinguisher,-- Unbranded --,-- No Unilog Brand --,-- No DIB Brand --,Ohio Firewatch Protection Inc (HOLFS),Ohio Firewatch Protection,-- Unbranded --,,FE-EFX-9L,,Safety & Workwear>Fire Safety>Smoke Detectors,"Ohio Firewatch Protection -- Unbranded --, Smoke Detectors, FE-EFX-9L",FEEFX9L LITH FIRE EXTINGUISHER,-- Unbranded -- FE-EFX-9L Smoke Detectors,FEEFX9L Lith Fire Extinguisher,-- Unbranded -- FE-EFX-9L Smoke Detectors,,,,,,,,,,,,,,,,,,,,,,,,,,,Smoke Detectors,,,,,,,,,,,,,,,,,,,,,,,,,,,,,,,,,,,,,,,,,,,,,,,,,,,,,,,,,,,,,,,,,,,,,,,,,,,,,,,,,,,,,,,,,,,,,,,,,,,,,,,,,,,,,,,,,,,,,,,,,,,,,,,,,,,,,,,,,,,,,,,,,,,,,,,,,,,,,,,,,,,,,,,,,,,,,,,,,,,,,,,,,,,,,,,,,,,,,
,,,,,,1046793,Safety & Workwear,Fire Safety,Smoke Detectors,1046793,1046793,1046793 Smoke & CO Alarm,-- Unbranded --,-- No Unilog Brand --,First Alert,First Alert - B R K Brands (2754),First Alert,First Alert,,1046793,,Safety & Workwear>Fire Safety>Smoke Detectors,"First Alert First Alert, Smoke Detectors, 1046793",1046793 SMOKE & CO ALARM,First Alert 1046793 Smoke Detectors,1046793 Smoke & CO Alarm,First Alert 1046793 Smoke Detectors,,,,,,,,,,,,,,,,,,,,,,,,,,,Smoke Detectors,,,,,,,,,,,,,,,,,,,,,,,,,,,,,,,,,,,,,,,,,,,,,,,,,,,,,,,,,,,,,,,,,,,,,,,,,,,,,,,,,,,,,,,,,,,,,,,,,,,,,,,,,,,,,,,,,,,,,,,,,,,,,,,,,,,,,,,,,,,,,,,,,,,,,,,,,,,,,,,,,,,,,,,,,,,,,,,,,,,,,,,,,,,,,,,,,,,,,
,,,,,,1046870,Safety & Workwear,Fire Safety,Smoke Detectors,1046870,1046870,1046870 Smoke & CO Alarm,-- Unbranded --,-- No Unilog Brand --,BRK,First Alert - B R K Brands (2754),First Alert,-- Unbranded --,,1046870,,Safety & Workwear>Fire Safety>Smoke Detectors,"First Alert -- Unbranded --, Smoke Detectors, 1046870",1046870 SMOKE & CO ALARM,-- Unbranded -- 1046870 Smoke Detectors,1046870 Smoke & CO Alarm,-- Unbranded -- 1046870 Smoke Detectors,,,,,,,,,,,,,,,,,,,,,,,,,,,Smoke Detectors,,,,,,,,,,,,,,,,,,,,,,,,,,,,,,,,,,,,,,,,,,,,,,,,,,,,,,,,,,,,,,,,,,,,,,,,,,,,,,,,,,,,,,,,,,,,,,,,,,,,,,,,,,,,,,,,,,,,,,,,,,,,,,,,,,,,,,,,,,,,,,,,,,,,,,,,,,,,,,,,,,,,,,,,,,,,,,,,,,,,,,,,,,,,,,,,,,,,,
,,,,,,M701B-21L,Hand Tools,Woodworking Tools,Clamps & Jigs,M701B-21L,M701B-21L,M701B-21L Milw L Black Heated Work Glove Liners,-- Unbranded --,-- No Unilog Brand --,-- No DIB Brand --,Milwaukee Accessory (4031),Milwaukee Electric Tool,Milwaukee,,M701B-21L,,Hand Tools>Woodworking Tools>Clamps & Jigs,"Milwaukee Electric Tool Milwaukee, Clamps & Jigs, M701B-21L",M701B-21L MILW L BLACK HEATED WORK GLOVE LINERS,Milwaukee M701B-21L Clamps & Jigs,M701B-21L Milw L Black Heated Work Glove Liners,Milwaukee M701B-21L Clamps & Jigs,,,,,,,,,,,,,,,,,,,,,,,,,,,Clamps & Jigs,,,,,,,,,,,,,,,,,,,,,,,,,,,,,,,,,,,,,,,,,,,,,,,,,,,,,,,,,,,,,,,,,,,,,,,,,,,,,,,,,,,,,,,,,,,,,,,,,,,,,,,,,,,,,,,,,,,,,,,,,,,,,,,,,,,,,,,,,,,,,,,,,,,,,,,,,,,,,,,,,,,,,,,,,,,,,,,,,,,,,,,,,,,,,,,,,,,,,
,,,,,,M701B-21M,Hand Tools,Woodworking Tools,Clamps & Jigs,M701B-21M,M701B-21M,M701B-21M Milw M Black Heated Work Glove Liners,-- Unbranded --,-- No Unilog Brand --,-- No DIB Brand --,Milwaukee Accessory (4031),Milwaukee Electric Tool,Milwaukee,,M701B-21M,,Hand Tools>Woodworking Tools>Clamps & Jigs,"Milwaukee Electric Tool Milwaukee, Clamps & Jigs, M701B-21M",M701B-21M MILW M BLACK HEATED WORK GLOVE LINERS,Milwaukee M701B-21M Clamps & Jigs,M701B-21M Milw M Black Heated Work Glove Liners,Milwaukee M701B-21M Clamps & Jigs,,,,,,,,,,,,,,,,,,,,,,,,,,,Clamps & Jigs,,,,,,,,,,,,,,,,,,,,,,,,,,,,,,,,,,,,,,,,,,,,,,,,,,,,,,,,,,,,,,,,,,,,,,,,,,,,,,,,,,,,,,,,,,,,,,,,,,,,,,,,,,,,,,,,,,,,,,,,,,,,,,,,,,,,,,,,,,,,,,,,,,,,,,,,,,,,,,,,,,,,,,,,,,,,,,,,,,,,,,,,,,,,,,,,,,,,,
,,,,,,M701B-21S,Hand Tools,Woodworking Tools,Clamps & Jigs,M701B-21S,M701B-21S,M701B-21S Milw S Black Heated Work Glove Liners,-- Unbranded --,-- No Unilog Brand --,-- No DIB Brand --,Milwaukee Accessory (4031),Milwaukee Electric Tool,Milwaukee,,M701B-21S,,Hand Tools>Woodworking Tools>Clamps & Jigs,"Milwaukee Electric Tool Milwaukee, Clamps & Jigs, M701B-21S",M701B-21S MILW S BLACK HEATED WORK GLOVE LINERS,Milwaukee M701B-21S Clamps & Jigs,M701B-21S Milw S Black Heated Work Glove Liners,Milwaukee M701B-21S Clamps & Jigs,,,,,,,,,,,,,,,,,,,,,,,,,,,Clamps & Jigs,,,,,,,,,,,,,,,,,,,,,,,,,,,,,,,,,,,,,,,,,,,,,,,,,,,,,,,,,,,,,,,,,,,,,,,,,,,,,,,,,,,,,,,,,,,,,,,,,,,,,,,,,,,,,,,,,,,,,,,,,,,,,,,,,,,,,,,,,,,,,,,,,,,,,,,,,,,,,,,,,,,,,,,,,,,,,,,,,,,,,,,,,,,,,,,,,,,,,
,,,,,,M701B-21XL,Hand Tools,Woodworking Tools,Clamps & Jigs,M701B-21XL,M701B-21XL,M701B-21XL Milw XL Black Heated Work Glove Liners,-- Unbranded --,-- No Unilog Brand --,-- No DIB Brand --,Milwaukee Accessory (4031),Milwaukee Electric Tool,Milwaukee,,M701B-21XL,,Hand Tools>Woodworking Tools>Clamps & Jigs,"Milwaukee Electric Tool Milwaukee, Clamps & Jigs, M701B-21XL",M701B-21XL MILW XL BLACK HEATED WORK GLOVE LINERS,Milwaukee M701B-21XL Clamps & Jigs,M701B-21XL Milw XL Black Heated Work Glove Liners,Milwaukee M701B-21XL Clamps & Jigs,,,,,,,,,,,,,,,,,,,,,,,,,,,Clamps & Jigs,,,,,,,,,,,,,,,,,,,,,,,,,,,,,,,,,,,,,,,,,,,,,,,,,,,,,,,,,,,,,,,,,,,,,,,,,,,,,,,,,,,,,,,,,,,,,,,,,,,,,,,,,,,,,,,,,,,,,,,,,,,,,,,,,,,,,,,,,,,,,,,,,,,,,,,,,,,,,,,,,,,,,,,,,,,,,,,,,,,,,,,,,,,,,,,,,,,,,
,,,,,,MWUG42010124,Safety & Workwear,Eye Protection,Safety Glasses,MWUG42010124,MWUG42010124,UTW Pro Heated Glove Blk XS,-- Unbranded --,-- No Unilog Brand --,-- No DIB Brand --,Tech Gear 5.7 Inc (TECGE),Tech Gear 5.7 Inc,-- Unbranded --,,MWUG42010124,,Safety & Workwear>Eye Protection>Safety Glasses,"Tech Gear 5.7 Inc -- Unbranded --, Safety Glasses, MWUG42010124",UTW PRO HEATED GLOVE BLK XS,-- Unbranded -- MWUG42010124 Safety Glasses,UTW Pro Heated Glove Blk XS,-- Unbranded -- MWUG42010124 Safety Glasses,,,,,,,,,,,,,,,,,,,,,,,,,,,Safety Glasses,,,,,,,,,,,,,,,,,,,,,,,,,,,,,,,,,,,,,,,,,,,,,,,,,,,,,,,,,,,,,,,,,,,,,,,,,,,,,,,,,,,,,,,,,,,,,,,,,,,,,,,,,,,,,,,,,,,,,,,,,,,,,,,,,,,,,,,,,,,,,,,,,,,,,,,,,,,,,,,,,,,,,,,,,,,,,,,,,,,,,,,,,,,,,,,,,,,,,
,,,,,,MWUG42010224,Safety & Workwear,Eye Protection,Safety Glasses,MWUG42010224,MWUG42010224,UTW Pro Heated Glove Blk SM,-- Unbranded --,-- No Unilog Brand --,-- No DIB Brand --,Tech Gear 5.7 Inc (TECGE),Tech Gear 5.7 Inc,-- Unbranded --,,MWUG42010224,,Safety & Workwear>Eye Protection>Safety Glasses,"Tech Gear 5.7 Inc -- Unbranded --, Safety Glasses, MWUG42010224",UTW PRO HEATED GLOVE BLK SM,-- Unbranded -- MWUG42010224 Safety Glasses,UTW Pro Heated Glove Blk SM,-- Unbranded -- MWUG42010224 Safety Glasses,,,,,,,,,,,,,,,,,,,,,,,,,,,Safety Glasses,,,,,,,,,,,,,,,,,,,,,,,,,,,,,,,,,,,,,,,,,,,,,,,,,,,,,,,,,,,,,,,,,,,,,,,,,,,,,,,,,,,,,,,,,,,,,,,,,,,,,,,,,,,,,,,,,,,,,,,,,,,,,,,,,,,,,,,,,,,,,,,,,,,,,,,,,,,,,,,,,,,,,,,,,,,,,,,,,,,,,,,,,,,,,,,,,,,,,
,,,,,,MWUG42010324,Safety & Workwear,Eye Protection,Safety Glasses,MWUG42010324,MWUG42010324,UTW Pro Heated Glove Blk MD,-- Unbranded --,-- No Unilog Brand --,-- No DIB Brand --,Tech Gear 5.7 Inc (TECGE),Tech Gear 5.7 Inc,-- Unbranded --,,MWUG42010324,,Safety & Workwear>Eye Protection>Safety Glasses,"Tech Gear 5.7 Inc -- Unbranded --, Safety Glasses, MWUG42010324",UTW PRO HEATED GLOVE BLK MD,-- Unbranded -- MWUG42010324 Safety Glasses,UTW Pro Heated Glove Blk MD,-- Unbranded -- MWUG42010324 Safety Glasses,,,,,,,,,,,,,,,,,,,,,,,,,,,Safety Glasses,,,,,,,,,,,,,,,,,,,,,,,,,,,,,,,,,,,,,,,,,,,,,,,,,,,,,,,,,,,,,,,,,,,,,,,,,,,,,,,,,,,,,,,,,,,,,,,,,,,,,,,,,,,,,,,,,,,,,,,,,,,,,,,,,,,,,,,,,,,,,,,,,,,,,,,,,,,,,,,,,,,,,,,,,,,,,,,,,,,,,,,,,,,,,,,,,,,,,
,,,,,,MWUG42010424,Safety & Workwear,Eye Protection,Safety Glasses,MWUG42010424,MWUG42010424,UTW Pro Heated Glove Blk LG,-- Unbranded --,-- No Unilog Brand --,-- No DIB Brand --,Tech Gear 5.7 Inc (TECGE),Tech Gear 5.7 Inc,LG,,MWUG42010424,,Safety & Workwear>Eye Protection>Safety Glasses,"Tech Gear 5.7 Inc LG, Safety Glasses, MWUG42010424",UTW PRO HEATED GLOVE BLK LG,LG MWUG42010424 Safety Glasses,UTW Pro Heated Glove Blk LG,LG MWUG42010424 Safety Glasses,,,,,,,,,,,,,,,,,,,,,,,,,,,Safety Glasses,,,,,,,,,,,,,,,,,,,,,,,,,,,,,,,,,,,,,,,,,,,,,,,,,,,,,,,,,,,,,,,,,,,,,,,,,,,,,,,,,,,,,,,,,,,,,,,,,,,,,,,,,,,,,,,,,,,,,,,,,,,,,,,,,,,,,,,,,,,,,,,,,,,,,,,,,,,,,,,,,,,,,,,,,,,,,,,,,,,,,,,,,,,,,,,,,,,,,
,,,,,,MWUG42010524,Safety & Workwear,Eye Protection,Safety Glasses,MWUG42010524,MWUG42010524,UTW Pro Heated Glove Blk XL,-- Unbranded --,-- No Unilog Brand --,-- No DIB Brand --,Tech Gear 5.7 Inc (TECGE),Tech Gear 5.7 Inc,-- Unbranded --,,MWUG42010524,,Safety & Workwear>Eye Protection>Safety Glasses,"Tech Gear 5.7 Inc -- Unbranded --, Safety Glasses, MWUG42010524",UTW PRO HEATED GLOVE BLK XL,-- Unbranded -- MWUG42010524 Safety Glasses,UTW Pro Heated Glove Blk XL,-- Unbranded -- MWUG42010524 Safety Glasses,,,,,,,,,,,,,,,,,,,,,,,,,,,Safety Glasses,,,,,,,,,,,,,,,,,,,,,,,,,,,,,,,,,,,,,,,,,,,,,,,,,,,,,,,,,,,,,,,,,,,,,,,,,,,,,,,,,,,,,,,,,,,,,,,,,,,,,,,,,,,,,,,,,,,,,,,,,,,,,,,,,,,,,,,,,,,,,,,,,,,,,,,,,,,,,,,,,,,,,,,,,,,,,,,,,,,,,,,,,,,,,,,,,,,,,
,,,,,,MWUG42010624,Safety & Workwear,Eye Protection,Safety Glasses,MWUG42010624,MWUG42010624,UTW Pro Heated Glove Blk 2X,-- Unbranded --,-- No Unilog Brand --,-- No DIB Brand --,Tech Gear 5.7 Inc (TECGE),Tech Gear 5.7 Inc,-- Unbranded --,,MWUG42010624,,Safety & Workwear>Eye Protection>Safety Glasses,"Tech Gear 5.7 Inc -- Unbranded --, Safety Glasses, MWUG42010624",UTW PRO HEATED GLOVE BLK 2X,-- Unbranded -- MWUG42010624 Safety Glasses,UTW Pro Heated Glove Blk 2X,-- Unbranded -- MWUG42010624 Safety Glasses,,,,,,,,,,,,,,,,,,,,,,,,,,,Safety Glasses,,,,,,,,,,,,,,,,,,,,,,,,,,,,,,,,,,,,,,,,,,,,,,,,,,,,,,,,,,,,,,,,,,,,,,,,,,,,,,,,,,,,,,,,,,,,,,,,,,,,,,,,,,,,,,,,,,,,,,,,,,,,,,,,,,,,,,,,,,,,,,,,,,,,,,,,,,,,,,,,,,,,,,,,,,,,,,,,,,,,,,,,,,,,,,,,,,,,,
,,,,,,MWUG36010225,,,,MWUG36010225,MWUG36010225,MWUG36010225 BLK SM Aerial Snow Heated Glove,-- Unbranded --,-- No Unilog Brand --,-- No DIB Brand --,Tech Gear 5.7 Inc (TECGE),Tech Gear 5.7 Inc,-- Unbranded --,,MWUG36010225,,,"Tech Gear 5.7 Inc -- Unbranded --, Hardware & Tools, MWUG36010225",MWUG36010225 BLK SM AERIAL SNOW HEATED GLOVE,-- Unbranded -- MWUG36010225 Hardware & Tools,MWUG36010225 BLK SM Aerial Snow Heated Glove,-- Unbranded -- MWUG36010225 Hardware & Tools,,,,,,,,,,,,,,,,,,,,,,,,,,,Hardware & Tools,,,,,,,,,,,,,,,,,,,,,,,,,,,,,,,,,,,,,,,,,,,,,,,,,,,,,,,,,,,,,,,,,,,,,,,,,,,,,,,,,,,,,,,,,,,,,,,,,,,,,,,,,,,,,,,,,,,,,,,,,,,,,,,,,,,,,,,,,,,,,,,,,,,,,,,,,,,,,,,,,,,,,,,,,,,,,,,,,,,,,,,,,,,,,,,,,,,,,
,,,,,,MWUG36010325,,,,MWUG36010325,MWUG36010325,MWUG36010325 BLK MD Aerial Snow Heated Glove,-- Unbranded --,-- No Unilog Brand --,-- No DIB Brand --,Tech Gear 5.7 Inc (TECGE),Tech Gear 5.7 Inc,-- Unbranded --,,MWUG36010325,,,"Tech Gear 5.7 Inc -- Unbranded --, Hardware & Tools, MWUG36010325",MWUG36010325 BLK MD AERIAL SNOW HEATED GLOVE,-- Unbranded -- MWUG36010325 Hardware & Tools,MWUG36010325 BLK MD Aerial Snow Heated Glove,-- Unbranded -- MWUG36010325 Hardware & Tools,,,,,,,,,,,,,,,,,,,,,,,,,,,Hardware & Tools,,,,,,,,,,,,,,,,,,,,,,,,,,,,,,,,,,,,,,,,,,,,,,,,,,,,,,,,,,,,,,,,,,,,,,,,,,,,,,,,,,,,,,,,,,,,,,,,,,,,,,,,,,,,,,,,,,,,,,,,,,,,,,,,,,,,,,,,,,,,,,,,,,,,,,,,,,,,,,,,,,,,,,,,,,,,,,,,,,,,,,,,,,,,,,,,,,,,,
,,,,,,MWUG36010425,,,,MWUG36010425,MWUG36010425,MWUG36010425 BLK LG Aerial Snow Heated Glove,-- Unbranded --,-- No Unilog Brand --,-- No DIB Brand --,Tech Gear 5.7 Inc (TECGE),Tech Gear 5.7 Inc,LG,,MWUG36010425,,,"Tech Gear 5.7 Inc LG, Hardware & Tools, MWUG36010425",MWUG36010425 BLK LG AERIAL SNOW HEATED GLOVE,LG MWUG36010425 Hardware & Tools,MWUG36010425 BLK LG Aerial Snow Heated Glove,LG MWUG36010425 Hardware & Tools,,,,,,,,,,,,,,,,,,,,,,,,,,,Hardware & Tools,,,,,,,,,,,,,,,,,,,,,,,,,,,,,,,,,,,,,,,,,,,,,,,,,,,,,,,,,,,,,,,,,,,,,,,,,,,,,,,,,,,,,,,,,,,,,,,,,,,,,,,,,,,,,,,,,,,,,,,,,,,,,,,,,,,,,,,,,,,,,,,,,,,,,,,,,,,,,,,,,,,,,,,,,,,,,,,,,,,,,,,,,,,,,,,,,,,,,
,,,,,,MWUG36010525,,,,MWUG36010525,MWUG36010525,MWUG36010525 BLK XL Aerial Snow Heated Glove,-- Unbranded --,-- No Unilog Brand --,-- No DIB Brand --,Tech Gear 5.7 Inc (TECGE),Tech Gear 5.7 Inc,-- Unbranded --,,MWUG36010525,,,"Tech Gear 5.7 Inc -- Unbranded --, Hardware & Tools, MWUG36010525",MWUG36010525 BLK XL AERIAL SNOW HEATED GLOVE,-- Unbranded -- MWUG36010525 Hardware & Tools,MWUG36010525 BLK XL Aerial Snow Heated Glove,-- Unbranded -- MWUG36010525 Hardware & Tools,,,,,,,,,,,,,,,,,,,,,,,,,,,Hardware & Tools,,,,,,,,,,,,,,,,,,,,,,,,,,,,,,,,,,,,,,,,,,,,,,,,,,,,,,,,,,,,,,,,,,,,,,,,,,,,,,,,,,,,,,,,,,,,,,,,,,,,,,,,,,,,,,,,,,,,,,,,,,,,,,,,,,,,,,,,,,,,,,,,,,,,,,,,,,,,,,,,,,,,,,,,,,,,,,,,,,,,,,,,,,,,,,,,,,,,,
,,,,,,MWUG36010625,,,,MWUG36010625,MWUG36010625,MWUG36010625 BLK 2X Aerial Snow Heated Glove,-- Unbranded --,-- No Unilog Brand --,-- No DIB Brand --,Tech Gear 5.7 Inc (TECGE),Tech Gear 5.7 Inc,-- Unbranded --,,MWUG36010625,,,"Tech Gear 5.7 Inc -- Unbranded --, Hardware & Tools, MWUG36010625",MWUG36010625 BLK 2X AERIAL SNOW HEATED GLOVE,-- Unbranded -- MWUG36010625 Hardware & Tools,MWUG36010625 BLK 2X Aerial Snow Heated Glove,-- Unbranded -- MWUG36010625 Hardware & Tools,,,,,,,,,,,,,,,,,,,,,,,,,,,Hardware & Tools,,,,,,,,,,,,,,,,,,,,,,,,,,,,,,,,,,,,,,,,,,,,,,,,,,,,,,,,,,,,,,,,,,,,,,,,,,,,,,,,,,,,,,,,,,,,,,,,,,,,,,,,,,,,,,,,,,,,,,,,,,,,,,,,,,,,,,,,,,,,,,,,,,,,,,,,,,,,,,,,,,,,,,,,,,,,,,,,,,,,,,,,,,,,,,,,,,,,,
,,,,,,DPG15,,,,DPG15,DPG15,DPG15 Dewalt AM/FM Hearing Protector,-- Unbranded --,-- No Unilog Brand --,-- No DIB Brand --,Radians (7363),Radians Inc,DeWalt,,DPG15,,,"Radians Inc DeWalt, Hardware & Tools, DPG15",DPG15 DEWALT AM/FM HEARING PROTECTOR,DeWalt DPG15 Hardware & Tools,DPG15 Dewalt AM/FM Hearing Protector,DeWalt DPG15 Hardware & Tools,,,,,,,,,,,,,,,,,,,,,,,,,,,Hardware & Tools,,,,,,,,,,,,,,,,,,,,,,,,,,,,,,,,,,,,,,,,,,,,,,,,,,,,,,,,,,,,,,,,,,,,,,,,,,,,,,,,,,,,,,,,,,,,,,,,,,,,,,,,,,,,,,,,,,,,,,,,,,,,,,,,,,,,,,,,,,,,,,,,,,,,,,,,,,,,,,,,,,,,,,,,,,,,,,,,,,,,,,,,,,,,,,,,,,,,,
,,,,,,F200B-21L,Appliances & Consumer Electronics,Kitchen Appliances,Built-In Dishwashers,F200B-21L,F200B-21L,F200B-21L Milw M12 Womens - BLK Heated Hoodie Kit L,-- Unbranded --,-- No Unilog Brand --,-- No DIB Brand --,Milwaukee Accessory (4031),Milwaukee Electric Tool,Milwaukee,,F200B-21L,,Appliances & Consumer Electronics>Kitchen Appliances>Built-In Dishwashers,"Milwaukee Electric Tool Milwaukee, Built-In Dishwashers, F200B-21L",F200B-21L MILW M12 WOMENS - BLK HEATED HOODIE KIT L,Milwaukee F200B-21L Built-In Dishwashers,F200B-21L Milw M12 Womens - BLK Heated Hoodie Kit L,Milwaukee F200B-21L Built-In Dishwashers,,,,,,,,,,,,,,,,,,,,,,,,,,,Built-In Dishwashers,,,,,,,,,,,,,,,,,,,,,,,,,,,,,,,,,,,,,,,,,,,,,,,,,,,,,,,,,,,,,,,,,,,,,,,,,,,,,,,,,,,,,,,,,,,,,,,,,,,,,,,,,,,,,,,,,,,,,,,,,,,,,,,,,,,,,,,,,,,,,,,,,,,,,,,,,,,,,,,,,,,,,,,,,,,,,,,,,,,,,,,,,,,,,,,,,,,,,
,,,,,,F200B-21M,Appliances & Consumer Electronics,Kitchen Appliances,Built-In Dishwashers,F200B-21M,F200B-21M,F200B-21M Milw M12 Womens - BLK Heated Hoodie Kit M,-- Unbranded --,-- No Unilog Brand --,-- No DIB Brand --,Milwaukee Accessory (4031),Milwaukee Electric Tool,Milwaukee,,F200B-21M,,Appliances & Consumer Electronics>Kitchen Appliances>Built-In Dishwashers,"Milwaukee Electric Tool Milwaukee, Built-In Dishwashers, F200B-21M",F200B-21M MILW M12 WOMENS - BLK HEATED HOODIE KIT M,Milwaukee F200B-21M Built-In Dishwashers,F200B-21M Milw M12 Womens - BLK Heated Hoodie Kit M,Milwaukee F200B-21M Built-In Dishwashers,,,,,,,,,,,,,,,,,,,,,,,,,,,Built-In Dishwashers,,,,,,,,,,,,,,,,,,,,,,,,,,,,,,,,,,,,,,,,,,,,,,,,,,,,,,,,,,,,,,,,,,,,,,,,,,,,,,,,,,,,,,,,,,,,,,,,,,,,,,,,,,,,,,,,,,,,,,,,,,,,,,,,,,,,,,,,,,,,,,,,,,,,,,,,,,,,,,,,,,,,,,,,,,,,,,,,,,,,,,,,,,,,,,,,,,,,,
,,,,,,M200B-21L,Appliances & Consumer Electronics,Kitchen Appliances,Built-In Dishwashers,M200B-21L,M200B-21L,M200B-21L Milw M12 BLK - Heated Hoodie Kit L,-- Unbranded --,-- No Unilog Brand --,-- No DIB Brand --,Milwaukee Accessory (4031),Milwaukee Electric Tool,Milwaukee,,M200B-21L,,Appliances & Consumer Electronics>Kitchen Appliances>Built-In Dishwashers,"Milwaukee Electric Tool Milwaukee, Built-In Dishwashers, M200B-21L",M200B-21L MILW M12 BLK - HEATED HOODIE KIT L,Milwaukee M200B-21L Built-In Dishwashers,M200B-21L Milw M12 BLK - Heated Hoodie Kit L,Milwaukee M200B-21L Built-In Dishwashers,,,,,,,,,,,,,,,,,,,,,,,,,,,Built-In Dishwashers,,,,,,,,,,,,,,,,,,,,,,,,,,,,,,,,,,,,,,,,,,,,,,,,,,,,,,,,,,,,,,,,,,,,,,,,,,,,,,,,,,,,,,,,,,,,,,,,,,,,,,,,,,,,,,,,,,,,,,,,,,,,,,,,,,,,,,,,,,,,,,,,,,,,,,,,,,,,,,,,,,,,,,,,,,,,,,,,,,,,,,,,,,,,,,,,,,,,,
,,,,,,M200B-21M,Appliances & Consumer Electronics,Kitchen Appliances,Built-In Dishwashers,M200B-21M,M200B-21M,M200B-21M Milw M12 BLK - Heated Hoodie Kit M,-- Unbranded --,-- No Unilog Brand --,-- No DIB Brand --,Milwaukee Accessory (4031),Milwaukee Electric Tool,Milwaukee,,M200B-21M,,Appliances & Consumer Electronics>Kitchen Appliances>Built-In Dishwashers,"Milwaukee Electric Tool Milwaukee, Built-In Dishwashers, M200B-21M",M200B-21M MILW M12 BLK - HEATED HOODIE KIT M,Milwaukee M200B-21M Built-In Dishwashers,M200B-21M Milw M12 BLK - Heated Hoodie Kit M,Milwaukee M200B-21M Built-In Dishwashers,,,,,,,,,,,,,,,,,,,,,,,,,,,Built-In Dishwashers,,,,,,,,,,,,,,,,,,,,,,,,,,,,,,,,,,,,,,,,,,,,,,,,,,,,,,,,,,,,,,,,,,,,,,,,,,,,,,,,,,,,,,,,,,,,,,,,,,,,,,,,,,,,,,,,,,,,,,,,,,,,,,,,,,,,,,,,,,,,,,,,,,,,,,,,,,,,,,,,,,,,,,,,,,,,,,,,,,,,,,,,,,,,,,,,,,,,,
,,,,,,M200B-21XL,Appliances & Consumer Electronics,Kitchen Appliances,Built-In Dishwashers,M200B-21XL,M200B-21XL,M200B-21XL Milw M12 BLK - Heated Hoodie Kit XL,-- Unbranded --,-- No Unilog Brand --,-- No DIB Brand --,Milwaukee Accessory (4031),Milwaukee Electric Tool,Milwaukee,,M200B-21XL,,Appliances & Consumer Electronics>Kitchen Appliances>Built-In Dishwashers,"Milwaukee Electric Tool Milwaukee, Built-In Dishwashers, M200B-21XL",M200B-21XL MILW M12 BLK - HEATED HOODIE KIT XL,Milwaukee M200B-21XL Built-In Dishwashers,M200B-21XL Milw M12 BLK - Heated Hoodie Kit XL,Milwaukee M200B-21XL Built-In Dishwashers,,,,,,,,,,,,,,,,,,,,,,,,,,,Built-In Dishwashers,,,,,,,,,,,,,,,,,,,,,,,,,,,,,,,,,,,,,,,,,,,,,,,,,,,,,,,,,,,,,,,,,,,,,,,,,,,,,,,,,,,,,,,,,,,,,,,,,,,,,,,,,,,,,,,,,,,,,,,,,,,,,,,,,,,,,,,,,,,,,,,,,,,,,,,,,,,,,,,,,,,,,,,,,,,,,,,,,,,,,,,,,,,,,,,,,,,,,
,,,,,,M200G-21L,Appliances & Consumer Electronics,Kitchen Appliances,Built-In Dishwashers,M200G-21L,M200G-21L,M200G-21L Milw M12 Gray - Heated Hoodie Kit L,-- Unbranded --,-- No Unilog Brand --,-- No DIB Brand --,Milwaukee Accessory (4031),Milwaukee Electric Tool,Milwaukee,,M200G-21L,,Appliances & Consumer Electronics>Kitchen Appliances>Built-In Dishwashers,"Milwaukee Electric Tool Milwaukee, Built-In Dishwashers, M200G-21L",M200G-21L MILW M12 GRAY - HEATED HOODIE KIT L,Milwaukee M200G-21L Built-In Dishwashers,M200G-21L Milw M12 Gray - Heated Hoodie Kit L,Milwaukee M200G-21L Built-In Dishwashers,,,,,,,,,,,,,,,,,,,,,,,,,,,Built-In Dishwashers,,,,,,,,,,,,,,,,,,,,,,,,,,,,,,,,,,,,,,,,,,,,,,,,,,,,,,,,,,,,,,,,,,,,,,,,,,,,,,,,,,,,,,,,,,,,,,,,,,,,,,,,,,,,,,,,,,,,,,,,,,,,,,,,,,,,,,,,,,,,,,,,,,,,,,,,,,,,,,,,,,,,,,,,,,,,,,,,,,,,,,,,,,,,,,,,,,,,,
,,,,,,M200G-21M,Appliances & Consumer Electronics,Kitchen Appliances,Built-In Dishwashers,M200G-21M,M200G-21M,M200G-21M Milw M12 Gray - Heated Hoodie Kit M,-- Unbranded --,-- No Unilog Brand --,-- No DIB Brand --,Milwaukee Accessory (4031),Milwaukee Electric Tool,Milwaukee,,M200G-21M,,Appliances & Consumer Electronics>Kitchen Appliances>Built-In Dishwashers,"Milwaukee Electric Tool Milwaukee, Built-In Dishwashers, M200G-21M",M200G-21M MILW M12 GRAY - HEATED HOODIE KIT M,Milwaukee M200G-21M Built-In Dishwashers,M200G-21M Milw M12 Gray - Heated Hoodie Kit M,Milwaukee M200G-21M Built-In Dishwashers,,,,,,,,,,,,,,,,,,,,,,,,,,,Built-In Dishwashers,,,,,,,,,,,,,,,,,,,,,,,,,,,,,,,,,,,,,,,,,,,,,,,,,,,,,,,,,,,,,,,,,,,,,,,,,,,,,,,,,,,,,,,,,,,,,,,,,,,,,,,,,,,,,,,,,,,,,,,,,,,,,,,,,,,,,,,,,,,,,,,,,,,,,,,,,,,,,,,,,,,,,,,,,,,,,,,,,,,,,,,,,,,,,,,,,,,,,
,,,,,,M200G-21XL,Appliances & Consumer Electronics,Kitchen Appliances,Built-In Dishwashers,M200G-21XL,M200G-21XL,M200G-21XL Milw M12 Gray - Heated Hoodie Kit XL,-- Unbranded --,-- No Unilog Brand --,-- No DIB Brand --,Milwaukee Accessory (4031),Milwaukee Electric Tool,Milwaukee,,M200G-21XL,,Appliances & Consumer Electronics>Kitchen Appliances>Built-In Dishwashers,"Milwaukee Electric Tool Milwaukee, Built-In Dishwashers, M200G-21XL",M200G-21XL MILW M12 GRAY - HEATED HOODIE KIT XL,Milwaukee M200G-21XL Built-In Dishwashers,M200G-21XL Milw M12 Gray - Heated Hoodie Kit XL,Milwaukee M200G-21XL Built-In Dishwashers,,,,,,,,,,,,,,,,,,,,,,,,,,,Built-In Dishwashers,,,,,,,,,,,,,,,,,,,,,,,,,,,,,,,,,,,,,,,,,,,,,,,,,,,,,,,,,,,,,,,,,,,,,,,,,,,,,,,,,,,,,,,,,,,,,,,,,,,,,,,,,,,,,,,,,,,,,,,,,,,,,,,,,,,,,,,,,,,,,,,,,,,,,,,,,,,,,,,,,,,,,,,,,,,,,,,,,,,,,,,,,,,,,,,,,,,,,
,,,,,,48-11-2330,,,,48-11-2330,48-11-2330,48-11-2330 Milw Heated Gear Power Source,-- Unbranded --,-- No Unilog Brand --,-- No DIB Brand --,Milwaukee Accessory (4031),Milwaukee Electric Tool,Milwaukee,,48-11-2330,,,"Milwaukee Electric Tool Milwaukee, Hardware & Tools, 48-11-2330",48-11-2330 MILW HEATED GEAR POWER SOURCE,Milwaukee 48-11-2330 Hardware & Tools,48-11-2330 Milw Heated Gear Power Source,Milwaukee 48-11-2330 Hardware & Tools,,,,,,,,,,,,,,,,,,,,,,,,,,,Hardware & Tools,,,,,,,,,,,,,,,,,,,,,,,,,,,,,,,,,,,,,,,,,,,,,,,,,,,,,,,,,,,,,,,,,,,,,,,,,,,,,,,,,,,,,,,,,,,,,,,,,,,,,,,,,,,,,,,,,,,,,,,,,,,,,,,,,,,,,,,,,,,,,,,,,,,,,,,,,,,,,,,,,,,,,,,,,,,,,,,,,,,,,,,,,,,,,,,,,,,,,
,,,,,,DCBP250C,Appliances & Consumer Electronics,Kitchen Appliances,Built-In Dishwashers,DCBP250C,DCBP250C,DCBP520C Dewalt Starter Kit,-- Unbranded --,-- No Unilog Brand --,DEWALT,Black & Decker/dewlt (2585),Stanley Black & Decker,DeWalt,,DCBP250C,,Appliances & Consumer Electronics>Kitchen Appliances>Built-In Dishwashers,"Stanley Black & Decker DeWalt, Built-In Dishwashers, DCBP250C",DCBP520C DEWALT STARTER KIT,DeWalt DCBP250C Built-In Dishwashers,DCBP520C Dewalt Starter Kit,DeWalt DCBP250C Built-In Dishwashers,,,,,,,,,,,,,,,,,,,,,,,,,,,Built-In Dishwashers,,,,,,,,,,,,,,,,,,,,,,,,,,,,,,,,,,,,,,,,,,,,,,,,,,,,,,,,,,,,,,,,,,,,,,,,,,,,,,,,,,,,,,,,,,,,,,,,,,,,,,,,,,,,,,,,,,,,,,,,,,,,,,,,,,,,,,,,,,,,,,,,,,,,,,,,,,,,,,,,,,,,,,,,,,,,,,,,,,,,,,,,,,,,,,,,,,,,,
,,,,,,5328,,,,5328,5328,5328 Lg. Leather Phone Holster - Clip-on,-- Unbranded --,-- No Unilog Brand --,-- No DIB Brand --,-,-,LG,,5328,,,"- LG, Hardware & Tools, 5328",5328 LG. LEATHER PHONE HOLSTER - CLIP-ON,LG 5328 Hardware & Tools,5328 Lg. Leather Phone Holster - Clip-on,LG 5328 Hardware & Tools,,,,,,,,,,,,,,,,,,,,,,,,,,,Hardware & Tools,,,,,,,,,,,,,,,,,,,,,,,,,,,,,,,,,,,,,,,,,,,,,,,,,,,,,,,,,,,,,,,,,,,,,,,,,,,,,,,,,,,,,,,,,,,,,,,,,,,,,,,,,,,,,,,,,,,,,,,,,,,,,,,,,,,,,,,,,,,,,,,,,,,,,,,,,,,,,,,,,,,,,,,,,,,,,,,,,,,,,,,,,,,,,,,,,,,,,
,,,,,,3200-20,Safety & Workwear,Fire Safety,Smoke Detectors,3200-20,3200-20,3200-20 Milw Voltage Detector,-- Unbranded --,-- No Unilog Brand --,-- No DIB Brand --,Milwaukee Accessory (4031),Milwaukee Electric Tool,Milwaukee,,3200-20,,Safety & Workwear>Fire Safety>Smoke Detectors,"Milwaukee Electric Tool Milwaukee, Smoke Detectors, 3200-20",3200-20 MILW VOLTAGE DETECTOR,Milwaukee 3200-20 Smoke Detectors,3200-20 Milw Voltage Detector,Milwaukee 3200-20 Smoke Detectors,,,,,,,,,,,,,,,,,,,,,,,,,,,Smoke Detectors,,,,,,,,,,,,,,,,,,,,,,,,,,,,,,,,,,,,,,,,,,,,,,,,,,,,,,,,,,,,,,,,,,,,,,,,,,,,,,,,,,,,,,,,,,,,,,,,,,,,,,,,,,,,,,,,,,,,,,,,,,,,,,,,,,,,,,,,,,,,,,,,,,,,,,,,,,,,,,,,,,,,,,,,,,,,,,,,,,,,,,,,,,,,,,,,,,,,,
,,,,,,3202-20,Lighting & Electrical,Lamps & Bulbs,LED Bulbs,3202-20,3202-20,3202-20 Milw Voltage Detector w/ LED,-- Unbranded --,-- No Unilog Brand --,-- No DIB Brand --,Milwaukee Accessory (4031),Milwaukee Electric Tool,Milwaukee,,3202-20,,Lighting & Electrical>Lamps & Bulbs>LED Bulbs,"Milwaukee Electric Tool Milwaukee, LED Bulbs, 3202-20",3202-20 MILW VOLTAGE DETECTOR W/ LED,Milwaukee 3202-20 LED Bulbs,3202-20 Milw Voltage Detector w/ LED,Milwaukee 3202-20 LED Bulbs,,,,,,,,,,,,,,,,,,,,,,,,,,,LED Bulbs,Bulb Type,LED,,,,,,,,,,,,,,,,,,,,,,,,,,,,,,,,,,,,,,,,,,,,,,,,,,,,,,,,,,,,,,,,,,,,,,,,,,,,,,,,,,,,,,,,,,,,,,,,,,,,,,,,,,,,,,,,,,,,,,,,,,,,,,,,,,,,,,,,,,,,,,,,,,,,,,,,,,,,,,,,,,,,,,,,,,,,,,,,,,,,,,,,,,,,,,,,,,,
,,,,,,3203-20,Lighting & Electrical,Lamps & Bulbs,LED Bulbs,3203-20,3203-20,3203-20 Milw Dual Range Voltage Detector w/ LED,-- Unbranded --,-- No Unilog Brand --,-- No DIB Brand --,Milwaukee Accessory (4031),Milwaukee Electric Tool,Milwaukee,,3203-20,,Lighting & Electrical>Lamps & Bulbs>LED Bulbs,"Milwaukee Electric Tool Milwaukee, LED Bulbs, 3203-20",3203-20 MILW DUAL RANGE VOLTAGE DETECTOR W/ LED,Milwaukee 3203-20 LED Bulbs,3203-20 Milw Dual Range Voltage Detector w/ LED,Milwaukee 3203-20 LED Bulbs,,,,,,,,,,,,,,,,,,,,,,,,,,,LED Bulbs,Bulb Type,LED,,,,,,,,,,,,,,,,,,,,,,,,,,,,,,,,,,,,,,,,,,,,,,,,,,,,,,,,,,,,,,,,,,,,,,,,,,,,,,,,,,,,,,,,,,,,,,,,,,,,,,,,,,,,,,,,,,,,,,,,,,,,,,,,,,,,,,,,,,,,,,,,,,,,,,,,,,,,,,,,,,,,,,,,,,,,,,,,,,,,,,,,,,,,,,,,,,,
,,,,,,BC-12300,,,,BC-12300,BC-12300,"BC-12300 BigCal 12""/300mm",-- Unbranded --,-- No Unilog Brand --,-- No DIB Brand --,Woodpeckers Inc (WOODP),Woodpeckers Inc,-- Unbranded --,,BC-12300,,,"Woodpeckers Inc -- Unbranded --, Hardware & Tools, BC-12300","BC-12300 BIGCAL 12""/300MM",-- Unbranded -- BC-12300 Hardware & Tools,"BC-12300 BigCal 12""/300mm",-- Unbranded -- BC-12300 Hardware & Tools,,,,,,,,,,,,,,,,,,,,,,,,,,,Hardware & Tools,,,,,,,,,,,,,,,,,,,,,,,,,,,,,,,,,,,,,,,,,,,,,,,,,,,,,,,,,,,,,,,,,,,,,,,,,,,,,,,,,,,,,,,,,,,,,,,,,,,,,,,,,,,,,,,,,,,,,,,,,,,,,,,,,,,,,,,,,,,,,,,,,,,,,,,,,,,,,,,,,,,,,,,,,,,,,,,,,,,,,,,,,,,,,,,,,,,,,
,,,,,,BC-24600,,,,BC-24600,BC-24600,"BC-24600 BigCal 24""/600mm",-- Unbranded --,-- No Unilog Brand --,-- No DIB Brand --,Woodpeckers Inc (WOODP),Woodpeckers Inc,-- Unbranded --,,BC-24600,,,"Woodpeckers Inc -- Unbranded --, Hardware & Tools, BC-24600","BC-24600 BIGCAL 24""/600MM",-- Unbranded -- BC-24600 Hardware & Tools,"BC-24600 BigCal 24""/600mm",-- Unbranded -- BC-24600 Hardware & Tools,,,,,,,,,,,,,,,,,,,,,,,,,,,Hardware & Tools,,,,,,,,,,,,,,,,,,,,,,,,,,,,,,,,,,,,,,,,,,,,,,,,,,,,,,,,,,,,,,,,,,,,,,,,,,,,,,,,,,,,,,,,,,,,,,,,,,,,,,,,,,,,,,,,,,,,,,,,,,,,,,,,,,,,,,,,,,,,,,,,,,,,,,,,,,,,,,,,,,,,,,,,,,,,,,,,,,,,,,,,,,,,,,,,,,,,,
,,,,,,DW08302CG,,,,DW08302CG,DW08302CG,DW08302CG Dewalt Laser - Green 3 Spot,-- Unbranded --,-- No Unilog Brand --,DEWALT,Black & Decker/dewlt (2585),Stanley Black & Decker,DeWalt,,DW08302CG,,,"Stanley Black & Decker DeWalt, Hardware & Tools, DW08302CG",DW08302CG DEWALT LASER - GREEN 3 SPOT,DeWalt DW08302CG Hardware & Tools,DW08302CG Dewalt Laser - Green 3 Spot,DeWalt DW08302CG Hardware & Tools,,,,,,,,,,,,,,,,,,,,,,,,,,,Hardware & Tools,,,,,,,,,,,,,,,,,,,,,,,,,,,,,,,,,,,,,,,,,,,,,,,,,,,,,,,,,,,,,,,,,,,,,,,,,,,,,,,,,,,,,,,,,,,,,,,,,,,,,,,,,,,,,,,,,,,,,,,,,,,,,,,,,,,,,,,,,,,,,,,,,,,,,,,,,,,,,,,,,,,,,,,,,,,,,,,,,,,,,,,,,,,,,,,,,,,,,
,,,,,,GCL165-42GL,,,,GCL165-42GL,GCL165-42GL,GCL165--42GL Cross Line Laser,-- Unbranded --,-- No Unilog Brand --,-- No DIB Brand --,Robt Bosch Tool Corp (6564),Robert Bosch Tool Corporation,-- Unbranded --,,GCL165-42GL,,,"Robert Bosch Tool Corporation -- Unbranded --, Hardware & Tools, GCL165-42GL",GCL165--42GL CROSS LINE LASER,-- Unbranded -- GCL165-42GL Hardware & Tools,GCL165--42GL Cross Line Laser,-- Unbranded -- GCL165-42GL Hardware & Tools,,,,,,,,,,,,,,,,,,,,,,,,,,,Hardware & Tools,,,,,,,,,,,,,,,,,,,,,,,,,,,,,,,,,,,,,,,,,,,,,,,,,,,,,,,,,,,,,,,,,,,,,,,,,,,,,,,,,,,,,,,,,,,,,,,,,,,,,,,,,,,,,,,,,,,,,,,,,,,,,,,,,,,,,,,,,,,,,,,,,,,,,,,,,,,,,,,,,,,,,,,,,,,,,,,,,,,,,,,,,,,,,,,,,,,,,
,,,,,,DW08802CG,,,,DW08802CG,DW08802CG,DW08802CG Dewalt Laser Green - Self-Level Cross Line,-- Unbranded --,-- No Unilog Brand --,DEWALT,Black & Decker/dewlt (2585),Stanley Black & Decker,DeWalt,,DW08802CG,,,"Stanley Black & Decker DeWalt, Hardware & Tools, DW08802CG",DW08802CG DEWALT LASER GREEN - SELF-LEVEL CROSS LINE,DeWalt DW08802CG Hardware & Tools,DW08802CG Dewalt Laser Green - Self-Level Cross Line,DeWalt DW08802CG Hardware & Tools,,,,,,,,,,,,,,,,,,,,,,,,,,,Hardware & Tools,,,,,,,,,,,,,,,,,,,,,,,,,,,,,,,,,,,,,,,,,,,,,,,,,,,,,,,,,,,,,,,,,,,,,,,,,,,,,,,,,,,,,,,,,,,,,,,,,,,,,,,,,,,,,,,,,,,,,,,,,,,,,,,,,,,,,,,,,,,,,,,,,,,,,,,,,,,,,,,,,,,,,,,,,,,,,,,,,,,,,,,,,,,,,,,,,,,,,
,,,,,,DW088CG,,,,DW088CG,DW088CG,DW088CG Dewalt Laser - Green Cross Line,-- Unbranded --,-- No Unilog Brand --,DEWALT,Black & Decker/dewlt (2585),Stanley Black & Decker,DeWalt,,DW088CG,,,"Stanley Black & Decker DeWalt, Hardware & Tools, DW088CG",DW088CG DEWALT LASER - GREEN CROSS LINE,DeWalt DW088CG Hardware & Tools,DW088CG Dewalt Laser - Green Cross Line,DeWalt DW088CG Hardware & Tools,,,,,,,,,,,,,,,,,,,,,,,,,,,Hardware & Tools,,,,,,,,,,,,,,,,,,,,,,,,,,,,,,,,,,,,,,,,,,,,,,,,,,,,,,,,,,,,,,,,,,,,,,,,,,,,,,,,,,,,,,,,,,,,,,,,,,,,,,,,,,,,,,,,,,,,,,,,,,,,,,,,,,,,,,,,,,,,,,,,,,,,,,,,,,,,,,,,,,,,,,,,,,,,,,,,,,,,,,,,,,,,,,,,,,,,,
,,,,,,DW089CG,,,,DW089CG,DW089CG,DW089CG Dewalt Laser Level - 3 Line 30ft Range,-- Unbranded --,-- No Unilog Brand --,DEWALT,Black & Decker/dewlt (2585),Stanley Black & Decker,DeWalt,,DW089CG,,,"Stanley Black & Decker DeWalt, Hardware & Tools, DW089CG",DW089CG DEWALT LASER LEVEL - 3 LINE 30FT RANGE,DeWalt DW089CG Hardware & Tools,DW089CG Dewalt Laser Level - 3 Line 30ft Range,DeWalt DW089CG Hardware & Tools,,,,,,,,,,,,,,,,,,,,,,,,,,,Hardware & Tools,,,,,,,,,,,,,,,,,,,,,,,,,,,,,,,,,,,,,,,,,,,,,,,,,,,,,,,,,,,,,,,,,,,,,,,,,,,,,,,,,,,,,,,,,,,,,,,,,,,,,,,,,,,,,,,,,,,,,,,,,,,,,,,,,,,,,,,,,,,,,,,,,,,,,,,,,,,,,,,,,,,,,,,,,,,,,,,,,,,,,,,,,,,,,,,,,,,,,
,,,,,,DCLE34520GB,,,,DCLE34520GB,DCLE34520GB,DCLE34520GB Dewalt Laser 20V - Cross Line 5 Spot (Bare),-- Unbranded --,-- No Unilog Brand --,DEWALT,Black & Decker/dewlt (2585),Stanley Black & Decker,DeWalt,,DCLE34520GB,,,"Stanley Black & Decker DeWalt, Hardware & Tools, DCLE34520GB",DCLE34520GB DEWALT LASER 20V - CROSS LINE 5 SPOT (BARE),DeWalt DCLE34520GB Hardware & Tools,DCLE34520GB Dewalt Laser 20V - Cross Line 5 Spot (Bare),DeWalt DCLE34520GB Hardware & Tools,,,,,,,,,,,,,,,,,,,,,,,,,,,Hardware & Tools,,,,,,,,,,,,,,,,,,,,,,,,,,,,,,,,,,,,,,,,,,,,,,,,,,,,,,,,,,,,,,,,,,,,,,,,,,,,,,,,,,,,,,,,,,,,,,,,,,,,,,,,,,,,,,,,,,,,,,,,,,,,,,,,,,,,,,,,,,,,,,,,,,,,,,,,,,,,,,,,,,,,,,,,,,,,,,,,,,,,,,,,,,,,,,,,,,,,,
,,,,,,DCLE34031B,,,,DCLE34031B,DCLE34031B,DCLE34031B Dewalt Line Laser - 20V Self-Leveling (Bare),-- Unbranded --,-- No Unilog Brand --,DEWALT,Black & Decker/dewlt (2585),Stanley Black & Decker,DeWalt,,DCLE34031B,,,"Stanley Black & Decker DeWalt, Hardware & Tools, DCLE34031B",DCLE34031B DEWALT LINE LASER - 20V SELF-LEVELING (BARE),DeWalt DCLE34031B Hardware & Tools,DCLE34031B Dewalt Line Laser - 20V Self-Leveling (Bare),DeWalt DCLE34031B Hardware & Tools,,,,,,,,,,,,,,,,,,,,,,,,,,,Hardware & Tools,,,,,,,,,,,,,,,,,,,,,,,,,,,,,,,,,,,,,,,,,,,,,,,,,,,,,,,,,,,,,,,,,,,,,,,,,,,,,,,,,,,,,,,,,,,,,,,,,,,,,,,,,,,,,,,,,,,,,,,,,,,,,,,,,,,,,,,,,,,,,,,,,,,,,,,,,,,,,,,,,,,,,,,,,,,,,,,,,,,,,,,,,,,,,,,,,,,,,
,,,,,,DW0822CG,,,,DW0822CG,DW0822CG,DW0822CG Dewalt Cross Line - Plumb Spots Laser-Green,-- Unbranded --,-- No Unilog Brand --,DEWALT,Black & Decker/dewlt (2585),Stanley Black & Decker,DeWalt,,DW0822CG,,,"Stanley Black & Decker DeWalt, Hardware & Tools, DW0822CG",DW0822CG DEWALT CROSS LINE - PLUMB SPOTS LASER-GREEN,DeWalt DW0822CG Hardware & Tools,DW0822CG Dewalt Cross Line - Plumb Spots Laser-Green,DeWalt DW0822CG Hardware & Tools,,,,,,,,,,,,,,,,,,,,,,,,,,,Hardware & Tools,,,,,,,,,,,,,,,,,,,,,,,,,,,,,,,,,,,,,,,,,,,,,,,,,,,,,,,,,,,,,,,,,,,,,,,,,,,,,,,,,,,,,,,,,,,,,,,,,,,,,,,,,,,,,,,,,,,,,,,,,,,,,,,,,,,,,,,,,,,,,,,,,,,,,,,,,,,,,,,,,,,,,,,,,,,,,,,,,,,,,,,,,,,,,,,,,,,,,
,,,,,,25459,Building Materials,Masonry,Mortar & Concrete,25459,25459,25459 Mason Line Brd Orange - 500',-- Unbranded --,-- No Unilog Brand --,-- No DIB Brand --,U S Tape Company (6694),U.S. Tape Company,-- Unbranded --,,25459,,Building Materials>Masonry>Mortar & Concrete,"U.S. Tape Company -- Unbranded --, Mortar & Concrete, 25459",25459 MASON LINE BRD ORANGE - 500',-- Unbranded -- 25459 Mortar & Concrete,25459 Mason Line Brd Orange - 500',-- Unbranded -- 25459 Mortar & Concrete,,,,,,,,,,,,,,,,,,,,,,,,,,,Mortar & Concrete,,,,,,,,,,,,,,,,,,,,,,,,,,,,,,,,,,,,,,,,,,,,,,,,,,,,,,,,,,,,,,,,,,,,,,,,,,,,,,,,,,,,,,,,,,,,,,,,,,,,,,,,,,,,,,,,,,,,,,,,,,,,,,,,,,,,,,,,,,,,,,,,,,,,,,,,,,,,,,,,,,,,,,,,,,,,,,,,,,,,,,,,,,,,,,,,,,,,,
,,,,,,35459,Building Materials,Masonry,Mortar & Concrete,35459,35459,35459 Mason Line Brd Orange - 500' Replacement,-- Unbranded --,-- No Unilog Brand --,-- No DIB Brand --,U S Tape Company (6694),U.S. Tape Company,-- Unbranded --,,35459,,Building Materials>Masonry>Mortar & Concrete,"U.S. Tape Company -- Unbranded --, Mortar & Concrete, 35459",35459 MASON LINE BRD ORANGE - 500' REPLACEMENT,-- Unbranded -- 35459 Mortar & Concrete,35459 Mason Line Brd Orange - 500' Replacement,-- Unbranded -- 35459 Mortar & Concrete,,,,,,,,,,,,,,,,,,,,,,,,,,,Mortar & Concrete,,,,,,,,,,,,,,,,,,,,,,,,,,,,,,,,,,,,,,,,,,,,,,,,,,,,,,,,,,,,,,,,,,,,,,,,,,,,,,,,,,,,,,,,,,,,,,,,,,,,,,,,,,,,,,,,,,,,,,,,,,,,,,,,,,,,,,,,,,,,,,,,,,,,,,,,,,,,,,,,,,,,,,,,,,,,,,,,,,,,,,,,,,,,,,,,,,,,,
,,,,,,25759,Building Materials,Masonry,Mortar & Concrete,25759,25759,25759 Mason Line Brd Orange - 1000',-- Unbranded --,-- No Unilog Brand --,-- No DIB Brand --,U S Tape Company (6694),U.S. Tape Company,-- Unbranded --,,25759,,Building Materials>Masonry>Mortar & Concrete,"U.S. Tape Company -- Unbranded --, Mortar & Concrete, 25759",25759 MASON LINE BRD ORANGE - 1000',-- Unbranded -- 25759 Mortar & Concrete,25759 Mason Line Brd Orange - 1000',-- Unbranded -- 25759 Mortar & Concrete,,,,,,,,,,,,,,,,,,,,,,,,,,,Mortar & Concrete,,,,,,,,,,,,,,,,,,,,,,,,,,,,,,,,,,,,,,,,,,,,,,,,,,,,,,,,,,,,,,,,,,,,,,,,,,,,,,,,,,,,,,,,,,,,,,,,,,,,,,,,,,,,,,,,,,,,,,,,,,,,,,,,,,,,,,,,,,,,,,,,,,,,,,,,,,,,,,,,,,,,,,,,,,,,,,,,,,,,,,,,,,,,,,,,,,,,,
,,,,,,35112,Building Materials,Masonry,Mortar & Concrete,35112,35112,35112 Mason Line Twist Yellow - 270',-- Unbranded --,-- No Unilog Brand --,-- No DIB Brand --,U S Tape Company (6694),U.S. Tape Company,-- Unbranded --,,35112,,Building Materials>Masonry>Mortar & Concrete,"U.S. Tape Company -- Unbranded --, Mortar & Concrete, 35112",35112 MASON LINE TWIST YELLOW - 270',-- Unbranded -- 35112 Mortar & Concrete,35112 Mason Line Twist Yellow - 270',-- Unbranded -- 35112 Mortar & Concrete,,,,,,,,,,,,,,,,,,,,,,,,,,,Mortar & Concrete,,,,,,,,,,,,,,,,,,,,,,,,,,,,,,,,,,,,,,,,,,,,,,,,,,,,,,,,,,,,,,,,,,,,,,,,,,,,,,,,,,,,,,,,,,,,,,,,,,,,,,,,,,,,,,,,,,,,,,,,,,,,,,,,,,,,,,,,,,,,,,,,,,,,,,,,,,,,,,,,,,,,,,,,,,,,,,,,,,,,,,,,,,,,,,,,,,,,,
,,,,,,35115,Building Materials,Masonry,Mortar & Concrete,35115,35115,35115 Mason Line Twist Green - 270',-- Unbranded --,-- No Unilog Brand --,-- No DIB Brand --,U S Tape Company (6694),U.S. Tape Company,-- Unbranded --,,35115,,Building Materials>Masonry>Mortar & Concrete,"U.S. Tape Company -- Unbranded --, Mortar & Concrete, 35115",35115 MASON LINE TWIST GREEN - 270',-- Unbranded -- 35115 Mortar & Concrete,35115 Mason Line Twist Green - 270',-- Unbranded -- 35115 Mortar & Concrete,,,,,,,,,,,,,,,,,,,,,,,,,,,Mortar & Concrete,,,,,,,,,,,,,,,,,,,,,,,,,,,,,,,,,,,,,,,,,,,,,,,,,,,,,,,,,,,,,,,,,,,,,,,,,,,,,,,,,,,,,,,,,,,,,,,,,,,,,,,,,,,,,,,,,,,,,,,,,,,,,,,,,,,,,,,,,,,,,,,,,,,,,,,,,,,,,,,,,,,,,,,,,,,,,,,,,,,,,,,,,,,,,,,,,,,,,
,,,,,,25168,Building Materials,Masonry,Mortar & Concrete,25168,25168,25168 Mason Line Brd Green - 250',CENTURY COMPONENTS,-- No Unilog Brand --,-- No DIB Brand --,U S Tape Company (6694),U.S. Tape Company,CENTURY COMPONENTS,,25168,,Building Materials>Masonry>Mortar & Concrete,"U.S. Tape Company CENTURY COMPONENTS, Mortar & Concrete, 25168",25168 MASON LINE BRD GREEN - 250',CENTURY COMPONENTS 25168 Mortar & Concrete,25168 Mason Line Brd Green - 250',CENTURY COMPONENTS 25168 Mortar & Concrete,,,,,,,,,,,,,,,,,,,,,,,,,,,Mortar & Concrete,,,,,,,,,,,,,,,,,,,,,,,,,,,,,,,,,,,,,,,,,,,,,,,,,,,,,,,,,,,,,,,,,,,,,,,,,,,,,,,,,,,,,,,,,,,,,,,,,,,,,,,,,,,,,,,,,,,,,,,,,,,,,,,,,,,,,,,,,,,,,,,,,,,,,,,,,,,,,,,,,,,,,,,,,,,,,,,,,,,,,,,,,,,,,,,,,,,,,
,,,,,,35468,Building Materials,Masonry,Mortar & Concrete,35468,35468,35468 Mason Line Brd Green - 500' Replacement,-- Unbranded --,-- No Unilog Brand --,-- No DIB Brand --,U S Tape Company (6694),U.S. Tape Company,-- Unbranded --,,35468,,Building Materials>Masonry>Mortar & Concrete,"U.S. Tape Company -- Unbranded --, Mortar & Concrete, 35468",35468 MASON LINE BRD GREEN - 500' REPLACEMENT,-- Unbranded -- 35468 Mortar & Concrete,35468 Mason Line Brd Green - 500' Replacement,-- Unbranded -- 35468 Mortar & Concrete,,,,,,,,,,,,,,,,,,,,,,,,,,,Mortar & Concrete,,,,,,,,,,,,,,,,,,,,,,,,,,,,,,,,,,,,,,,,,,,,,,,,,,,,,,,,,,,,,,,,,,,,,,,,,,,,,,,,,,,,,,,,,,,,,,,,,,,,,,,,,,,,,,,,,,,,,,,,,,,,,,,,,,,,,,,,,,,,,,,,,,,,,,,,,,,,,,,,,,,,,,,,,,,,,,,,,,,,,,,,,,,,,,,,,,,,,
,,,,,,35494,Building Materials,Masonry,Mortar & Concrete,35494,35494,35494 Mason Line Brd Blk/Yellw - 500' Replacement,-- Unbranded --,-- No Unilog Brand --,-- No DIB Brand --,U S Tape Company (6694),U.S. Tape Company,-- Unbranded --,,35494,,Building Materials>Masonry>Mortar & Concrete,"U.S. Tape Company -- Unbranded --, Mortar & Concrete, 35494",35494 MASON LINE BRD BLK/YELLW - 500' REPLACEMENT,-- Unbranded -- 35494 Mortar & Concrete,35494 Mason Line Brd Blk/Yellw - 500' Replacement,-- Unbranded -- 35494 Mortar & Concrete,,,,,,,,,,,,,,,,,,,,,,,,,,,Mortar & Concrete,,,,,,,,,,,,,,,,,,,,,,,,,,,,,,,,,,,,,,,,,,,,,,,,,,,,,,,,,,,,,,,,,,,,,,,,,,,,,,,,,,,,,,,,,,,,,,,,,,,,,,,,,,,,,,,,,,,,,,,,,,,,,,,,,,,,,,,,,,,,,,,,,,,,,,,,,,,,,,,,,,,,,,,,,,,,,,,,,,,,,,,,,,,,,,,,,,,,,
,,,,,,MLSQ0120,,,,MLSQ0120,MLSQ0120,"MLSQ0120 Milw 12"" RafterSquare",-- Unbranded --,-- No Unilog Brand --,-- No DIB Brand --,Milwaukee Accessory (4031),Milwaukee Electric Tool,Milwaukee,,MLSQ0120,,,"Milwaukee Electric Tool Milwaukee, Hardware & Tools, MLSQ0120","MLSQ0120 MILW 12"" RAFTERSQUARE",Milwaukee MLSQ0120 Hardware & Tools,"MLSQ0120 Milw 12"" RafterSquare",Milwaukee MLSQ0120 Hardware & Tools,,,,,,,,,,,,,,,,,,,,,,,,,,,Hardware & Tools,,,,,,,,,,,,,,,,,,,,,,,,,,,,,,,,,,,,,,,,,,,,,,,,,,,,,,,,,,,,,,,,,,,,,,,,,,,,,,,,,,,,,,,,,,,,,,,,,,,,,,,,,,,,,,,,,,,,,,,,,,,,,,,,,,,,,,,,,,,,,,,,,,,,,,,,,,,,,,,,,,,,,,,,,,,,,,,,,,,,,,,,,,,,,,,,,,,,,
,,,,,,MLSQ1120,,,,MLSQ1120,MLSQ1120,MLSQ1120 Milw 300mm Rafter - Square (Metric),-- Unbranded --,-- No Unilog Brand --,-- No DIB Brand --,Milwaukee Accessory (4031),Milwaukee Electric Tool,Milwaukee,,MLSQ1120,,,"Milwaukee Electric Tool Milwaukee, Hardware & Tools, MLSQ1120",MLSQ1120 MILW 300MM RAFTER - SQUARE (METRIC),Milwaukee MLSQ1120 Hardware & Tools,MLSQ1120 Milw 300mm Rafter - Square (Metric),Milwaukee MLSQ1120 Hardware & Tools,,,,,,,,,,,,,,,,,,,,,,,,,,,Hardware & Tools,,,,,,,,,,,,,,,,,,,,,,,,,,,,,,,,,,,,,,,,,,,,,,,,,,,,,,,,,,,,,,,,,,,,,,,,,,,,,,,,,,,,,,,,,,,,,,,,,,,,,,,,,,,,,,,,,,,,,,,,,,,,,,,,,,,,,,,,,,,,,,,,,,,,,,,,,,,,,,,,,,,,,,,,,,,,,,,,,,,,,,,,,,,,,,,,,,,,,
,,,,,,55227,Power Tools,Drills & Drivers,Drill Bits,55227,55227,"55227 Amana Countersink/Stop 1/8"" Drill TB",-- Unbranded --,-- No Unilog Brand --,-- No DIB Brand --,Amana Tool Corp (AMATO),Amana Tool Corporation,-- Unbranded --,,55227,,Power Tools>Drills & Drivers>Drill Bits,"Amana Tool Corporation -- Unbranded --, Drill Bits, 55227","55227 AMANA COUNTERSINK/STOP 1/8"" DRILL TB",-- Unbranded -- 55227 Drill Bits,"55227 Amana Countersink/Stop 1/8"" Drill TB",-- Unbranded -- 55227 Drill Bits,,,,,,,,,,,,,,,,,,,,,,,,,,,Drill Bits,,,,,,,,,,,,,,,,,,,,,,,,,,,,,,,,,,,,,,,,,,,,,,,,,,,,,,,,,,,,,,,,,,,,,,,,,,,,,,,,,,,,,,,,,,,,,,,,,,,,,,,,,,,,,,,,,,,,,,,,,,,,,,,,,,,,,,,,,,,,,,,,,,,,,,,,,,,,,,,,,,,,,,,,,,,,,,,,,,,,,,,,,,,,,,,,,,,,,
,,,,,,37300952,Power Tools,Grinders & Cutters,Angle Grinders,37300952,37300952,"095842 Fisch Plug Cutter 3/8""",-- Unbranded --,-- No Unilog Brand --,-- No DIB Brand --,-,-,-- Unbranded --,,37300952,,Power Tools>Grinders & Cutters>Angle Grinders,"- -- Unbranded --, Angle Grinders, 37300952","095842 FISCH PLUG CUTTER 3/8""",-- Unbranded -- 37300952 Angle Grinders,"095842 Fisch Plug Cutter 3/8""",-- Unbranded -- 37300952 Angle Grinders,,,,,,,,,,,,,,,,,,,,,,,,,,,Angle Grinders,,,,,,,,,,,,,,,,,,,,,,,,,,,,,,,,,,,,,,,,,,,,,,,,,,,,,,,,,,,,,,,,,,,,,,,,,,,,,,,,,,,,,,,,,,,,,,,,,,,,,,,,,,,,,,,,,,,,,,,,,,,,,,,,,,,,,,,,,,,,,,,,,,,,,,,,,,,,,,,,,,,,,,,,,,,,,,,,,,,,,,,,,,,,,,,,,,,,,
,,,,,,6008,Routers & Router Bits,Router Bits,Router Bit Sets,6008,6008,6008 Whiteside Router Bit,-- Unbranded --,-- No Unilog Brand --,-- No DIB Brand --,Whiteside Machine & Repair Co (WHIMA),Whiteside Machine Company,-- Unbranded --,,6008,,Routers & Router Bits>Router Bits>Router Bit Sets,"Whiteside Machine Company -- Unbranded --, Router Bit Sets, 6008",6008 WHITESIDE ROUTER BIT,-- Unbranded -- 6008 Router Bit Sets,6008 Whiteside Router Bit,-- Unbranded -- 6008 Router Bit Sets,,,,,,,,,,,,,,,,,,,,,,,,,,,Router Bit Sets,,,,,,,,,,,,,,,,,,,,,,,,,,,,,,,,,,,,,,,,,,,,,,,,,,,,,,,,,,,,,,,,,,,,,,,,,,,,,,,,,,,,,,,,,,,,,,,,,,,,,,,,,,,,,,,,,,,,,,,,,,,,,,,,,,,,,,,,,,,,,,,,,,,,,,,,,,,,,,,,,,,,,,,,,,,,,,,,,,,,,,,,,,,,,,,,,,,,,
,,,,,,6009,Routers & Router Bits,Router Bits,Router Bit Sets,6009,6009,6009 Whiteside Router Bit,-- Unbranded --,-- No Unilog Brand --,-- No DIB Brand --,Whiteside Machine & Repair Co (WHIMA),Whiteside Machine Company,-- Unbranded --,,6009,,Routers & Router Bits>Router Bits>Router Bit Sets,"Whiteside Machine Company -- Unbranded --, Router Bit Sets, 6009",6009 WHITESIDE ROUTER BIT,-- Unbranded -- 6009 Router Bit Sets,6009 Whiteside Router Bit,-- Unbranded -- 6009 Router Bit Sets,,,,,,,,,,,,,,,,,,,,,,,,,,,Router Bit Sets,,,,,,,,,,,,,,,,,,,,,,,,,,,,,,,,,,,,,,,,,,,,,,,,,,,,,,,,,,,,,,,,,,,,,,,,,,,,,,,,,,,,,,,,,,,,,,,,,,,,,,,,,,,,,,,,,,,,,,,,,,,,,,,,,,,,,,,,,,,,,,,,,,,,,,,,,,,,,,,,,,,,,,,,,,,,,,,,,,,,,,,,,,,,,,,,,,,,,
,,,,,,3000A,Routers & Router Bits,Router Bits,Router Bit Sets,3000A,3000A,3000A Whiteside Router Bit,-- Unbranded --,-- No Unilog Brand --,-- No DIB Brand --,Whiteside Machine & Repair Co (WHIMA),Whiteside Machine Company,-- Unbranded --,,3000A,,Routers & Router Bits>Router Bits>Router Bit Sets,"Whiteside Machine Company -- Unbranded --, Router Bit Sets, 3000A",3000A WHITESIDE ROUTER BIT,-- Unbranded -- 3000A Router Bit Sets,3000A Whiteside Router Bit,-- Unbranded -- 3000A Router Bit Sets,,,,,,,,,,,,,,,,,,,,,,,,,,,Router Bit Sets,,,,,,,,,,,,,,,,,,,,,,,,,,,,,,,,,,,,,,,,,,,,,,,,,,,,,,,,,,,,,,,,,,,,,,,,,,,,,,,,,,,,,,,,,,,,,,,,,,,,,,,,,,,,,,,,,,,,,,,,,,,,,,,,,,,,,,,,,,,,,,,,,,,,,,,,,,,,,,,,,,,,,,,,,,,,,,,,,,,,,,,,,,,,,,,,,,,,,
,,,,,,MID6630201US,Power Tools,Sanders,Random Orbital Sanders,MID6630201US,MID6630201US,MID6630201US Deos663XCV Sander,-- Unbranded --,-- No Unilog Brand --,-- No DIB Brand --,Mirka Abrasives Inc (MIRUS),Mirka Abrasives Inc,-- Unbranded --,,MID6630201US,,Power Tools>Sanders>Random Orbital Sanders,"Mirka Abrasives Inc -- Unbranded --, Random Orbital Sanders, MID6630201US",MID6630201US DEOS663XCV SANDER,-- Unbranded -- MID6630201US Random Orbital Sanders,MID6630201US Deos663XCV Sander,-- Unbranded -- MID6630201US Random Orbital Sanders,,,,,,,,,,,,,,,,,,,,,,,,,,,Random Orbital Sanders,,,,,,,,,,,,,,,,,,,,,,,,,,,,,,,,,,,,,,,,,,,,,,,,,,,,,,,,,,,,,,,,,,,,,,,,,,,,,,,,,,,,,,,,,,,,,,,,,,,,,,,,,,,,,,,,,,,,,,,,,,,,,,,,,,,,,,,,,,,,,,,,,,,,,,,,,,,,,,,,,,,,,,,,,,,,,,,,,,,,,,,,,,,,,,,,,,,,,
,,,,,,DCF6202,,,,DCF6202,DCF6202,DCF6202 Dewalt Collated Attach,-- Unbranded --,-- No Unilog Brand --,DEWALT,Black & Decker/dewlt (2585),Stanley Black & Decker,DeWalt,,DCF6202,,,"Stanley Black & Decker DeWalt, Hardware & Tools, DCF6202",DCF6202 DEWALT COLLATED ATTACH,DeWalt DCF6202 Hardware & Tools,DCF6202 Dewalt Collated Attach,DeWalt DCF6202 Hardware & Tools,,,,,,,,,,,,,,,,,,,,,,,,,,,Hardware & Tools,,,,,,,,,,,,,,,,,,,,,,,,,,,,,,,,,,,,,,,,,,,,,,,,,,,,,,,,,,,,,,,,,,,,,,,,,,,,,,,,,,,,,,,,,,,,,,,,,,,,,,,,,,,,,,,,,,,,,,,,,,,,,,,,,,,,,,,,,,,,,,,,,,,,,,,,,,,,,,,,,,,,,,,,,,,,,,,,,,,,,,,,,,,,,,,,,,,,,
,,,,,,25468,Building Materials,Masonry,Mortar & Concrete,25468,25468,25468 Mason Line Brd Green - 500',-- Unbranded --,-- No Unilog Brand --,-- No DIB Brand --,U S Tape Company (6694),U.S. Tape Company,-- Unbranded --,,25468,,Building Materials>Masonry>Mortar & Concrete,"U.S. Tape Company -- Unbranded --, Mortar & Concrete, 25468",25468 MASON LINE BRD GREEN - 500',-- Unbranded -- 25468 Mortar & Concrete,25468 Mason Line Brd Green - 500',-- Unbranded -- 25468 Mortar & Concrete,,,,,,,,,,,,,,,,,,,,,,,,,,,Mortar & Concrete,,,,,,,,,,,,,,,,,,,,,,,,,,,,,,,,,,,,,,,,,,,,,,,,,,,,,,,,,,,,,,,,,,,,,,,,,,,,,,,,,,,,,,,,,,,,,,,,,,,,,,,,,,,,,,,,,,,,,,,,,,,,,,,,,,,,,,,,,,,,,,,,,,,,,,,,,,,,,,,,,,,,,,,,,,,,,,,,,,,,,,,,,,,,,,,,,,,,,
,,,,,,25762,Building Materials,Masonry,Mortar & Concrete,25762,25762,25762 Mason Line Brd Pink - 1000',-- Unbranded --,-- No Unilog Brand --,-- No DIB Brand --,U S Tape Company (6694),U.S. Tape Company,-- Unbranded --,,25762,,Building Materials>Masonry>Mortar & Concrete,"U.S. Tape Company -- Unbranded --, Mortar & Concrete, 25762",25762 MASON LINE BRD PINK - 1000',-- Unbranded -- 25762 Mortar & Concrete,25762 Mason Line Brd Pink - 1000',-- Unbranded -- 25762 Mortar & Concrete,,,,,,,,,,,,,,,,,,,,,,,,,,,Mortar & Concrete,,,,,,,,,,,,,,,,,,,,,,,,,,,,,,,,,,,,,,,,,,,,,,,,,,,,,,,,,,,,,,,,,,,,,,,,,,,,,,,,,,,,,,,,,,,,,,,,,,,,,,,,,,,,,,,,,,,,,,,,,,,,,,,,,,,,,,,,,,,,,,,,,,,,,,,,,,,,,,,,,,,,,,,,,,,,,,,,,,,,,,,,,,,,,,,,,,,,,
,,,,,,21839NN,,,,21839NN,21839NN,"21839NN File Bstd Mill 10""",-- Unbranded --,-- No Unilog Brand --,Nicholson,-,-,-- Unbranded --,,21839NN,,,"- -- Unbranded --, Hardware & Tools, 21839NN","21839NN FILE BSTD MILL 10""",-- Unbranded -- 21839NN Hardware & Tools,"21839NN File Bstd Mill 10""",-- Unbranded -- 21839NN Hardware & Tools,,,,,,,,,,,,,,,,,,,,,,,,,,,Hardware & Tools,,,,,,,,,,,,,,,,,,,,,,,,,,,,,,,,,,,,,,,,,,,,,,,,,,,,,,,,,,,,,,,,,,,,,,,,,,,,,,,,,,,,,,,,,,,,,,,,,,,,,,,,,,,,,,,,,,,,,,,,,,,,,,,,,,,,,,,,,,,,,,,,,,,,,,,,,,,,,,,,,,,,,,,,,,,,,,,,,,,,,,,,,,,,,,,,,,,,,
,,,,,,VN56920,Power Tools,Saws,Table Saws,VN56920,VN56920,"VN56920 10 1/2"" Saw Blade",-- Unbranded --,-- No Unilog Brand --,-- No DIB Brand --,Marshalltown Trowel (5155),Marshalltown Company,-- Unbranded --,,VN56920,,Power Tools>Saws>Table Saws,"Marshalltown Company -- Unbranded --, Table Saws, VN56920","VN56920 10 1/2"" SAW BLADE",-- Unbranded -- VN56920 Table Saws,"VN56920 10 1/2"" Saw Blade",-- Unbranded -- VN56920 Table Saws,,,,,,,,,,,,,,,,,,,,,,,,,,,Table Saws,,,,,,,,,,,,,,,,,,,,,,,,,,,,,,,,,,,,,,,,,,,,,,,,,,,,,,,,,,,,,,,,,,,,,,,,,,,,,,,,,,,,,,,,,,,,,,,,,,,,,,,,,,,,,,,,,,,,,,,,,,,,,,,,,,,,,,,,,,,,,,,,,,,,,,,,,,,,,,,,,,,,,,,,,,,,,,,,,,,,,,,,,,,,,,,,,,,,,
,,,,,,133164,,,,133164,133164,133164 950/9 Hex Plus Spks - Multicolor,-- Unbranded --,-- No Unilog Brand --,-- No DIB Brand --,Wera Tools NA Inc (WERTO),Wera Tools,-- Unbranded --,,133164,,,"Wera Tools -- Unbranded --, Hardware & Tools, 133164",133164 950/9 HEX PLUS SPKS - MULTICOLOR,-- Unbranded -- 133164 Hardware & Tools,133164 950/9 Hex Plus Spks - Multicolor,-- Unbranded -- 133164 Hardware & Tools,,,,,,,,,,,,,,,,,,,,,,,,,,,Hardware & Tools,,,,,,,,,,,,,,,,,,,,,,,,,,,,,,,,,,,,,,,,,,,,,,,,,,,,,,,,,,,,,,,,,,,,,,,,,,,,,,,,,,,,,,,,,,,,,,,,,,,,,,,,,,,,,,,,,,,,,,,,,,,,,,,,,,,,,,,,,,,,,,,,,,,,,,,,,,,,,,,,,,,,,,,,,,,,,,,,,,,,,,,,,,,,,,,,,,,,,
,,,,,,DWHT10993,,,,DWHT10993,DWHT10993,DWHT10993 Folding Knife,-- Unbranded --,-- No Unilog Brand --,DEWALT,Black & Decker/dewlt (2585),Stanley Black & Decker,DeWalt,,DWHT10993,,,"Stanley Black & Decker DeWalt, Hardware & Tools, DWHT10993",DWHT10993 FOLDING KNIFE,DeWalt DWHT10993 Hardware & Tools,DWHT10993 Folding Knife,DeWalt DWHT10993 Hardware & Tools,,,,,,,,,,,,,,,,,,,,,,,,,,,Hardware & Tools,,,,,,,,,,,,,,,,,,,,,,,,,,,,,,,,,,,,,,,,,,,,,,,,,,,,,,,,,,,,,,,,,,,,,,,,,,,,,,,,,,,,,,,,,,,,,,,,,,,,,,,,,,,,,,,,,,,,,,,,,,,,,,,,,,,,,,,,,,,,,,,,,,,,,,,,,,,,,,,,,,,,,,,,,,,,,,,,,,,,,,,,,,,,,,,,,,,,,
,,,,,,DWHT10994,,,,DWHT10994,DWHT10994,DWHT10994 Folding Knife,-- Unbranded --,-- No Unilog Brand --,DEWALT,Black & Decker/dewlt (2585),Stanley Black & Decker,DeWalt,,DWHT10994,,,"Stanley Black & Decker DeWalt, Hardware & Tools, DWHT10994",DWHT10994 FOLDING KNIFE,DeWalt DWHT10994 Hardware & Tools,DWHT10994 Folding Knife,DeWalt DWHT10994 Hardware & Tools,,,,,,,,,,,,,,,,,,,,,,,,,,,Hardware & Tools,,,,,,,,,,,,,,,,,,,,,,,,,,,,,,,,,,,,,,,,,,,,,,,,,,,,,,,,,,,,,,,,,,,,,,,,,,,,,,,,,,,,,,,,,,,,,,,,,,,,,,,,,,,,,,,,,,,,,,,,,,,,,,,,,,,,,,,,,,,,,,,,,,,,,,,,,,,,,,,,,,,,,,,,,,,,,,,,,,,,,,,,,,,,,,,,,,,,,
,,,,,,QB22RU,Routers & Router Bits,Router Bits,Straight Bits,QB22RU,QB22RU,QB22RU Vessel Carrying Bit Holder (Red),-- Unbranded --,-- No Unilog Brand --,-- No DIB Brand --,Vessel Tools USA Inc (VESTO),Vessel Tools USA,-- Unbranded --,,QB22RU,,Routers & Router Bits>Router Bits>Straight Bits,"Vessel Tools USA -- Unbranded --, Straight Bits, QB22RU",QB22RU VESSEL CARRYING BIT HOLDER (RED),-- Unbranded -- QB22RU Straight Bits,QB22RU Vessel Carrying Bit Holder (Red),-- Unbranded -- QB22RU Straight Bits,,,,,,,,,,,,,,,,,,,,,,,,,,,Straight Bits,,,,,,,,,,,,,,,,,,,,,,,,,,,,,,,,,,,,,,,,,,,,,,,,,,,,,,,,,,,,,,,,,,,,,,,,,,,,,,,,,,,,,,,,,,,,,,,,,,,,,,,,,,,,,,,,,,,,,,,,,,,,,,,,,,,,,,,,,,,,,,,,,,,,,,,,,,,,,,,,,,,,,,,,,,,,,,,,,,,,,,,,,,,,,,,,,,,,,
,,,,,,QB22KU,Routers & Router Bits,Router Bits,Straight Bits,QB22KU,QB22KU,QB22KU Vessel Carrying Bit Holder (Black),-- Unbranded --,-- No Unilog Brand --,-- No DIB Brand --,Vessel Tools USA Inc (VESTO),Vessel Tools USA,-- Unbranded --,,QB22KU,,Routers & Router Bits>Router Bits>Straight Bits,"Vessel Tools USA -- Unbranded --, Straight Bits, QB22KU",QB22KU VESSEL CARRYING BIT HOLDER (BLACK),-- Unbranded -- QB22KU Straight Bits,QB22KU Vessel Carrying Bit Holder (Black),-- Unbranded -- QB22KU Straight Bits,,,,,,,,,,,,,,,,,,,,,,,,,,,Straight Bits,,,,,,,,,,,,,,,,,,,,,,,,,,,,,,,,,,,,,,,,,,,,,,,,,,,,,,,,,,,,,,,,,,,,,,,,,,,,,,,,,,,,,,,,,,,,,,,,,,,,,,,,,,,,,,,,,,,,,,,,,,,,,,,,,,,,,,,,,,,,,,,,,,,,,,,,,,,,,,,,,,,,,,,,,,,,,,,,,,,,,,,,,,,,,,,,,,,,,
,,,,,,AVM6EV,,,,AVM6EV,AVM6EV,AVM6 EV Mini Snip Red,-- Unbranded --,-- No Unilog Brand --,-- No DIB Brand --,Malco Prod (2370),Malco Products,-- Unbranded --,,AVM6EV,,,"Malco Products -- Unbranded --, Hardware & Tools, AVM6EV",AVM6 EV MINI SNIP RED,-- Unbranded -- AVM6EV Hardware & Tools,AVM6 EV Mini Snip Red,-- Unbranded -- AVM6EV Hardware & Tools,,,,,,,,,,,,,,,,,,,,,,,,,,,Hardware & Tools,,,,,,,,,,,,,,,,,,,,,,,,,,,,,,,,,,,,,,,,,,,,,,,,,,,,,,,,,,,,,,,,,,,,,,,,,,,,,,,,,,,,,,,,,,,,,,,,,,,,,,,,,,,,,,,,,,,,,,,,,,,,,,,,,,,,,,,,,,,,,,,,,,,,,,,,,,,,,,,,,,,,,,,,,,,,,,,,,,,,,,,,,,,,,,,,,,,,,
,,,,,,AVM6EV,,,,AVM6EV,AVM6EV,AVM6 EV Mini Snip Red,-- Unbranded --,-- No Unilog Brand --,-- No DIB Brand --,Malco Prod (2370),Malco Products,-- Unbranded --,,AVM6EV,,,"Malco Products -- Unbranded --, Hardware & Tools, AVM6EV",AVM7 EV MINI SNIP GREEN,-- Unbranded -- AVM6EV Hardware & Tools,AVM7 EV Mini Snip Green,-- Unbranded -- AVM6EV Hardware & Tools,,,,,,,,,,,,,,,,,,,,,,,,,,,Hardware & Tools,,,,,,,,,,,,,,,,,,,,,,,,,,,,,,,,,,,,,,,,,,,,,,,,,,,,,,,,,,,,,,,,,,,,,,,,,,,,,,,,,,,,,,,,,,,,,,,,,,,,,,,,,,,,,,,,,,,,,,,,,,,,,,,,,,,,,,,,,,,,,,,,,,,,,,,,,,,,,,,,,,,,,,,,,,,,,,,,,,,,,,,,,,,,,,,,,,,,,
,,,,,,DSA0250B,,,,DSA0250B,DSA0250B,"DSA0250B 1/4"" Square x1/4"" Hex - Socket Adapter",-- Unbranded --,-- No Unilog Brand --,Diablo,Freud Inc (2435),Freud Inc,Diablo,,DSA0250B,,,"Freud Inc Diablo, Hardware & Tools, DSA0250B","DSA0250B 1/4"" SQUARE X1/4"" HEX - SOCKET ADAPTER",Diablo DSA0250B Hardware & Tools,"DSA0250B 1/4"" Square x1/4"" Hex - Socket Adapter",Diablo DSA0250B Hardware & Tools,,,,,,,,,,,,,,,,,,,,,,,,,,,Hardware & Tools,,,,,,,,,,,,,,,,,,,,,,,,,,,,,,,,,,,,,,,,,,,,,,,,,,,,,,,,,,,,,,,,,,,,,,,,,,,,,,,,,,,,,,,,,,,,,,,,,,,,,,,,,,,,,,,,,,,,,,,,,,,,,,,,,,,,,,,,,,,,,,,,,,,,,,,,,,,,,,,,,,,,,,,,,,,,,,,,,,,,,,,,,,,,,,,,,,,,,
,,,,,,DSA0375B,,,,DSA0375B,DSA0375B,"DSA0375B 3/8"" Square x1/4"" Hex - Socket Adapter",-- Unbranded --,-- No Unilog Brand --,Diablo,Freud Inc (2435),Freud Inc,Diablo,,DSA0375B,,,"Freud Inc Diablo, Hardware & Tools, DSA0375B","DSA0375B 3/8"" SQUARE X1/4"" HEX - SOCKET ADAPTER",Diablo DSA0375B Hardware & Tools,"DSA0375B 3/8"" Square x1/4"" Hex - Socket Adapter",Diablo DSA0375B Hardware & Tools,,,,,,,,,,,,,,,,,,,,,,,,,,,Hardware & Tools,,,,,,,,,,,,,,,,,,,,,,,,,,,,,,,,,,,,,,,,,,,,,,,,,,,,,,,,,,,,,,,,,,,,,,,,,,,,,,,,,,,,,,,,,,,,,,,,,,,,,,,,,,,,,,,,,,,,,,,,,,,,,,,,,,,,,,,,,,,,,,,,,,,,,,,,,,,,,,,,,,,,,,,,,,,,,,,,,,,,,,,,,,,,,,,,,,,,,
,,,,,,DSA0500B,,,,DSA0500B,DSA0500B,"DSA0500B 1/2"" Square x1/4"" Hex - Socket Adapter",-- Unbranded --,-- No Unilog Brand --,Diablo,Freud Inc (2435),Freud Inc,Diablo,,DSA0500B,,,"Freud Inc Diablo, Hardware & Tools, DSA0500B","DSA0500B 1/2"" SQUARE X1/4"" HEX - SOCKET ADAPTER",Diablo DSA0500B Hardware & Tools,"DSA0500B 1/2"" Square x1/4"" Hex - Socket Adapter",Diablo DSA0500B Hardware & Tools,,,,,,,,,,,,,,,,,,,,,,,,,,,Hardware & Tools,,,,,,,,,,,,,,,,,,,,,,,,,,,,,,,,,,,,,,,,,,,,,,,,,,,,,,,,,,,,,,,,,,,,,,,,,,,,,,,,,,,,,,,,,,,,,,,,,,,,,,,,,,,,,,,,,,,,,,,,,,,,,,,,,,,,,,,,,,,,,,,,,,,,,,,,,,,,,,,,,,,,,,,,,,,,,,,,,,,,,,,,,,,,,,,,,,,,,
,,,,,,42-04-9107,Hand Tools,Screwdrivers,Precision Screwdrivers,42-04-9107,42-04-9107,"42-04-9107 Milw 3/8"" Drive Universal Joint",-- Unbranded --,-- No Unilog Brand --,-- No DIB Brand --,Milwaukee Accessory (4031),Milwaukee Electric Tool,Milwaukee,,42-04-9107,,Hand Tools>Screwdrivers>Precision Screwdrivers,"Milwaukee Electric Tool Milwaukee, Precision Screwdrivers, 42-04-9107","42-04-9107 MILW 3/8"" DRIVE UNIVERSAL JOINT",Milwaukee 42-04-9107 Precision Screwdrivers,"42-04-9107 Milw 3/8"" Drive Universal Joint",Milwaukee 42-04-9107 Precision Screwdrivers,,,,,,,,,,,,,,,,,,,,,,,,,,,Precision Screwdrivers,,,,,,,,,,,,,,,,,,,,,,,,,,,,,,,,,,,,,,,,,,,,,,,,,,,,,,,,,,,,,,,,,,,,,,,,,,,,,,,,,,,,,,,,,,,,,,,,,,,,,,,,,,,,,,,,,,,,,,,,,,,,,,,,,,,,,,,,,,,,,,,,,,,,,,,,,,,,,,,,,,,,,,,,,,,,,,,,,,,,,,,,,,,,,,,,,,,,,
,,,,,,48-22-9491,Hand Tools,Marking & Layout,Marking Tools,48-22-9491,48-22-9491,48-22-9491 Milw 242pc Ratchet & Socket Set 4-Drawer Tool Box,-- Unbranded --,-- No Unilog Brand --,-- No DIB Brand --,Milwaukee Accessory (4031),Milwaukee Electric Tool,Milwaukee,,48-22-9491,,Hand Tools>Marking & Layout>Marking Tools,"Milwaukee Electric Tool Milwaukee, Marking Tools, 48-22-9491",48-22-9491 MILW 242PC RATCHET & SOCKET SET 4-DRAWER TOOL BOX,Milwaukee 48-22-9491 Marking Tools,48-22-9491 Milw 242pc Ratchet & Socket Set 4-Drawer Tool Box,Milwaukee 48-22-9491 Marking Tools,,,,,,,,,,,,,,,,,,,,,,,,,,,Marking Tools,Pack Quantity,242,,,,,,,,,,,,,,,,,,,,,,,,,,,,,,,,,,,,,,,,,,,,,,,,,,,,,,,,,,,,,,,,,,,,,,,,,,,,,,,,,,,,,,,,,,,,,,,,,,,,,,,,,,,,,,,,,,,,,,,,,,,,,,,,,,,,,,,,,,,,,,,,,,,,,,,,,,,,,,,,,,,,,,,,,,,,,,,,,,,,,,,,,,,,,,,,,,,
,,,,,,DWMT45422,Hand Tools,Screwdrivers,Precision Screwdrivers,DWMT45422,DWMT45422,"DWMT45422 Dewalt 1/4"" Drive - 50pc Mechanics Set",-- Unbranded --,-- No Unilog Brand --,-- No DIB Brand --,Black & Decker/dewlt (2585),Stanley Black & Decker,DeWalt,,DWMT45422,,Hand Tools>Screwdrivers>Precision Screwdrivers,"Stanley Black & Decker DeWalt, Precision Screwdrivers, DWMT45422","DWMT45422 DEWALT 1/4"" DRIVE - 50PC MECHANICS SET",DeWalt DWMT45422 Precision Screwdrivers,"DWMT45422 Dewalt 1/4"" Drive - 50pc Mechanics Set",DeWalt DWMT45422 Precision Screwdrivers,,,,,,,,,,,,,,,,,,,,,,,,,,,Precision Screwdrivers,Pack Quantity,50,,,,,,,,,,,,,,,,,,,,,,,,,,,,,,,,,,,,,,,,,,,,,,,,,,,,,,,,,,,,,,,,,,,,,,,,,,,,,,,,,,,,,,,,,,,,,,,,,,,,,,,,,,,,,,,,,,,,,,,,,,,,,,,,,,,,,,,,,,,,,,,,,,,,,,,,,,,,,,,,,,,,,,,,,,,,,,,,,,,,,,,,,,,,,,,,,,,
,,,,,,DWMT45424,Hand Tools,Screwdrivers,Precision Screwdrivers,DWMT45424,DWMT45424,"DWMT45424 Dewalt 3/8"" Drive - 84pc Mechanics Set",-- Unbranded --,-- No Unilog Brand --,-- No DIB Brand --,Black & Decker/dewlt (2585),Stanley Black & Decker,DeWalt,,DWMT45424,,Hand Tools>Screwdrivers>Precision Screwdrivers,"Stanley Black & Decker DeWalt, Precision Screwdrivers, DWMT45424","DWMT45424 DEWALT 3/8"" DRIVE - 84PC MECHANICS SET",DeWalt DWMT45424 Precision Screwdrivers,"DWMT45424 Dewalt 3/8"" Drive - 84pc Mechanics Set",DeWalt DWMT45424 Precision Screwdrivers,,,,,,,,,,,,,,,,,,,,,,,,,,,Precision Screwdrivers,Pack Quantity,84,,,,,,,,,,,,,,,,,,,,,,,,,,,,,,,,,,,,,,,,,,,,,,,,,,,,,,,,,,,,,,,,,,,,,,,,,,,,,,,,,,,,,,,,,,,,,,,,,,,,,,,,,,,,,,,,,,,,,,,,,,,,,,,,,,,,,,,,,,,,,,,,,,,,,,,,,,,,,,,,,,,,,,,,,,,,,,,,,,,,,,,,,,,,,,,,,,,
,,,,,,48-22-9483,Routers & Router Bits,Router Bits,Router Bit Sets,48-22-9483,48-22-9483,48-22-9483 Milw Packout 15pc - Metric Wrench Set,-- Unbranded --,-- No Unilog Brand --,-- No DIB Brand --,Milwaukee Accessory (4031),Milwaukee Electric Tool,Milwaukee,,48-22-9483,,Routers & Router Bits>Router Bits>Router Bit Sets,"Milwaukee Electric Tool Milwaukee, Router Bit Sets, 48-22-9483",48-22-9483 MILW PACKOUT 15PC - METRIC WRENCH SET,Milwaukee 48-22-9483 Router Bit Sets,48-22-9483 Milw Packout 15pc - Metric Wrench Set,Milwaukee 48-22-9483 Router Bit Sets,,,,,,,,,,,,,,,,,,,,,,,,,,,Router Bit Sets,Pack Quantity,15,,,,,,,,,,,,,,,,,,,,,,,,,,,,,,,,,,,,,,,,,,,,,,,,,,,,,,,,,,,,,,,,,,,,,,,,,,,,,,,,,,,,,,,,,,,,,,,,,,,,,,,,,,,,,,,,,,,,,,,,,,,,,,,,,,,,,,,,,,,,,,,,,,,,,,,,,,,,,,,,,,,,,,,,,,,,,,,,,,,,,,,,,,,,,,,,,,,
,,,,,,48-22-9484,Routers & Router Bits,Router Bits,Router Bit Sets,48-22-9484,48-22-9484,48-22-9484 Milw Packout 15pc - SAE Wrench Set,-- Unbranded --,-- No Unilog Brand --,-- No DIB Brand --,Milwaukee Accessory (4031),Milwaukee Electric Tool,Milwaukee,,48-22-9484,,Routers & Router Bits>Router Bits>Router Bit Sets,"Milwaukee Electric Tool Milwaukee, Router Bit Sets, 48-22-9484",48-22-9484 MILW PACKOUT 15PC - SAE WRENCH SET,Milwaukee 48-22-9484 Router Bit Sets,48-22-9484 Milw Packout 15pc - SAE Wrench Set,Milwaukee 48-22-9484 Router Bit Sets,,,,,,,,,,,,,,,,,,,,,,,,,,,Router Bit Sets,Pack Quantity,15,,,,,,,,,,,,,,,,,,,,,,,,,,,,,,,,,,,,,,,,,,,,,,,,,,,,,,,,,,,,,,,,,,,,,,,,,,,,,,,,,,,,,,,,,,,,,,,,,,,,,,,,,,,,,,,,,,,,,,,,,,,,,,,,,,,,,,,,,,,,,,,,,,,,,,,,,,,,,,,,,,,,,,,,,,,,,,,,,,,,,,,,,,,,,,,,,,,
,,,,,,48-22-9485,Routers & Router Bits,Router Bits,Router Bit Sets,48-22-9485,48-22-9485,48-22-9485 Milw Packout 30pc - Metric & SAE Wrench Set,-- Unbranded --,-- No Unilog Brand --,-- No DIB Brand --,Milwaukee Accessory (4031),Milwaukee Electric Tool,Milwaukee,,48-22-9485,,Routers & Router Bits>Router Bits>Router Bit Sets,"Milwaukee Electric Tool Milwaukee, Router Bit Sets, 48-22-9485",48-22-9485 MILW PACKOUT 30PC - METRIC & SAE WRENCH SET,Milwaukee 48-22-9485 Router Bit Sets,48-22-9485 Milw Packout 30pc - Metric & SAE Wrench Set,Milwaukee 48-22-9485 Router Bit Sets,,,,,,,,,,,,,,,,,,,,,,,,,,,Router Bit Sets,Pack Quantity,30,,,,,,,,,,,,,,,,,,,,,,,,,,,,,,,,,,,,,,,,,,,,,,,,,,,,,,,,,,,,,,,,,,,,,,,,,,,,,,,,,,,,,,,,,,,,,,,,,,,,,,,,,,,,,,,,,,,,,,,,,,,,,,,,,,,,,,,,,,,,,,,,,,,,,,,,,,,,,,,,,,,,,,,,,,,,,,,,,,,,,,,,,,,,,,,,,,,
,,,,,,48-44-2770,Building Materials,Masonry,Mortar & Concrete,48-44-2770,48-44-2770,48-44-2770 Milw Pole Pruning - Shears Replacement Blade,-- Unbranded --,-- No Unilog Brand --,-- No DIB Brand --,Milwaukee Accessory (4031),Milwaukee Electric Tool,Milwaukee,,48-44-2770,,Building Materials>Masonry>Mortar & Concrete,"Milwaukee Electric Tool Milwaukee, Mortar & Concrete, 48-44-2770",48-44-2770 MILW POLE PRUNING - SHEARS REPLACEMENT BLADE,Milwaukee 48-44-2770 Mortar & Concrete,48-44-2770 Milw Pole Pruning - Shears Replacement Blade,Milwaukee 48-44-2770 Mortar & Concrete,,,,,,,,,,,,,,,,,,,,,,,,,,,Mortar & Concrete,,,,,,,,,,,,,,,,,,,,,,,,,,,,,,,,,,,,,,,,,,,,,,,,,,,,,,,,,,,,,,,,,,,,,,,,,,,,,,,,,,,,,,,,,,,,,,,,,,,,,,,,,,,,,,,,,,,,,,,,,,,,,,,,,,,,,,,,,,,,,,,,,,,,,,,,,,,,,,,,,,,,,,,,,,,,,,,,,,,,,,,,,,,,,,,,,,,,,
,,,,,,IWHT48441RC,Routers & Router Bits,Router Bits,Router Bit Sets,IWHT48441RC,IWHT48441RC,IWHT48441RC Irwin 100ft - Red Chalk & Reel Set,-- Unbranded --,-- No Unilog Brand --,Irwin,Irwin Industrial Tools (5863),Whirlpool Corporation,Whirlpool®,,WDTS7024RZ,,Appliances & Consumer Electronics>Kitchen Appliances>Built-In Dishwashers,"Whirlpool, Dishwasher, Eco Series, W",IWHT48441RC IRWIN 100FT - RED CHALK & REEL SET,Whirlpool® IWHT48441RC Router Bit Sets,IWHT48441RC Irwin 100ft - Red Chalk & Reel Set,Whirlpool® IWHT48441RC Router Bit Sets,,,,,,,,,,,,,,,,,,,,,,,,,,,Router Bit Sets,,,,,,,,,,,,,,,,,,,,,,,,,,,,,,,,,,,,,,,,,,,,,,,,,,,,,,,,,,,,,,,,,,,,,,,,,,,,,,,,,,,,,,,,,,,,,,,,,,,,,,,,,,,,,,,,,,,,,,,,,,,,,,,,,,,,,,,,,,,,,,,,,,,,,,,,,,,,,,,,,,,,,,,,,,,,,,,,,,,,,,,,,,,,,,,,,,,,,
,,,,,,XRU23SM1,Appliances & Consumer Electronics,Kitchen Appliances,Built-In Dishwashers,XRU23SM1,XRU23SM1,"XRU23SM1 Makita 18V 13"" - String Trimmer Kit",-- Unbranded --,-- No Unilog Brand --,-- No DIB Brand --,Makita Usa Inc (5142),Makita U.S.A. Inc,Makita,,XRU23SM1,,Appliances & Consumer Electronics>Kitchen Appliances>Built-In Dishwashers,"Makita U.S.A. Inc Makita, Built-In Dishwashers, XRU23SM1","XRU23SM1 MAKITA 18V 13"" - STRING TRIMMER KIT",Makita XRU23SM1 Built-In Dishwashers,"XRU23SM1 Makita 18V 13"" - String Trimmer Kit",Makita XRU23SM1 Built-In Dishwashers,,,,,,,,,,,,,,,,,,,,,,,,,,,Built-In Dishwashers,,,,,,,,,,,,,,,,,,,,,,,,,,,,,,,,,,,,,,,,,,,,,,,,,,,,,,,,,,,,,,,,,,,,,,,,,,,,,,,,,,,,,,,,,,,,,,,,,,,,,,,,,,,,,,,,,,,,,,,,,,,,,,,,,,,,,,,,,,,,,,,,,,,,,,,,,,,,,,,,,,,,,,,,,,,,,,,,,,,,,,,,,,,,,,,,,,,,,
,,,,,,XRU15PT1,,,,XRU15PT1,XRU15PT1,XRU15PT1 Makita String Trimmer,-- Unbranded --,-- No Unilog Brand --,-- No DIB Brand --,Makita Usa Inc (5142),Makita U.S.A. Inc,Makita,,XRU15PT1,,,"Makita U.S.A. Inc Makita, Hardware & Tools, XRU15PT1",XRU15PT1 MAKITA STRING TRIMMER,Makita XRU15PT1 Hardware & Tools,XRU15PT1 Makita String Trimmer,Makita XRU15PT1 Hardware & Tools,,,,,,,,,,,,,,,,,,,,,,,,,,,Hardware & Tools,,,,,,,,,,,,,,,,,,,,,,,,,,,,,,,,,,,,,,,,,,,,,,,,,,,,,,,,,,,,,,,,,,,,,,,,,,,,,,,,,,,,,,,,,,,,,,,,,,,,,,,,,,,,,,,,,,,,,,,,,,,,,,,,,,,,,,,,,,,,,,,,,,,,,,,,,,,,,,,,,,,,,,,,,,,,,,,,,,,,,,,,,,,,,,,,,,,,,
,,,,,,XRU23Z,Hand Tools,Marking & Layout,Marking Tools,XRU23Z,XRU23Z,XRU23Z Makita 18V Trimmer Tool - Only,-- Unbranded --,-- No Unilog Brand --,-- No DIB Brand --,Makita Usa Inc (5142),Makita U.S.A. Inc,Makita,,XRU23Z,,Hand Tools>Marking & Layout>Marking Tools,"Makita U.S.A. Inc Makita, Marking Tools, XRU23Z",XRU23Z MAKITA 18V TRIMMER TOOL - ONLY,Makita XRU23Z Marking Tools,XRU23Z Makita 18V Trimmer Tool - Only,Makita XRU23Z Marking Tools,,,,,,,,,,,,,,,,,,,,,,,,,,,Marking Tools,,,,,,,,,,,,,,,,,,,,,,,,,,,,,,,,,,,,,,,,,,,,,,,,,,,,,,,,,,,,,,,,,,,,,,,,,,,,,,,,,,,,,,,,,,,,,,,,,,,,,,,,,,,,,,,,,,,,,,,,,,,,,,,,,,,,,,,,,,,,,,,,,,,,,,,,,,,,,,,,,,,,,,,,,,,,,,,,,,,,,,,,,,,,,,,,,,,,,
,,,,,,0887-20,Hand Tools,Screwdrivers,Precision Screwdrivers,0887-20,0887-20,0887-20 Milw M18 Brushless Precision Blower,-- Unbranded --,-- No Unilog Brand --,-- No DIB Brand --,Milwaukee Accessory (4031),Milwaukee Electric Tool,Milwaukee,,0887-20,,Hand Tools>Screwdrivers>Precision Screwdrivers,"Milwaukee Electric Tool Milwaukee, Precision Screwdrivers, 0887-20",0887-20 MILW M18 BRUSHLESS PRECISION BLOWER,Milwaukee 0887-20 Precision Screwdrivers,0887-20 Milw M18 Brushless Precision Blower,Milwaukee 0887-20 Precision Screwdrivers,,,,,,,,,,,,,,,,,,,,,,,,,,,Precision Screwdrivers,,,,,,,,,,,,,,,,,,,,,,,,,,,,,,,,,,,,,,,,,,,,,,,,,,,,,,,,,,,,,,,,,,,,,,,,,,,,,,,,,,,,,,,,,,,,,,,,,,,,,,,,,,,,,,,,,,,,,,,,,,,,,,,,,,,,,,,,,,,,,,,,,,,,,,,,,,,,,,,,,,,,,,,,,,,,,,,,,,,,,,,,,,,,,,,,,,,,,
,,,,,,DCBL724B,,,,DCBL724B,DCBL724B,DCBL724B Dewalt 20V Max XR Blower (Bare),-- Unbranded --,-- No Unilog Brand --,-- No DIB Brand --,Black & Decker/dewlt (2585),Stanley Black & Decker,DeWalt,,DCBL724B,,,"Stanley Black & Decker DeWalt, Hardware & Tools, DCBL724B",DCBL724B DEWALT 20V MAX XR BLOWER (BARE),DeWalt DCBL724B Hardware & Tools,DCBL724B Dewalt 20V Max XR Blower (Bare),DeWalt DCBL724B Hardware & Tools,,,,,,,,,,,,,,,,,,,,,,,,,,,Hardware & Tools,,,,,,,,,,,,,,,,,,,,,,,,,,,,,,,,,,,,,,,,,,,,,,,,,,,,,,,,,,,,,,,,,,,,,,,,,,,,,,,,,,,,,,,,,,,,,,,,,,,,,,,,,,,,,,,,,,,,,,,,,,,,,,,,,,,,,,,,,,,,,,,,,,,,,,,,,,,,,,,,,,,,,,,,,,,,,,,,,,,,,,,,,,,,,,,,,,,,,
,,,,,,2954-20,,,,2954-20,2954-20,2954-20 Milw M18 Bluetooth Jobsite Speaker,-- Unbranded --,-- No Unilog Brand --,-- No DIB Brand --,Milwaukee Accessory (4031),Milwaukee Electric Tool,Milwaukee,,2954-20,,,"Milwaukee Electric Tool Milwaukee, Hardware & Tools, 2954-20",2954-20 MILW M18 BLUETOOTH JOBSITE SPEAKER,Milwaukee 2954-20 Hardware & Tools,2954-20 Milw M18 Bluetooth Jobsite Speaker,Milwaukee 2954-20 Hardware & Tools,,,,,,,,,,,,,,,,,,,,,,,,,,,Hardware & Tools,,,,,,,,,,,,,,,,,,,,,,,,,,,,,,,,,,,,,,,,,,,,,,,,,,,,,,,,,,,,,,,,,,,,,,,,,,,,,,,,,,,,,,,,,,,,,,,,,,,,,,,,,,,,,,,,,,,,,,,,,,,,,,,,,,,,,,,,,,,,,,,,,,,,,,,,,,,,,,,,,,,,,,,,,,,,,,,,,,,,,,,,,,,,,,,,,,,,,
,,,,,,2955-20,,,,2955-20,2955-20,2955-20 Milw M12 Bluetooth - Jobsite Speaker w/Packout,-- Unbranded --,-- No Unilog Brand --,-- No DIB Brand --,Milwaukee Accessory (4031),Milwaukee Electric Tool,Milwaukee,,2955-20,,,"Milwaukee Electric Tool Milwaukee, Hardware & Tools, 2955-20",2955-20 MILW M12 BLUETOOTH - JOBSITE SPEAKER W/PACKOUT,Milwaukee 2955-20 Hardware & Tools,2955-20 Milw M12 Bluetooth - Jobsite Speaker w/Packout,Milwaukee 2955-20 Hardware & Tools,,,,,,,,,,,,,,,,,,,,,,,,,,,Hardware & Tools,,,,,,,,,,,,,,,,,,,,,,,,,,,,,,,,,,,,,,,,,,,,,,,,,,,,,,,,,,,,,,,,,,,,,,,,,,,,,,,,,,,,,,,,,,,,,,,,,,,,,,,,,,,,,,,,,,,,,,,,,,,,,,,,,,,,,,,,,,,,,,,,,,,,,,,,,,,,,,,,,,,,,,,,,,,,,,,,,,,,,,,,,,,,,,,,,,,,,
,,,,,,9A-219-180,Abrasives & Surface Prep,Abrasive Discs,Sanding Discs,9A-219-180,9A-219-180,9A-219-180 Abranet 4x6x6,-- Unbranded --,-- No Unilog Brand --,-- No DIB Brand --,Mirka Abrasives Inc (MIRUS),Mirka Abrasives Inc,Mirka,,9A-219-180,,Abrasives & Surface Prep>Abrasive Discs>Sanding Discs,"Mirka Abrasives Inc Mirka, Sanding Discs, 9A-219-180",9A-219-180 ABRANET 4X6X6,Mirka 9A-219-180 Sanding Discs,9A-219-180 Abranet 4x6x6,Mirka 9A-219-180 Sanding Discs,,,,,,,,,,,,,,,,,,,,,,,,,,,Sanding Discs,,,,,,,,,,,,,,,,,,,,,,,,,,,,,,,,,,,,,,,,,,,,,,,,,,,,,,,,,,,,,,,,,,,,,,,,,,,,,,,,,,,,,,,,,,,,,,,,,,,,,,,,,,,,,,,,,,,,,,,,,,,,,,,,,,,,,,,,,,,,,,,,,,,,,,,,,,,,,,,,,,,,,,,,,,,,,,,,,,,,,,,,,,,,,,,,,,,,,
,,,,,,9A-219-120RP,Abrasives & Surface Prep,Abrasive Discs,Sanding Discs,9A-219-120RP,9A-219-120RP,9A-219-120RP Abranet 4x6x6,-- Unbranded --,-- No Unilog Brand --,-- No DIB Brand --,Mirka Abrasives Inc (MIRUS),Mirka Abrasives Inc,Mirka,,9A-219-120RP,,Abrasives & Surface Prep>Abrasive Discs>Sanding Discs,"Mirka Abrasives Inc Mirka, Sanding Discs, 9A-219-120RP",9A-219-120RP ABRANET 4X6X6,Mirka 9A-219-120RP Sanding Discs,9A-219-120RP Abranet 4x6x6,Mirka 9A-219-120RP Sanding Discs,,,,,,,,,,,,,,,,,,,,,,,,,,,Sanding Discs,,,,,,,,,,,,,,,,,,,,,,,,,,,,,,,,,,,,,,,,,,,,,,,,,,,,,,,,,,,,,,,,,,,,,,,,,,,,,,,,,,,,,,,,,,,,,,,,,,,,,,,,,,,,,,,,,,,,,,,,,,,,,,,,,,,,,,,,,,,,,,,,,,,,,,,,,,,,,,,,,,,,,,,,,,,,,,,,,,,,,,,,,,,,,,,,,,,,,
,,,,,,3033-20,,,,3033-20,3033-20,"3033-20 Milw M18 24"" - Hedge Trimmer",-- Unbranded --,-- No Unilog Brand --,Milwaukee,Milwaukee Accessory (4031),Milwaukee Electric Tool,Milwaukee,,3033-20,,,"Milwaukee Electric Tool Milwaukee, Hardware & Tools, 3033-20","3033-20 MILW M18 24"" - HEDGE TRIMMER",Milwaukee 3033-20 Hardware & Tools,"3033-20 Milw M18 24"" - Hedge Trimmer",Milwaukee 3033-20 Hardware & Tools,,,,,,,,,,,,,,,,,,,,,,,,,,,Hardware & Tools,,,,,,,,,,,,,,,,,,,,,,,,,,,,,,,,,,,,,,,,,,,,,,,,,,,,,,,,,,,,,,,,,,,,,,,,,,,,,,,,,,,,,,,,,,,,,,,,,,,,,,,,,,,,,,,,,,,,,,,,,,,,,,,,,,,,,,,,,,,,,,,,,,,,,,,,,,,,,,,,,,,,,,,,,,,,,,,,,,,,,,,,,,,,,,,,,,,,,
,,,,,,3033-21,Appliances & Consumer Electronics,Kitchen Appliances,Built-In Dishwashers,3033-21,3033-21,"3033-21 Milw M18 24"" - Hedge Trimmer Kit",-- Unbranded --,-- No Unilog Brand --,-- No DIB Brand --,Milwaukee Accessory (4031),Milwaukee Electric Tool,Milwaukee,,3033-21,,Appliances & Consumer Electronics>Kitchen Appliances>Built-In Dishwashers,"Milwaukee Electric Tool Milwaukee, Built-In Dishwashers, 3033-21","3033-21 MILW M18 24"" - HEDGE TRIMMER KIT",Milwaukee 3033-21 Built-In Dishwashers,"3033-21 Milw M18 24"" - Hedge Trimmer Kit",Milwaukee 3033-21 Built-In Dishwashers,,,,,,,,,,,,,,,,,,,,,,,,,,,Built-In Dishwashers,,,,,,,,,,,,,,,,,,,,,,,,,,,,,,,,,,,,,,,,,,,,,,,,,,,,,,,,,,,,,,,,,,,,,,,,,,,,,,,,,,,,,,,,,,,,,,,,,,,,,,,,,,,,,,,,,,,,,,,,,,,,,,,,,,,,,,,,,,,,,,,,,,,,,,,,,,,,,,,,,,,,,,,,,,,,,,,,,,,,,,,,,,,,,,,,,,,,,
,,,,,,3034-20,,,,3034-20,3034-20,"3034-20 Milw M18 30"" - Hedge Trimmer",-- Unbranded --,-- No Unilog Brand --,Milwaukee,Milwaukee Accessory (4031),Milwaukee Electric Tool,Milwaukee,,3034-20,,,"Milwaukee Electric Tool Milwaukee, Hardware & Tools, 3034-20","3034-20 MILW M18 30"" - HEDGE TRIMMER",Milwaukee 3034-20 Hardware & Tools,"3034-20 Milw M18 30"" - Hedge Trimmer",Milwaukee 3034-20 Hardware & Tools,,,,,,,,,,,,,,,,,,,,,,,,,,,Hardware & Tools,,,,,,,,,,,,,,,,,,,,,,,,,,,,,,,,,,,,,,,,,,,,,,,,,,,,,,,,,,,,,,,,,,,,,,,,,,,,,,,,,,,,,,,,,,,,,,,,,,,,,,,,,,,,,,,,,,,,,,,,,,,,,,,,,,,,,,,,,,,,,,,,,,,,,,,,,,,,,,,,,,,,,,,,,,,,,,,,,,,,,,,,,,,,,,,,,,,,,
,,,,,,D25333K,Power Tools,Drills & Drivers,Drill Bits,D25333K,D25333K,D25333K Dewalt Hammer Drill,-- Unbranded --,-- No Unilog Brand --,-- No DIB Brand --,Black & Decker/dewlt (2585),Stanley Black & Decker,DeWalt,,D25333K,,Power Tools>Drills & Drivers>Drill Bits,"Stanley Black & Decker DeWalt, Drill Bits, D25333K",D25333K DEWALT HAMMER DRILL,DeWalt D25333K Drill Bits,D25333K Dewalt Hammer Drill,DeWalt D25333K Drill Bits,,,,,,,,,,,,,,,,,,,,,,,,,,,Drill Bits,,,,,,,,,,,,,,,,,,,,,,,,,,,,,,,,,,,,,,,,,,,,,,,,,,,,,,,,,,,,,,,,,,,,,,,,,,,,,,,,,,,,,,,,,,,,,,,,,,,,,,,,,,,,,,,,,,,,,,,,,,,,,,,,,,,,,,,,,,,,,,,,,,,,,,,,,,,,,,,,,,,,,,,,,,,,,,,,,,,,,,,,,,,,,,,,,,,,,
,,,,,,DCD803B,Power Tools,Drills & Drivers,Drill Bits,DCD803B,DCD803B,DCD803B Dewalt Multi-Head Drill Driver,-- Unbranded --,-- No Unilog Brand --,-- No DIB Brand --,Black & Decker/dewlt (2585),Stanley Black & Decker,DeWalt,,DCD803B,,Power Tools>Drills & Drivers>Drill Bits,"Stanley Black & Decker DeWalt, Drill Bits, DCD803B",DCD803B DEWALT MULTI-HEAD DRILL DRIVER,DeWalt DCD803B Drill Bits,DCD803B Dewalt Multi-Head Drill Driver,DeWalt DCD803B Drill Bits,,,,,,,,,,,,,,,,,,,,,,,,,,,Drill Bits,,,,,,,,,,,,,,,,,,,,,,,,,,,,,,,,,,,,,,,,,,,,,,,,,,,,,,,,,,,,,,,,,,,,,,,,,,,,,,,,,,,,,,,,,,,,,,,,,,,,,,,,,,,,,,,,,,,,,,,,,,,,,,,,,,,,,,,,,,,,,,,,,,,,,,,,,,,,,,,,,,,,,,,,,,,,,,,,,,,,,,,,,,,,,,,,,,,,,
,,,,,,DCF860B,Power Tools,Drills & Drivers,Drill Bits,DCF860B,DCF860B,DCF860B Dewalt 20V Impact - Driver Drill,-- Unbranded --,-- No Unilog Brand --,-- No DIB Brand --,Black & Decker/dewlt (2585),Stanley Black & Decker,DeWalt,,DCF860B,,Power Tools>Drills & Drivers>Drill Bits,"Stanley Black & Decker DeWalt, Drill Bits, DCF860B",DCF860B DEWALT 20V IMPACT - DRIVER DRILL,DeWalt DCF860B Drill Bits,DCF860B Dewalt 20V Impact - Driver Drill,DeWalt DCF860B Drill Bits,,,,,,,,,,,,,,,,,,,,,,,,,,,Drill Bits,,,,,,,,,,,,,,,,,,,,,,,,,,,,,,,,,,,,,,,,,,,,,,,,,,,,,,,,,,,,,,,,,,,,,,,,,,,,,,,,,,,,,,,,,,,,,,,,,,,,,,,,,,,,,,,,,,,,,,,,,,,,,,,,,,,,,,,,,,,,,,,,,,,,,,,,,,,,,,,,,,,,,,,,,,,,,,,,,,,,,,,,,,,,,,,,,,,,,
,,,,,,3401-20,Power Tools,Drills & Drivers,Drill Bits,3401-20,3401-20,3401-20 Milw M12 Drill Driver - Brushless Compact (Bare),-- Unbranded --,-- No Unilog Brand --,-- No DIB Brand --,Milwaukee Accessory (4031),Milwaukee Electric Tool,Milwaukee,,3401-20,,Power Tools>Drills & Drivers>Drill Bits,"Milwaukee Electric Tool Milwaukee, Drill Bits, 3401-20",3401-20 MILW M12 DRILL DRIVER - BRUSHLESS COMPACT (BARE),Milwaukee 3401-20 Drill Bits,3401-20 Milw M12 Drill Driver - Brushless Compact (Bare),Milwaukee 3401-20 Drill Bits,,,,,,,,,,,,,,,,,,,,,,,,,,,Drill Bits,,,,,,,,,,,,,,,,,,,,,,,,,,,,,,,,,,,,,,,,,,,,,,,,,,,,,,,,,,,,,,,,,,,,,,,,,,,,,,,,,,,,,,,,,,,,,,,,,,,,,,,,,,,,,,,,,,,,,,,,,,,,,,,,,,,,,,,,,,,,,,,,,,,,,,,,,,,,,,,,,,,,,,,,,,,,,,,,,,,,,,,,,,,,,,,,,,,,,
,,,,,,KPTDR050A,Power Tools,Drills & Drivers,Drill Bits,KPTDR050A,KPTDR050A,KPTDR050A Kreg 20V Ionic Compact Drill,-- Unbranded --,-- No Unilog Brand --,-- No DIB Brand --,Kreg Tool Company (KRETO),Kreg Tool Company,Kreg,,KPTDR050A,,Power Tools>Drills & Drivers>Drill Bits,"Kreg Tool Company Kreg, Drill Bits, KPTDR050A",KPTDR050A KREG 20V IONIC COMPACT DRILL,Kreg KPTDR050A Drill Bits,KPTDR050A Kreg 20V Ionic Compact Drill,Kreg KPTDR050A Drill Bits,,,,,,,,,,,,,,,,,,,,,,,,,,,Drill Bits,,,,,,,,,,,,,,,,,,,,,,,,,,,,,,,,,,,,,,,,,,,,,,,,,,,,,,,,,,,,,,,,,,,,,,,,,,,,,,,,,,,,,,,,,,,,,,,,,,,,,,,,,,,,,,,,,,,,,,,,,,,,,,,,,,,,,,,,,,,,,,,,,,,,,,,,,,,,,,,,,,,,,,,,,,,,,,,,,,,,,,,,,,,,,,,,,,,,,
,,,,,,DCD1007B,Power Tools,Drills & Drivers,Drill Bits,DCD1007B,DCD1007B,"DCD1007B Dewalt 20V Cordless - 1/2"" Hammer Drill (Bare)",-- Unbranded --,-- No Unilog Brand --,DEWALT,Black & Decker/dewlt (2585),Stanley Black & Decker,DeWalt,,DCD1007B,,Power Tools>Drills & Drivers>Drill Bits,"Stanley Black & Decker DeWalt, Drill Bits, DCD1007B","DCD1007B DEWALT 20V CORDLESS - 1/2"" HAMMER DRILL (BARE)",DeWalt DCD1007B Drill Bits,"DCD1007B Dewalt 20V Cordless - 1/2"" Hammer Drill (Bare)",DeWalt DCD1007B Drill Bits,,,,,,,,,,,,,,,,,,,,,,,,,,,Drill Bits,,,,,,,,,,,,,,,,,,,,,,,,,,,,,,,,,,,,,,,,,,,,,,,,,,,,,,,,,,,,,,,,,,,,,,,,,,,,,,,,,,,,,,,,,,,,,,,,,,,,,,,,,,,,,,,,,,,,,,,,,,,,,,,,,,,,,,,,,,,,,,,,,,,,,,,,,,,,,,,,,,,,,,,,,,,,,,,,,,,,,,,,,,,,,,,,,,,,,
,,,,,,DCD799B,Power Tools,Drills & Drivers,Drill Bits,DCD799B,DCD799B,DCD799B Dewalt Drill,-- Unbranded --,-- No Unilog Brand --,-- No DIB Brand --,Black & Decker/dewlt (2585),Stanley Black & Decker,DeWalt,,DCD799B,,Power Tools>Drills & Drivers>Drill Bits,"Stanley Black & Decker DeWalt, Drill Bits, DCD799B",DCD799B DEWALT DRILL,DeWalt DCD799B Drill Bits,DCD799B Dewalt Drill,DeWalt DCD799B Drill Bits,,,,,,,,,,,,,,,,,,,,,,,,,,,Drill Bits,,,,,,,,,,,,,,,,,,,,,,,,,,,,,,,,,,,,,,,,,,,,,,,,,,,,,,,,,,,,,,,,,,,,,,,,,,,,,,,,,,,,,,,,,,,,,,,,,,,,,,,,,,,,,,,,,,,,,,,,,,,,,,,,,,,,,,,,,,,,,,,,,,,,,,,,,,,,,,,,,,,,,,,,,,,,,,,,,,,,,,,,,,,,,,,,,,,,,
,,,,,,58006,Power Tools,Drills & Drivers,Drill Bits,58006,58006,58006 Voyager Drill Press,-- Unbranded --,-- No Unilog Brand --,-- No DIB Brand --,King Canada Inc (KINCA),King Canada,-- Unbranded --,,58006,,Power Tools>Drills & Drivers>Drill Bits,"King Canada -- Unbranded --, Drill Bits, 58006",58006 VOYAGER DRILL PRESS,-- Unbranded -- 58006 Drill Bits,58006 Voyager Drill Press,-- Unbranded -- 58006 Drill Bits,,,,,,,,,,,,,,,,,,,,,,,,,,,Drill Bits,,,,,,,,,,,,,,,,,,,,,,,,,,,,,,,,,,,,,,,,,,,,,,,,,,,,,,,,,,,,,,,,,,,,,,,,,,,,,,,,,,,,,,,,,,,,,,,,,,,,,,,,,,,,,,,,,,,,,,,,,,,,,,,,,,,,,,,,,,,,,,,,,,,,,,,,,,,,,,,,,,,,,,,,,,,,,,,,,,,,,,,,,,,,,,,,,,,,,
,,,,,,2909-20,Power Tools,Fastening Tools,Nail Guns & Nailers,2909-20,2909-20,2909-20 Milw Roofing Nailer - M18,-- Unbranded --,-- No Unilog Brand --,Milwaukee,Milwaukee Accessory (4031),Milwaukee Electric Tool,Milwaukee,,2909-20,,Power Tools>Fastening Tools>Nail Guns & Nailers,"Milwaukee Electric Tool Milwaukee, Nail Guns & Nailers, 2909-20",2909-20 MILW ROOFING NAILER - M18,Milwaukee 2909-20 Nail Guns & Nailers,2909-20 Milw Roofing Nailer - M18,Milwaukee 2909-20 Nail Guns & Nailers,,,,,,,,,,,,,,,,,,,,,,,,,,,Nail Guns & Nailers,,,,,,,,,,,,,,,,,,,,,,,,,,,,,,,,,,,,,,,,,,,,,,,,,,,,,,,,,,,,,,,,,,,,,,,,,,,,,,,,,,,,,,,,,,,,,,,,,,,,,,,,,,,,,,,,,,,,,,,,,,,,,,,,,,,,,,,,,,,,,,,,,,,,,,,,,,,,,,,,,,,,,,,,,,,,,,,,,,,,,,,,,,,,,,,,,,,,,
,,,,,,2909-21,Power Tools,Fastening Tools,Nail Guns & Nailers,2909-21,2909-21,2909-21 Milw M18 Coil Roofing - Nailer Kit,-- Unbranded --,-- No Unilog Brand --,Milwaukee,Milwaukee Accessory (4031),Milwaukee Electric Tool,Milwaukee,,2909-21,,Power Tools>Fastening Tools>Nail Guns & Nailers,"Milwaukee Electric Tool Milwaukee, Nail Guns & Nailers, 2909-21",2909-21 MILW M18 COIL ROOFING - NAILER KIT,Milwaukee 2909-21 Nail Guns & Nailers,2909-21 Milw M18 Coil Roofing - Nailer Kit,Milwaukee 2909-21 Nail Guns & Nailers,,,,,,,,,,,,,,,,,,,,,,,,,,,Nail Guns & Nailers,,,,,,,,,,,,,,,,,,,,,,,,,,,,,,,,,,,,,,,,,,,,,,,,,,,,,,,,,,,,,,,,,,,,,,,,,,,,,,,,,,,,,,,,,,,,,,,,,,,,,,,,,,,,,,,,,,,,,,,,,,,,,,,,,,,,,,,,,,,,,,,,,,,,,,,,,,,,,,,,,,,,,,,,,,,,,,,,,,,,,,,,,,,,,,,,,,,,,
,,,,,,918200,Power Tools,Fastening Tools,Nail Guns & Nailers,918200,918200,918200 Paslode CT200S24 18Ga ST Brad Nailer,-- Unbranded --,-- No Unilog Brand --,-- No DIB Brand --,National Nail Corp (7439),National Nail Corporation,-- Unbranded --,,918200,,Power Tools>Fastening Tools>Nail Guns & Nailers,"National Nail Corporation -- Unbranded --, Nail Guns & Nailers, 918200",918200 PASLODE CT200S24 18GA ST BRAD NAILER,-- Unbranded -- 918200 Nail Guns & Nailers,918200 Paslode CT200S24 18Ga ST Brad Nailer,-- Unbranded -- 918200 Nail Guns & Nailers,,,,,,,,,,,,,,,,,,,,,,,,,,,Nail Guns & Nailers,,,,,,,,,,,,,,,,,,,,,,,,,,,,,,,,,,,,,,,,,,,,,,,,,,,,,,,,,,,,,,,,,,,,,,,,,,,,,,,,,,,,,,,,,,,,,,,,,,,,,,,,,,,,,,,,,,,,,,,,,,,,,,,,,,,,,,,,,,,,,,,,,,,,,,,,,,,,,,,,,,,,,,,,,,,,,,,,,,,,,,,,,,,,,,,,,,,,,
,,,,,,2541-20,Power Tools,Fastening Tools,Nail Guns & Nailers,2541-20,2541-20,2541-20 Milw M12 - Compact Brad Nailer (Bare),-- Unbranded --,-- No Unilog Brand --,-- No DIB Brand --,Milwaukee Accessory (4031),Milwaukee Electric Tool,Milwaukee,,2541-20,,Power Tools>Fastening Tools>Nail Guns & Nailers,"Milwaukee Electric Tool Milwaukee, Nail Guns & Nailers, 2541-20",2541-20 MILW M12 - COMPACT BRAD NAILER (BARE),Milwaukee 2541-20 Nail Guns & Nailers,2541-20 Milw M12 - Compact Brad Nailer (Bare),Milwaukee 2541-20 Nail Guns & Nailers,,,,,,,,,,,,,,,,,,,,,,,,,,,Nail Guns & Nailers,,,,,,,,,,,,,,,,,,,,,,,,,,,,,,,,,,,,,,,,,,,,,,,,,,,,,,,,,,,,,,,,,,,,,,,,,,,,,,,,,,,,,,,,,,,,,,,,,,,,,,,,,,,,,,,,,,,,,,,,,,,,,,,,,,,,,,,,,,,,,,,,,,,,,,,,,,,,,,,,,,,,,,,,,,,,,,,,,,,,,,,,,,,,,,,,,,,,,
,,,,,,DCN930B,Power Tools,Fastening Tools,Nail Guns & Nailers,DCN930B,DCN930B,DCN930B Dewalt 20V 30 Degree - Framing Nailer,-- Unbranded --,-- No Unilog Brand --,DEWALT,Black & Decker/dewlt (2585),Stanley Black & Decker,DeWalt,,DCN930B,,Power Tools>Fastening Tools>Nail Guns & Nailers,"Stanley Black & Decker DeWalt, Nail Guns & Nailers, DCN930B",DCN930B DEWALT 20V 30 DEGREE - FRAMING NAILER,DeWalt DCN930B Nail Guns & Nailers,DCN930B Dewalt 20V 30 Degree - Framing Nailer,DeWalt DCN930B Nail Guns & Nailers,,,,,,,,,,,,,,,,,,,,,,,,,,,Nail Guns & Nailers,,,,,,,,,,,,,,,,,,,,,,,,,,,,,,,,,,,,,,,,,,,,,,,,,,,,,,,,,,,,,,,,,,,,,,,,,,,,,,,,,,,,,,,,,,,,,,,,,,,,,,,,,,,,,,,,,,,,,,,,,,,,,,,,,,,,,,,,,,,,,,,,,,,,,,,,,,,,,,,,,,,,,,,,,,,,,,,,,,,,,,,,,,,,,,,,,,,,,
,,,,,,DCN930P1,Power Tools,Fastening Tools,Nail Guns & Nailers,DCN930P1,DCN930P1,DCN930P1 Dewalt 20V 30 Degree - Framing Nailer Kit,-- Unbranded --,-- No Unilog Brand --,DEWALT,Black & Decker/dewlt (2585),Stanley Black & Decker,DeWalt,,DCN930P1,,Power Tools>Fastening Tools>Nail Guns & Nailers,"Stanley Black & Decker DeWalt, Nail Guns & Nailers, DCN930P1",DCN930P1 DEWALT 20V 30 DEGREE - FRAMING NAILER KIT,DeWalt DCN930P1 Nail Guns & Nailers,DCN930P1 Dewalt 20V 30 Degree - Framing Nailer Kit,DeWalt DCN930P1 Nail Guns & Nailers,,,,,,,,,,,,,,,,,,,,,,,,,,,Nail Guns & Nailers,,,,,,,,,,,,,,,,,,,,,,,,,,,,,,,,,,,,,,,,,,,,,,,,,,,,,,,,,,,,,,,,,,,,,,,,,,,,,,,,,,,,,,,,,,,,,,,,,,,,,,,,,,,,,,,,,,,,,,,,,,,,,,,,,,,,,,,,,,,,,,,,,,,,,,,,,,,,,,,,,,,,,,,,,,,,,,,,,,,,,,,,,,,,,,,,,,,,,
,,,,,,XNB04Z,Power Tools,Fastening Tools,Nail Guns & Nailers,XNB04Z,XNB04Z,"XNB04Z Makita 18V 2"" Brad Nailer 18GA (Bare)",-- Unbranded --,-- No Unilog Brand --,-- No DIB Brand --,Makita Usa Inc (5142),Makita U.S.A. Inc,Makita,,XNB04Z,,Power Tools>Fastening Tools>Nail Guns & Nailers,"Makita U.S.A. Inc Makita, Nail Guns & Nailers, XNB04Z","XNB04Z MAKITA 18V 2"" BRAD NAILER 18GA (BARE)",Makita XNB04Z Nail Guns & Nailers,"XNB04Z Makita 18V 2"" Brad Nailer 18GA (Bare)",Makita XNB04Z Nail Guns & Nailers,,,,,,,,,,,,,,,,,,,,,,,,,,,Nail Guns & Nailers,,,,,,,,,,,,,,,,,,,,,,,,,,,,,,,,,,,,,,,,,,,,,,,,,,,,,,,,,,,,,,,,,,,,,,,,,,,,,,,,,,,,,,,,,,,,,,,,,,,,,,,,,,,,,,,,,,,,,,,,,,,,,,,,,,,,,,,,,,,,,,,,,,,,,,,,,,,,,,,,,,,,,,,,,,,,,,,,,,,,,,,,,,,,,,,,,,,,,
,,,,,,XNB05Z,Power Tools,Fastening Tools,Nail Guns & Nailers,XNB05Z,XNB05Z,"XNB05Z Makita 18V 2-1/2"" Straight Finish Nailer 16GA",-- Unbranded --,-- No Unilog Brand --,-- No DIB Brand --,Makita Usa Inc (5142),Makita U.S.A. Inc,Makita,,XNB05Z,,Power Tools>Fastening Tools>Nail Guns & Nailers,"Makita U.S.A. Inc Makita, Nail Guns & Nailers, XNB05Z","XNB05Z MAKITA 18V 2-1/2"" STRAIGHT FINISH NAILER 16GA",Makita XNB05Z Nail Guns & Nailers,"XNB05Z Makita 18V 2-1/2"" Straight Finish Nailer 16GA",Makita XNB05Z Nail Guns & Nailers,,,,,,,,,,,,,,,,,,,,,,,,,,,Nail Guns & Nailers,,,,,,,,,,,,,,,,,,,,,,,,,,,,,,,,,,,,,,,,,,,,,,,,,,,,,,,,,,,,,,,,,,,,,,,,,,,,,,,,,,,,,,,,,,,,,,,,,,,,,,,,,,,,,,,,,,,,,,,,,,,,,,,,,,,,,,,,,,,,,,,,,,,,,,,,,,,,,,,,,,,,,,,,,,,,,,,,,,,,,,,,,,,,,,,,,,,,,
,,,,,,XNB06Z,Lighting & Electrical,Lamps & Bulbs,LED Bulbs,XNB06Z,XNB06Z,"XNB06Z Makita 18V 2-1/2"" Angled Finish Nailer 16GA",-- Unbranded --,-- No Unilog Brand --,-- No DIB Brand --,Makita Usa Inc (5142),Makita U.S.A. Inc,Makita,,XNB06Z,,Lighting & Electrical>Lamps & Bulbs>LED Bulbs,"Makita U.S.A. Inc Makita, LED Bulbs, XNB06Z","XNB06Z MAKITA 18V 2-1/2"" ANGLED FINISH NAILER 16GA",Makita XNB06Z LED Bulbs,"XNB06Z Makita 18V 2-1/2"" Angled Finish Nailer 16GA",Makita XNB06Z LED Bulbs,,,,,,,,,,,,,,,,,,,,,,,,,,,LED Bulbs,Bulb Type,LED,,,,,,,,,,,,,,,,,,,,,,,,,,,,,,,,,,,,,,,,,,,,,,,,,,,,,,,,,,,,,,,,,,,,,,,,,,,,,,,,,,,,,,,,,,,,,,,,,,,,,,,,,,,,,,,,,,,,,,,,,,,,,,,,,,,,,,,,,,,,,,,,,,,,,,,,,,,,,,,,,,,,,,,,,,,,,,,,,,,,,,,,,,,,,,,,,,,
,,,,,,XNB07Z,Power Tools,Fastening Tools,Nail Guns & Nailers,XNB07Z,XNB07Z,XNB07Z Makita 18V LXT BL 30 Nailer (Bare),-- Unbranded --,-- No Unilog Brand --,-- No DIB Brand --,Makita Usa Inc (5142),Makita U.S.A. Inc,Makita,,XNB07Z,,Power Tools>Fastening Tools>Nail Guns & Nailers,"Makita U.S.A. Inc Makita, Nail Guns & Nailers, XNB07Z",XNB07Z MAKITA 18V LXT BL 30 NAILER (BARE),Makita XNB07Z Nail Guns & Nailers,XNB07Z Makita 18V LXT BL 30 Nailer (Bare),Makita XNB07Z Nail Guns & Nailers,,,,,,,,,,,,,,,,,,,,,,,,,,,Nail Guns & Nailers,,,,,,,,,,,,,,,,,,,,,,,,,,,,,,,,,,,,,,,,,,,,,,,,,,,,,,,,,,,,,,,,,,,,,,,,,,,,,,,,,,,,,,,,,,,,,,,,,,,,,,,,,,,,,,,,,,,,,,,,,,,,,,,,,,,,,,,,,,,,,,,,,,,,,,,,,,,,,,,,,,,,,,,,,,,,,,,,,,,,,,,,,,,,,,,,,,,,,
,,,,,,DZN930,,,,DZN930,DZN930,DZN930 Dewalt 30 Degree - Framing Magazine,-- Unbranded --,-- No Unilog Brand --,-- No DIB Brand --,Black & Decker/dewlt (2585),Stanley Black & Decker,DeWalt,,DZN930,,,"Stanley Black & Decker DeWalt, Hardware & Tools, DZN930",DZN930 DEWALT 30 DEGREE - FRAMING MAGAZINE,DeWalt DZN930 Hardware & Tools,DZN930 Dewalt 30 Degree - Framing Magazine,DeWalt DZN930 Hardware & Tools,,,,,,,,,,,,,,,,,,,,,,,,,,,Hardware & Tools,,,,,,,,,,,,,,,,,,,,,,,,,,,,,,,,,,,,,,,,,,,,,,,,,,,,,,,,,,,,,,,,,,,,,,,,,,,,,,,,,,,,,,,,,,,,,,,,,,,,,,,,,,,,,,,,,,,,,,,,,,,,,,,,,,,,,,,,,,,,,,,,,,,,,,,,,,,,,,,,,,,,,,,,,,,,,,,,,,,,,,,,,,,,,,,,,,,,,
,,,,,,220USB25U,Hand Tools,Screwdrivers,Precision Screwdrivers,220USB25U,220USB25U,220USB25U Vessel Screwdriver w/25pc Bit Set,-- Unbranded --,-- No Unilog Brand --,-- No DIB Brand --,Vessel Tools USA Inc (VESTO),Vessel Tools USA,-- Unbranded --,,220USB25U,,Hand Tools>Screwdrivers>Precision Screwdrivers,"Vessel Tools USA -- Unbranded --, Precision Screwdrivers, 220USB25U",220USB25U VESSEL SCREWDRIVER W/25PC BIT SET,-- Unbranded -- 220USB25U Precision Screwdrivers,220USB25U Vessel Screwdriver w/25pc Bit Set,-- Unbranded -- 220USB25U Precision Screwdrivers,,,,,,,,,,,,,,,,,,,,,,,,,,,Precision Screwdrivers,Pack Quantity,25,,,,,,,,,,,,,,,,,,,,,,,,,,,,,,,,,,,,,,,,,,,,,,,,,,,,,,,,,,,,,,,,,,,,,,,,,,,,,,,,,,,,,,,,,,,,,,,,,,,,,,,,,,,,,,,,,,,,,,,,,,,,,,,,,,,,,,,,,,,,,,,,,,,,,,,,,,,,,,,,,,,,,,,,,,,,,,,,,,,,,,,,,,,,,,,,,,,
,,,,,,XRF03Z,Hand Tools,Screwdrivers,Precision Screwdrivers,XRF03Z,XRF03Z,XRF03Z Makita 18V Screwdriver - Autofeed,-- Unbranded --,-- No Unilog Brand --,-- No DIB Brand --,Makita Usa Inc (5142),Makita U.S.A. Inc,Makita,,XRF03Z,,Hand Tools>Screwdrivers>Precision Screwdrivers,"Makita U.S.A. Inc Makita, Precision Screwdrivers, XRF03Z",XRF03Z MAKITA 18V SCREWDRIVER - AUTOFEED,Makita XRF03Z Precision Screwdrivers,XRF03Z Makita 18V Screwdriver - Autofeed,Makita XRF03Z Precision Screwdrivers,,,,,,,,,,,,,,,,,,,,,,,,,,,Precision Screwdrivers,,,,,,,,,,,,,,,,,,,,,,,,,,,,,,,,,,,,,,,,,,,,,,,,,,,,,,,,,,,,,,,,,,,,,,,,,,,,,,,,,,,,,,,,,,,,,,,,,,,,,,,,,,,,,,,,,,,,,,,,,,,,,,,,,,,,,,,,,,,,,,,,,,,,,,,,,,,,,,,,,,,,,,,,,,,,,,,,,,,,,,,,,,,,,,,,,,,,,
,,,,,,220USBP5U,Hand Tools,Screwdrivers,Precision Screwdrivers,220USBP5U,220USBP5U,220USBP5U Vessel Screwdriver Plus w/5pc Bit Set,-- Unbranded --,-- No Unilog Brand --,-- No DIB Brand --,Vessel Tools USA Inc (VESTO),Vessel Tools USA,-- Unbranded --,,220USBP5U,,Hand Tools>Screwdrivers>Precision Screwdrivers,"Vessel Tools USA -- Unbranded --, Precision Screwdrivers, 220USBP5U",220USBP5U VESSEL SCREWDRIVER PLUS W/5PC BIT SET,-- Unbranded -- 220USBP5U Precision Screwdrivers,220USBP5U Vessel Screwdriver Plus w/5pc Bit Set,-- Unbranded -- 220USBP5U Precision Screwdrivers,,,,,,,,,,,,,,,,,,,,,,,,,,,Precision Screwdrivers,Pack Quantity,5,,,,,,,,,,,,,,,,,,,,,,,,,,,,,,,,,,,,,,,,,,,,,,,,,,,,,,,,,,,,,,,,,,,,,,,,,,,,,,,,,,,,,,,,,,,,,,,,,,,,,,,,,,,,,,,,,,,,,,,,,,,,,,,,,,,,,,,,,,,,,,,,,,,,,,,,,,,,,,,,,,,,,,,,,,,,,,,,,,,,,,,,,,,,,,,,,,,
,,,,,,49-66-4567,Hand Tools,Screwdrivers,Precision Screwdrivers,49-66-4567,49-66-4567,"49-66-4567 Milw 6"" Magnetic - Impact Driver Set 6pc",-- Unbranded --,-- No Unilog Brand --,-- No DIB Brand --,Milwaukee Accessory (4031),Milwaukee Electric Tool,Milwaukee,,49-66-4567,,Hand Tools>Screwdrivers>Precision Screwdrivers,"Milwaukee Electric Tool Milwaukee, Precision Screwdrivers, 49-66-4567","49-66-4567 MILW 6"" MAGNETIC - IMPACT DRIVER SET 6PC",Milwaukee 49-66-4567 Precision Screwdrivers,"49-66-4567 Milw 6"" Magnetic - Impact Driver Set 6pc",Milwaukee 49-66-4567 Precision Screwdrivers,,,,,,,,,,,,,,,,,,,,,,,,,,,Precision Screwdrivers,Pack Quantity,6,,,,,,,,,,,,,,,,,,,,,,,,,,,,,,,,,,,,,,,,,,,,,,,,,,,,,,,,,,,,,,,,,,,,,,,,,,,,,,,,,,,,,,,,,,,,,,,,,,,,,,,,,,,,,,,,,,,,,,,,,,,,,,,,,,,,,,,,,,,,,,,,,,,,,,,,,,,,,,,,,,,,,,,,,,,,,,,,,,,,,,,,,,,,,,,,,,,
,,,,,,IBMG90K003,Routers & Router Bits,Router Bits,Straight Bits,IBMG90K003,IBMG90K003,"IBMG90K003 Vessel Impact Ball Torsion Bit Assort 5pc 3.5""",-- Unbranded --,-- No Unilog Brand --,-- No DIB Brand --,Vessel Tools USA Inc (VESTO),Vessel Tools USA,-- Unbranded --,,IBMG90K003,,Routers & Router Bits>Router Bits>Straight Bits,"Vessel Tools USA -- Unbranded --, Straight Bits, IBMG90K003","IBMG90K003 VESSEL IMPACT BALL TORSION BIT ASSORT 5PC 3.5""",-- Unbranded -- IBMG90K003 Straight Bits,"IBMG90K003 Vessel Impact Ball Torsion Bit Assort 5pc 3.5""",-- Unbranded -- IBMG90K003 Straight Bits,,,,,,,,,,,,,,,,,,,,,,,,,,,Straight Bits,Pack Quantity,5,,,,,,,,,,,,,,,,,,,,,,,,,,,,,,,,,,,,,,,,,,,,,,,,,,,,,,,,,,,,,,,,,,,,,,,,,,,,,,,,,,,,,,,,,,,,,,,,,,,,,,,,,,,,,,,,,,,,,,,,,,,,,,,,,,,,,,,,,,,,,,,,,,,,,,,,,,,,,,,,,,,,,,,,,,,,,,,,,,,,,,,,,,,,,,,,,,,
,,,,,,IBPH250P15T,Routers & Router Bits,Router Bits,Straight Bits,IBPH250P15T,IBPH250P15T,"IBPH250P15T Vessel Torsion Bit 2"" 15pc",-- Unbranded --,-- No Unilog Brand --,-- No DIB Brand --,Vessel Tools USA Inc (VESTO),Vessel Tools USA,-- Unbranded --,,IBPH250P15T,,Routers & Router Bits>Router Bits>Straight Bits,"Vessel Tools USA -- Unbranded --, Straight Bits, IBPH250P15T","IBPH250P15T VESSEL TORSION BIT 2"" 15PC",-- Unbranded -- IBPH250P15T Straight Bits,"IBPH250P15T Vessel Torsion Bit 2"" 15pc",-- Unbranded -- IBPH250P15T Straight Bits,,,,,,,,,,,,,,,,,,,,,,,,,,,Straight Bits,Pack Quantity,15,,,,,,,,,,,,,,,,,,,,,,,,,,,,,,,,,,,,,,,,,,,,,,,,,,,,,,,,,,,,,,,,,,,,,,,,,,,,,,,,,,,,,,,,,,,,,,,,,,,,,,,,,,,,,,,,,,,,,,,,,,,,,,,,,,,,,,,,,,,,,,,,,,,,,,,,,,,,,,,,,,,,,,,,,,,,,,,,,,,,,,,,,,,,,,,,,,,
,,,,,,DPH12B,Power Tools,Drills & Drivers,Drill Bits,DPH12B,DPH12B,"DPH12B 2"" #1 Phillips Drive - Bit",-- Unbranded --,-- No Unilog Brand --,Diablo,Freud Inc (2435),Freud Inc,Diablo,,DPH12B,,Power Tools>Drills & Drivers>Drill Bits,"Freud Inc Diablo, Drill Bits, DPH12B","DPH12B 2"" #1 PHILLIPS DRIVE - BIT",Diablo DPH12B Drill Bits,"DPH12B 2"" #1 Phillips Drive - Bit",Diablo DPH12B Drill Bits,,,,,,,,,,,,,,,,,,,,,,,,,,,Drill Bits,,,,,,,,,,,,,,,,,,,,,,,,,,,,,,,,,,,,,,,,,,,,,,,,,,,,,,,,,,,,,,,,,,,,,,,,,,,,,,,,,,,,,,,,,,,,,,,,,,,,,,,,,,,,,,,,,,,,,,,,,,,,,,,,,,,,,,,,,,,,,,,,,,,,,,,,,,,,,,,,,,,,,,,,,,,,,,,,,,,,,,,,,,,,,,,,,,,,,
,,,,,,DPH135B,Power Tools,Drills & Drivers,Drill Bits,DPH135B,DPH135B,"DPH135B 3-1/2"" #1 Phillips - Drive Bit",-- Unbranded --,-- No Unilog Brand --,Diablo,Freud Inc (2435),Freud Inc,Diablo,,DPH135B,,Power Tools>Drills & Drivers>Drill Bits,"Freud Inc Diablo, Drill Bits, DPH135B","DPH135B 3-1/2"" #1 PHILLIPS - DRIVE BIT",Diablo DPH135B Drill Bits,"DPH135B 3-1/2"" #1 Phillips - Drive Bit",Diablo DPH135B Drill Bits,,,,,,,,,,,,,,,,,,,,,,,,,,,Drill Bits,,,,,,,,,,,,,,,,,,,,,,,,,,,,,,,,,,,,,,,,,,,,,,,,,,,,,,,,,,,,,,,,,,,,,,,,,,,,,,,,,,,,,,,,,,,,,,,,,,,,,,,,,,,,,,,,,,,,,,,,,,,,,,,,,,,,,,,,,,,,,,,,,,,,,,,,,,,,,,,,,,,,,,,,,,,,,,,,,,,,,,,,,,,,,,,,,,,,,
,,,,,,DPH21B,Power Tools,Drills & Drivers,Drill Bits,DPH21B,DPH21B,"DPH21B 1"" #2 Phillips Drive - Bit",-- Unbranded --,-- No Unilog Brand --,Diablo,Freud Inc (2435),Freud Inc,Diablo,,DPH21B,,Power Tools>Drills & Drivers>Drill Bits,"Freud Inc Diablo, Drill Bits, DPH21B","DPH21B 1"" #2 PHILLIPS DRIVE - BIT",Diablo DPH21B Drill Bits,"DPH21B 1"" #2 Phillips Drive - Bit",Diablo DPH21B Drill Bits,,,,,,,,,,,,,,,,,,,,,,,,,,,Drill Bits,,,,,,,,,,,,,,,,,,,,,,,,,,,,,,,,,,,,,,,,,,,,,,,,,,,,,,,,,,,,,,,,,,,,,,,,,,,,,,,,,,,,,,,,,,,,,,,,,,,,,,,,,,,,,,,,,,,,,,,,,,,,,,,,,,,,,,,,,,,,,,,,,,,,,,,,,,,,,,,,,,,,,,,,,,,,,,,,,,,,,,,,,,,,,,,,,,,,,
,,,,,,DPH22B,Power Tools,Drills & Drivers,Drill Bits,DPH22B,DPH22B,"DPH22B 2"" #2 Phillips Drive - Bit",-- Unbranded --,-- No Unilog Brand --,Diablo,Freud Inc (2435),Freud Inc,Diablo,,DPH22B,,Power Tools>Drills & Drivers>Drill Bits,"Freud Inc Diablo, Drill Bits, DPH22B","DPH22B 2"" #2 PHILLIPS DRIVE - BIT",Diablo DPH22B Drill Bits,"DPH22B 2"" #2 Phillips Drive - Bit",Diablo DPH22B Drill Bits,,,,,,,,,,,,,,,,,,,,,,,,,,,Drill Bits,,,,,,,,,,,,,,,,,,,,,,,,,,,,,,,,,,,,,,,,,,,,,,,,,,,,,,,,,,,,,,,,,,,,,,,,,,,,,,,,,,,,,,,,,,,,,,,,,,,,,,,,,,,,,,,,,,,,,,,,,,,,,,,,,,,,,,,,,,,,,,,,,,,,,,,,,,,,,,,,,,,,,,,,,,,,,,,,,,,,,,,,,,,,,,,,,,,,,
,,,,,,DPH235B,Power Tools,Drills & Drivers,Drill Bits,DPH235B,DPH235B,"DPH235B 3-1/2"" #2 Phillips - Drive Bit",-- Unbranded --,-- No Unilog Brand --,Diablo,Freud Inc (2435),Freud Inc,Diablo,,DPH235B,,Power Tools>Drills & Drivers>Drill Bits,"Freud Inc Diablo, Drill Bits, DPH235B","DPH235B 3-1/2"" #2 PHILLIPS - DRIVE BIT",Diablo DPH235B Drill Bits,"DPH235B 3-1/2"" #2 Phillips - Drive Bit",Diablo DPH235B Drill Bits,,,,,,,,,,,,,,,,,,,,,,,,,,,Drill Bits,,,,,,,,,,,,,,,,,,,,,,,,,,,,,,,,,,,,,,,,,,,,,,,,,,,,,,,,,,,,,,,,,,,,,,,,,,,,,,,,,,,,,,,,,,,,,,,,,,,,,,,,,,,,,,,,,,,,,,,,,,,,,,,,,,,,,,,,,,,,,,,,,,,,,,,,,,,,,,,,,,,,,,,,,,,,,,,,,,,,,,,,,,,,,,,,,,,,,
,,,,,,DPH26B,Power Tools,Drills & Drivers,Drill Bits,DPH26B,DPH26B,"DPH26B 6"" #2 Phillips Drive - Bit",-- Unbranded --,-- No Unilog Brand --,Diablo,Freud Inc (2435),Freud Inc,Diablo,,DPH26B,,Power Tools>Drills & Drivers>Drill Bits,"Freud Inc Diablo, Drill Bits, DPH26B","DPH26B 6"" #2 PHILLIPS DRIVE - BIT",Diablo DPH26B Drill Bits,"DPH26B 6"" #2 Phillips Drive - Bit",Diablo DPH26B Drill Bits,,,,,,,,,,,,,,,,,,,,,,,,,,,Drill Bits,,,,,,,,,,,,,,,,,,,,,,,,,,,,,,,,,,,,,,,,,,,,,,,,,,,,,,,,,,,,,,,,,,,,,,,,,,,,,,,,,,,,,,,,,,,,,,,,,,,,,,,,,,,,,,,,,,,,,,,,,,,,,,,,,,,,,,,,,,,,,,,,,,,,,,,,,,,,,,,,,,,,,,,,,,,,,,,,,,,,,,,,,,,,,,,,,,,,,
,,,,,,DPH2R1B,Building Materials,Drywall,Gypsum Board,DPH2R1B,DPH2R1B,"DPH2R1B 1"" #2 Phillips Drywall - Screws Drive Bit",-- Unbranded --,-- No Unilog Brand --,Diablo,Freud Inc (2435),Freud Inc,Diablo,,DPH2R1B,,Building Materials>Drywall>Gypsum Board,"Freud Inc Diablo, Gypsum Board, DPH2R1B","DPH2R1B 1"" #2 PHILLIPS DRYWALL - SCREWS DRIVE BIT",Diablo DPH2R1B Gypsum Board,"DPH2R1B 1"" #2 Phillips Drywall - Screws Drive Bit",Diablo DPH2R1B Gypsum Board,,,,,,,,,,,,,,,,,,,,,,,,,,,Gypsum Board,,,,,,,,,,,,,,,,,,,,,,,,,,,,,,,,,,,,,,,,,,,,,,,,,,,,,,,,,,,,,,,,,,,,,,,,,,,,,,,,,,,,,,,,,,,,,,,,,,,,,,,,,,,,,,,,,,,,,,,,,,,,,,,,,,,,,,,,,,,,,,,,,,,,,,,,,,,,,,,,,,,,,,,,,,,,,,,,,,,,,,,,,,,,,,,,,,,,,
,,,,,,DPH31B,Power Tools,Drills & Drivers,Drill Bits,DPH31B,DPH31B,"DPH31B 1"" #3 Phillips Drive - Bit",-- Unbranded --,-- No Unilog Brand --,Diablo,Freud Inc (2435),Freud Inc,Diablo,,DPH31B,,Power Tools>Drills & Drivers>Drill Bits,"Freud Inc Diablo, Drill Bits, DPH31B","DPH31B 1"" #3 PHILLIPS DRIVE - BIT",Diablo DPH31B Drill Bits,"DPH31B 1"" #3 Phillips Drive - Bit",Diablo DPH31B Drill Bits,,,,,,,,,,,,,,,,,,,,,,,,,,,Drill Bits,,,,,,,,,,,,,,,,,,,,,,,,,,,,,,,,,,,,,,,,,,,,,,,,,,,,,,,,,,,,,,,,,,,,,,,,,,,,,,,,,,,,,,,,,,,,,,,,,,,,,,,,,,,,,,,,,,,,,,,,,,,,,,,,,,,,,,,,,,,,,,,,,,,,,,,,,,,,,,,,,,,,,,,,,,,,,,,,,,,,,,,,,,,,,,,,,,,,,
,,,,,,DPH32B,Power Tools,Drills & Drivers,Drill Bits,DPH32B,DPH32B,"DPH32B 2"" #3 Phillips Drive - Bit",-- Unbranded --,-- No Unilog Brand --,Diablo,Freud Inc (2435),Freud Inc,Diablo,,DPH32B,,Power Tools>Drills & Drivers>Drill Bits,"Freud Inc Diablo, Drill Bits, DPH32B","DPH32B 2"" #3 PHILLIPS DRIVE - BIT",Diablo DPH32B Drill Bits,"DPH32B 2"" #3 Phillips Drive - Bit",Diablo DPH32B Drill Bits,,,,,,,,,,,,,,,,,,,,,,,,,,,Drill Bits,,,,,,,,,,,,,,,,,,,,,,,,,,,,,,,,,,,,,,,,,,,,,,,,,,,,,,,,,,,,,,,,,,,,,,,,,,,,,,,,,,,,,,,,,,,,,,,,,,,,,,,,,,,,,,,,,,,,,,,,,,,,,,,,,,,,,,,,,,,,,,,,,,,,,,,,,,,,,,,,,,,,,,,,,,,,,,,,,,,,,,,,,,,,,,,,,,,,,
,,,,,,DPH335B,Power Tools,Drills & Drivers,Drill Bits,DPH335B,DPH335B,"DPH335B 3-1/2"" #3 Phillips - Drive Bit",-- Unbranded --,-- No Unilog Brand --,Diablo,Freud Inc (2435),Freud Inc,Diablo,,DPH335B,,Power Tools>Drills & Drivers>Drill Bits,"Freud Inc Diablo, Drill Bits, DPH335B","DPH335B 3-1/2"" #3 PHILLIPS - DRIVE BIT",Diablo DPH335B Drill Bits,"DPH335B 3-1/2"" #3 Phillips - Drive Bit",Diablo DPH335B Drill Bits,,,,,,,,,,,,,,,,,,,,,,,,,,,Drill Bits,,,,,,,,,,,,,,,,,,,,,,,,,,,,,,,,,,,,,,,,,,,,,,,,,,,,,,,,,,,,,,,,,,,,,,,,,,,,,,,,,,,,,,,,,,,,,,,,,,,,,,,,,,,,,,,,,,,,,,,,,,,,,,,,,,,,,,,,,,,,,,,,,,,,,,,,,,,,,,,,,,,,,,,,,,,,,,,,,,,,,,,,,,,,,,,,,,,,,
,,,,,,DSQ12B,Power Tools,Drills & Drivers,Drill Bits,DSQ12B,DSQ12B,"DSQ12B 2"" #1 Square Drive Bit",-- Unbranded --,-- No Unilog Brand --,Diablo,Freud Inc (2435),Freud Inc,Diablo,,DSQ12B,,Power Tools>Drills & Drivers>Drill Bits,"Freud Inc Diablo, Drill Bits, DSQ12B","DSQ12B 2"" #1 SQUARE DRIVE BIT",Diablo DSQ12B Drill Bits,"DSQ12B 2"" #1 Square Drive Bit",Diablo DSQ12B Drill Bits,,,,,,,,,,,,,,,,,,,,,,,,,,,Drill Bits,,,,,,,,,,,,,,,,,,,,,,,,,,,,,,,,,,,,,,,,,,,,,,,,,,,,,,,,,,,,,,,,,,,,,,,,,,,,,,,,,,,,,,,,,,,,,,,,,,,,,,,,,,,,,,,,,,,,,,,,,,,,,,,,,,,,,,,,,,,,,,,,,,,,,,,,,,,,,,,,,,,,,,,,,,,,,,,,,,,,,,,,,,,,,,,,,,,,,
,,,,,,DSQ22B,Power Tools,Drills & Drivers,Drill Bits,DSQ22B,DSQ22B,"DSQ22B 2"" #2 Square Drive Bit",-- Unbranded --,-- No Unilog Brand --,Diablo,Freud Inc (2435),Freud Inc,Diablo,,DSQ22B,,Power Tools>Drills & Drivers>Drill Bits,"Freud Inc Diablo, Drill Bits, DSQ22B","DSQ22B 2"" #2 SQUARE DRIVE BIT",Diablo DSQ22B Drill Bits,"DSQ22B 2"" #2 Square Drive Bit",Diablo DSQ22B Drill Bits,,,,,,,,,,,,,,,,,,,,,,,,,,,Drill Bits,,,,,,,,,,,,,,,,,,,,,,,,,,,,,,,,,,,,,,,,,,,,,,,,,,,,,,,,,,,,,,,,,,,,,,,,,,,,,,,,,,,,,,,,,,,,,,,,,,,,,,,,,,,,,,,,,,,,,,,,,,,,,,,,,,,,,,,,,,,,,,,,,,,,,,,,,,,,,,,,,,,,,,,,,,,,,,,,,,,,,,,,,,,,,,,,,,,,,
,,,,,,DSQ26B,Power Tools,Drills & Drivers,Drill Bits,DSQ26B,DSQ26B,"DSQ26B 6"" #2 Square Drive Bit",-- Unbranded --,-- No Unilog Brand --,Diablo,Freud Inc (2435),Freud Inc,Diablo,,DSQ26B,,Power Tools>Drills & Drivers>Drill Bits,"Freud Inc Diablo, Drill Bits, DSQ26B","DSQ26B 6"" #2 SQUARE DRIVE BIT",Diablo DSQ26B Drill Bits,"DSQ26B 6"" #2 Square Drive Bit",Diablo DSQ26B Drill Bits,,,,,,,,,,,,,,,,,,,,,,,,,,,Drill Bits,,,,,,,,,,,,,,,,,,,,,,,,,,,,,,,,,,,,,,,,,,,,,,,,,,,,,,,,,,,,,,,,,,,,,,,,,,,,,,,,,,,,,,,,,,,,,,,,,,,,,,,,,,,,,,,,,,,,,,,,,,,,,,,,,,,,,,,,,,,,,,,,,,,,,,,,,,,,,,,,,,,,,,,,,,,,,,,,,,,,,,,,,,,,,,,,,,,,,
,,,,,,DSQ32B,Power Tools,Drills & Drivers,Drill Bits,DSQ32B,DSQ32B,"DSQ32B 2"" #3 Square Drive Bit",-- Unbranded --,-- No Unilog Brand --,Diablo,Freud Inc (2435),Freud Inc,Diablo,,DSQ32B,,Power Tools>Drills & Drivers>Drill Bits,"Freud Inc Diablo, Drill Bits, DSQ32B","DSQ32B 2"" #3 SQUARE DRIVE BIT",Diablo DSQ32B Drill Bits,"DSQ32B 2"" #3 Square Drive Bit",Diablo DSQ32B Drill Bits,,,,,,,,,,,,,,,,,,,,,,,,,,,Drill Bits,,,,,,,,,,,,,,,,,,,,,,,,,,,,,,,,,,,,,,,,,,,,,,,,,,,,,,,,,,,,,,,,,,,,,,,,,,,,,,,,,,,,,,,,,,,,,,,,,,,,,,,,,,,,,,,,,,,,,,,,,,,,,,,,,,,,,,,,,,,,,,,,,,,,,,,,,,,,,,,,,,,,,,,,,,,,,,,,,,,,,,,,,,,,,,,,,,,,,
,,,,,,DT102B,Power Tools,Drills & Drivers,Drill Bits,DT102B,DT102B,"DT102B 2"" #10 Torx Drive Bit",-- Unbranded --,-- No Unilog Brand --,Diablo,Freud Inc (2435),Freud Inc,Diablo,,DT102B,,Power Tools>Drills & Drivers>Drill Bits,"Freud Inc Diablo, Drill Bits, DT102B","DT102B 2"" #10 TORX DRIVE BIT",Diablo DT102B Drill Bits,"DT102B 2"" #10 Torx Drive Bit",Diablo DT102B Drill Bits,,,,,,,,,,,,,,,,,,,,,,,,,,,Drill Bits,,,,,,,,,,,,,,,,,,,,,,,,,,,,,,,,,,,,,,,,,,,,,,,,,,,,,,,,,,,,,,,,,,,,,,,,,,,,,,,,,,,,,,,,,,,,,,,,,,,,,,,,,,,,,,,,,,,,,,,,,,,,,,,,,,,,,,,,,,,,,,,,,,,,,,,,,,,,,,,,,,,,,,,,,,,,,,,,,,,,,,,,,,,,,,,,,,,,,
,,,,,,DT152B,Power Tools,Drills & Drivers,Drill Bits,DT152B,DT152B,"DT152B 2"" #15 Torx Drive Bit",-- Unbranded --,-- No Unilog Brand --,Diablo,Freud Inc (2435),Freud Inc,Diablo,,DT152B,,Power Tools>Drills & Drivers>Drill Bits,"Freud Inc Diablo, Drill Bits, DT152B","DT152B 2"" #15 TORX DRIVE BIT",Diablo DT152B Drill Bits,"DT152B 2"" #15 Torx Drive Bit",Diablo DT152B Drill Bits,,,,,,,,,,,,,,,,,,,,,,,,,,,Drill Bits,,,,,,,,,,,,,,,,,,,,,,,,,,,,,,,,,,,,,,,,,,,,,,,,,,,,,,,,,,,,,,,,,,,,,,,,,,,,,,,,,,,,,,,,,,,,,,,,,,,,,,,,,,,,,,,,,,,,,,,,,,,,,,,,,,,,,,,,,,,,,,,,,,,,,,,,,,,,,,,,,,,,,,,,,,,,,,,,,,,,,,,,,,,,,,,,,,,,,
,,,,,,DT1535B,Power Tools,Drills & Drivers,Drill Bits,DT1535B,DT1535B,"DT1535B 3-1/2"" #15 Torx Drive - Bit",-- Unbranded --,-- No Unilog Brand --,Diablo,Freud Inc (2435),Freud Inc,Diablo,,DT1535B,,Power Tools>Drills & Drivers>Drill Bits,"Freud Inc Diablo, Drill Bits, DT1535B","DT1535B 3-1/2"" #15 TORX DRIVE - BIT",Diablo DT1535B Drill Bits,"DT1535B 3-1/2"" #15 Torx Drive - Bit",Diablo DT1535B Drill Bits,,,,,,,,,,,,,,,,,,,,,,,,,,,Drill Bits,,,,,,,,,,,,,,,,,,,,,,,,,,,,,,,,,,,,,,,,,,,,,,,,,,,,,,,,,,,,,,,,,,,,,,,,,,,,,,,,,,,,,,,,,,,,,,,,,,,,,,,,,,,,,,,,,,,,,,,,,,,,,,,,,,,,,,,,,,,,,,,,,,,,,,,,,,,,,,,,,,,,,,,,,,,,,,,,,,,,,,,,,,,,,,,,,,,,,
,,,,,,DT202B,Power Tools,Drills & Drivers,Drill Bits,DT202B,DT202B,"DT202B 2"" #20 Torx Drive Bit",-- Unbranded --,-- No Unilog Brand --,Diablo,Freud Inc (2435),Freud Inc,Diablo,,DT202B,,Power Tools>Drills & Drivers>Drill Bits,"Freud Inc Diablo, Drill Bits, DT202B","DT202B 2"" #20 TORX DRIVE BIT",Diablo DT202B Drill Bits,"DT202B 2"" #20 Torx Drive Bit",Diablo DT202B Drill Bits,,,,,,,,,,,,,,,,,,,,,,,,,,,Drill Bits,,,,,,,,,,,,,,,,,,,,,,,,,,,,,,,,,,,,,,,,,,,,,,,,,,,,,,,,,,,,,,,,,,,,,,,,,,,,,,,,,,,,,,,,,,,,,,,,,,,,,,,,,,,,,,,,,,,,,,,,,,,,,,,,,,,,,,,,,,,,,,,,,,,,,,,,,,,,,,,,,,,,,,,,,,,,,,,,,,,,,,,,,,,,,,,,,,,,,
,,,,,,DT2035B,Power Tools,Drills & Drivers,Drill Bits,DT2035B,DT2035B,"DT2035B 3-1/2"" #20 Torx Drive - Bit",-- Unbranded --,-- No Unilog Brand --,Diablo,Freud Inc (2435),Freud Inc,Diablo,,DT2035B,,Power Tools>Drills & Drivers>Drill Bits,"Freud Inc Diablo, Drill Bits, DT2035B","DT2035B 3-1/2"" #20 TORX DRIVE - BIT",Diablo DT2035B Drill Bits,"DT2035B 3-1/2"" #20 Torx Drive - Bit",Diablo DT2035B Drill Bits,,,,,,,,,,,,,,,,,,,,,,,,,,,Drill Bits,,,,,,,,,,,,,,,,,,,,,,,,,,,,,,,,,,,,,,,,,,,,,,,,,,,,,,,,,,,,,,,,,,,,,,,,,,,,,,,,,,,,,,,,,,,,,,,,,,,,,,,,,,,,,,,,,,,,,,,,,,,,,,,,,,,,,,,,,,,,,,,,,,,,,,,,,,,,,,,,,,,,,,,,,,,,,,,,,,,,,,,,,,,,,,,,,,,,,
,,,,,,DT206B,Power Tools,Drills & Drivers,Drill Bits,DT206B,DT206B,"DT206B 6"" #20 Torx Drive Bit",-- Unbranded --,-- No Unilog Brand --,Diablo,Freud Inc (2435),Freud Inc,Diablo,,DT206B,,Power Tools>Drills & Drivers>Drill Bits,"Freud Inc Diablo, Drill Bits, DT206B","DT206B 6"" #20 TORX DRIVE BIT",Diablo DT206B Drill Bits,"DT206B 6"" #20 Torx Drive Bit",Diablo DT206B Drill Bits,,,,,,,,,,,,,,,,,,,,,,,,,,,Drill Bits,,,,,,,,,,,,,,,,,,,,,,,,,,,,,,,,,,,,,,,,,,,,,,,,,,,,,,,,,,,,,,,,,,,,,,,,,,,,,,,,,,,,,,,,,,,,,,,,,,,,,,,,,,,,,,,,,,,,,,,,,,,,,,,,,,,,,,,,,,,,,,,,,,,,,,,,,,,,,,,,,,,,,,,,,,,,,,,,,,,,,,,,,,,,,,,,,,,,,
,,,,,,DT252B,Power Tools,Drills & Drivers,Drill Bits,DT252B,DT252B,"DT252B 2"" #25 Trox Drive Bit",-- Unbranded --,-- No Unilog Brand --,Diablo,Freud Inc (2435),Freud Inc,Diablo,,DT252B,,Power Tools>Drills & Drivers>Drill Bits,"Freud Inc Diablo, Drill Bits, DT252B","DT252B 2"" #25 TROX DRIVE BIT",Diablo DT252B Drill Bits,"DT252B 2"" #25 Trox Drive Bit",Diablo DT252B Drill Bits,,,,,,,,,,,,,,,,,,,,,,,,,,,Drill Bits,,,,,,,,,,,,,,,,,,,,,,,,,,,,,,,,,,,,,,,,,,,,,,,,,,,,,,,,,,,,,,,,,,,,,,,,,,,,,,,,,,,,,,,,,,,,,,,,,,,,,,,,,,,,,,,,,,,,,,,,,,,,,,,,,,,,,,,,,,,,,,,,,,,,,,,,,,,,,,,,,,,,,,,,,,,,,,,,,,,,,,,,,,,,,,,,,,,,,
,,,,,,DT2535B,Power Tools,Drills & Drivers,Drill Bits,DT2535B,DT2535B,"DT2535B 3-1/4"" #25 Torx Drive - Bit",-- Unbranded --,-- No Unilog Brand --,Diablo,Freud Inc (2435),Freud Inc,Diablo,,DT2535B,,Power Tools>Drills & Drivers>Drill Bits,"Freud Inc Diablo, Drill Bits, DT2535B","DT2535B 3-1/4"" #25 TORX DRIVE - BIT",Diablo DT2535B Drill Bits,"DT2535B 3-1/4"" #25 Torx Drive - Bit",Diablo DT2535B Drill Bits,,,,,,,,,,,,,,,,,,,,,,,,,,,Drill Bits,,,,,,,,,,,,,,,,,,,,,,,,,,,,,,,,,,,,,,,,,,,,,,,,,,,,,,,,,,,,,,,,,,,,,,,,,,,,,,,,,,,,,,,,,,,,,,,,,,,,,,,,,,,,,,,,,,,,,,,,,,,,,,,,,,,,,,,,,,,,,,,,,,,,,,,,,,,,,,,,,,,,,,,,,,,,,,,,,,,,,,,,,,,,,,,,,,,,,
,,,,,,DT256B,Power Tools,Drills & Drivers,Drill Bits,DT256B,DT256B,"DT256B 6"" #25 Torx Drive Bit",-- Unbranded --,-- No Unilog Brand --,Diablo,Freud Inc (2435),Freud Inc,Diablo,,DT256B,,Power Tools>Drills & Drivers>Drill Bits,"Freud Inc Diablo, Drill Bits, DT256B","DT256B 6"" #25 TORX DRIVE BIT",Diablo DT256B Drill Bits,"DT256B 6"" #25 Torx Drive Bit",Diablo DT256B Drill Bits,,,,,,,,,,,,,,,,,,,,,,,,,,,Drill Bits,,,,,,,,,,,,,,,,,,,,,,,,,,,,,,,,,,,,,,,,,,,,,,,,,,,,,,,,,,,,,,,,,,,,,,,,,,,,,,,,,,,,,,,,,,,,,,,,,,,,,,,,,,,,,,,,,,,,,,,,,,,,,,,,,,,,,,,,,,,,,,,,,,,,,,,,,,,,,,,,,,,,,,,,,,,,,,,,,,,,,,,,,,,,,,,,,,,,,
,,,,,,DT302B,Power Tools,Drills & Drivers,Drill Bits,DT302B,DT302B,"DT302B 2"" #30 Torx Drive Bit",-- Unbranded --,-- No Unilog Brand --,Diablo,Freud Inc (2435),Freud Inc,Diablo,,DT302B,,Power Tools>Drills & Drivers>Drill Bits,"Freud Inc Diablo, Drill Bits, DT302B","DT302B 2"" #30 TORX DRIVE BIT",Diablo DT302B Drill Bits,"DT302B 2"" #30 Torx Drive Bit",Diablo DT302B Drill Bits,,,,,,,,,,,,,,,,,,,,,,,,,,,Drill Bits,,,,,,,,,,,,,,,,,,,,,,,,,,,,,,,,,,,,,,,,,,,,,,,,,,,,,,,,,,,,,,,,,,,,,,,,,,,,,,,,,,,,,,,,,,,,,,,,,,,,,,,,,,,,,,,,,,,,,,,,,,,,,,,,,,,,,,,,,,,,,,,,,,,,,,,,,,,,,,,,,,,,,,,,,,,,,,,,,,,,,,,,,,,,,,,,,,,,,
,,,,,,DT402B,Power Tools,Drills & Drivers,Drill Bits,DT402B,DT402B,"DT402B 2"" #40 Torx Drive Bit",-- Unbranded --,-- No Unilog Brand --,Diablo,Freud Inc (2435),Freud Inc,Diablo,,DT402B,,Power Tools>Drills & Drivers>Drill Bits,"Freud Inc Diablo, Drill Bits, DT402B","DT402B 2"" #40 TORX DRIVE BIT",Diablo DT402B Drill Bits,"DT402B 2"" #40 Torx Drive Bit",Diablo DT402B Drill Bits,,,,,,,,,,,,,,,,,,,,,,,,,,,Drill Bits,,,,,,,,,,,,,,,,,,,,,,,,,,,,,,,,,,,,,,,,,,,,,,,,,,,,,,,,,,,,,,,,,,,,,,,,,,,,,,,,,,,,,,,,,,,,,,,,,,,,,,,,,,,,,,,,,,,,,,,,,,,,,,,,,,,,,,,,,,,,,,,,,,,,,,,,,,,,,,,,,,,,,,,,,,,,,,,,,,,,,,,,,,,,,,,,,,,,,
,,,,,,DDWSSB,Building Materials,Drywall,Gypsum Board,DDWSSB,DDWSSB,DDWSSB #2 Drywall Screw Setter,-- Unbranded --,-- No Unilog Brand --,Diablo,Freud Inc (2435),Freud Inc,Diablo,,DDWSSB,,Building Materials>Drywall>Gypsum Board,"Freud Inc Diablo, Gypsum Board, DDWSSB",DDWSSB #2 DRYWALL SCREW SETTER,Diablo DDWSSB Gypsum Board,DDWSSB #2 Drywall Screw Setter,Diablo DDWSSB Gypsum Board,,,,,,,,,,,,,,,,,,,,,,,,,,,Gypsum Board,,,,,,,,,,,,,,,,,,,,,,,,,,,,,,,,,,,,,,,,,,,,,,,,,,,,,,,,,,,,,,,,,,,,,,,,,,,,,,,,,,,,,,,,,,,,,,,,,,,,,,,,,,,,,,,,,,,,,,,,,,,,,,,,,,,,,,,,,,,,,,,,,,,,,,,,,,,,,,,,,,,,,,,,,,,,,,,,,,,,,,,,,,,,,,,,,,,,,
,,,,,,191V02-0,Routers & Router Bits,Router Bits,Straight Bits,191V02-0,191V02-0,191V02-0 Makita #2 Phillips Bit 5pk,-- Unbranded --,-- No Unilog Brand --,-- No DIB Brand --,Makita Usa Inc (5142),Makita U.S.A. Inc,Makita,,191V02-0,,Routers & Router Bits>Router Bits>Straight Bits,"Makita U.S.A. Inc Makita, Straight Bits, 191V02-0",191V02-0 MAKITA #2 PHILLIPS BIT 5PK,Makita 191V02-0 Straight Bits,191V02-0 Makita #2 Phillips Bit 5pk,Makita 191V02-0 Straight Bits,,,,,,,,,,,,,,,,,,,,,,,,,,,Straight Bits,Pack Quantity,5,,,,,,,,,,,,,,,,,,,,,,,,,,,,,,,,,,,,,,,,,,,,,,,,,,,,,,,,,,,,,,,,,,,,,,,,,,,,,,,,,,,,,,,,,,,,,,,,,,,,,,,,,,,,,,,,,,,,,,,,,,,,,,,,,,,,,,,,,,,,,,,,,,,,,,,,,,,,,,,,,,,,,,,,,,,,,,,,,,,,,,,,,,,,,,,,,,,
,,,,,,XTS02Z,Power Tools,Fastening Tools,Nail Guns & Nailers,XTS02Z,XTS02Z,"XTS02Z Makita 18V 1/4"" Narrow Crown Stapler 18GA",-- Unbranded --,-- No Unilog Brand --,-- No DIB Brand --,Makita Usa Inc (5142),Makita U.S.A. Inc,Makita,,XTS02Z,,Power Tools>Fastening Tools>Nail Guns & Nailers,"Makita U.S.A. Inc Makita, Nail Guns & Nailers, XTS02Z","XTS02Z MAKITA 18V 1/4"" NARROW CROWN STAPLER 18GA",Makita XTS02Z Nail Guns & Nailers,"XTS02Z Makita 18V 1/4"" Narrow Crown Stapler 18GA",Makita XTS02Z Nail Guns & Nailers,,,,,,,,,,,,,,,,,,,,,,,,,,,Nail Guns & Nailers,,,,,,,,,,,,,,,,,,,,,,,,,,,,,,,,,,,,,,,,,,,,,,,,,,,,,,,,,,,,,,,,,,,,,,,,,,,,,,,,,,,,,,,,,,,,,,,,,,,,,,,,,,,,,,,,,,,,,,,,,,,,,,,,,,,,,,,,,,,,,,,,,,,,,,,,,,,,,,,,,,,,,,,,,,,,,,,,,,,,,,,,,,,,,,,,,,,,,
,,,,,,DCF809D1,Hand Tools,Screwdrivers,Precision Screwdrivers,DCF809D1,DCF809D1,"DCF809D1 Dewalt Atomic 20V 1/4"" Impact Driver Kit",-- Unbranded --,-- No Unilog Brand --,DEWALT,Black & Decker/dewlt (2585),Stanley Black & Decker,DeWalt,,DCF809D1,,Hand Tools>Screwdrivers>Precision Screwdrivers,"Stanley Black & Decker DeWalt, Precision Screwdrivers, DCF809D1","DCF809D1 DEWALT ATOMIC 20V 1/4"" IMPACT DRIVER KIT",DeWalt DCF809D1 Precision Screwdrivers,"DCF809D1 Dewalt Atomic 20V 1/4"" Impact Driver Kit",DeWalt DCF809D1 Precision Screwdrivers,,,,,,,,,,,,,,,,,,,,,,,,,,,Precision Screwdrivers,,,,,,,,,,,,,,,,,,,,,,,,,,,,,,,,,,,,,,,,,,,,,,,,,,,,,,,,,,,,,,,,,,,,,,,,,,,,,,,,,,,,,,,,,,,,,,,,,,,,,,,,,,,,,,,,,,,,,,,,,,,,,,,,,,,,,,,,,,,,,,,,,,,,,,,,,,,,,,,,,,,,,,,,,,,,,,,,,,,,,,,,,,,,,,,,,,,,,
,,,,,,2761-20,Hand Tools,Screwdrivers,Precision Screwdrivers,2761-20,2761-20,"2761-20 Milw M18 1/4"" Hex Hydraulic Driver",-- Unbranded --,-- No Unilog Brand --,-- No DIB Brand --,Milwaukee Accessory (4031),Milwaukee Electric Tool,Milwaukee,,2761-20,,Hand Tools>Screwdrivers>Precision Screwdrivers,"Milwaukee Electric Tool Milwaukee, Precision Screwdrivers, 2761-20","2761-20 MILW M18 1/4"" HEX HYDRAULIC DRIVER",Milwaukee 2761-20 Precision Screwdrivers,"2761-20 Milw M18 1/4"" Hex Hydraulic Driver",Milwaukee 2761-20 Precision Screwdrivers,,,,,,,,,,,,,,,,,,,,,,,,,,,Precision Screwdrivers,,,,,,,,,,,,,,,,,,,,,,,,,,,,,,,,,,,,,,,,,,,,,,,,,,,,,,,,,,,,,,,,,,,,,,,,,,,,,,,,,,,,,,,,,,,,,,,,,,,,,,,,,,,,,,,,,,,,,,,,,,,,,,,,,,,,,,,,,,,,,,,,,,,,,,,,,,,,,,,,,,,,,,,,,,,,,,,,,,,,,,,,,,,,,,,,,,,,,
,,,,,,2761-22,Appliances & Consumer Electronics,Kitchen Appliances,Built-In Dishwashers,2761-22,2761-22,2761-22 Milw M18 Surge Kit,-- Unbranded --,-- No Unilog Brand --,-- No DIB Brand --,Milwaukee Accessory (4031),Milwaukee Electric Tool,Milwaukee,,2761-22,,Appliances & Consumer Electronics>Kitchen Appliances>Built-In Dishwashers,"Milwaukee Electric Tool Milwaukee, Built-In Dishwashers, 2761-22",2761-22 MILW M18 SURGE KIT,Milwaukee 2761-22 Built-In Dishwashers,2761-22 Milw M18 Surge Kit,Milwaukee 2761-22 Built-In Dishwashers,,,,,,,,,,,,,,,,,,,,,,,,,,,Built-In Dishwashers,,,,,,,,,,,,,,,,,,,,,,,,,,,,,,,,,,,,,,,,,,,,,,,,,,,,,,,,,,,,,,,,,,,,,,,,,,,,,,,,,,,,,,,,,,,,,,,,,,,,,,,,,,,,,,,,,,,,,,,,,,,,,,,,,,,,,,,,,,,,,,,,,,,,,,,,,,,,,,,,,,,,,,,,,,,,,,,,,,,,,,,,,,,,,,,,,,,,,
,,,,,,3450-20,Hand Tools,Screwdrivers,Precision Screwdrivers,3450-20,3450-20,3450-20 Milw M12 Impact Driver - Brushless Compact (Bare),-- Unbranded --,-- No Unilog Brand --,-- No DIB Brand --,Milwaukee Accessory (4031),Milwaukee Electric Tool,Milwaukee,,3450-20,,Hand Tools>Screwdrivers>Precision Screwdrivers,"Milwaukee Electric Tool Milwaukee, Precision Screwdrivers, 3450-20",3450-20 MILW M12 IMPACT DRIVER - BRUSHLESS COMPACT (BARE),Milwaukee 3450-20 Precision Screwdrivers,3450-20 Milw M12 Impact Driver - Brushless Compact (Bare),Milwaukee 3450-20 Precision Screwdrivers,,,,,,,,,,,,,,,,,,,,,,,,,,,Precision Screwdrivers,,,,,,,,,,,,,,,,,,,,,,,,,,,,,,,,,,,,,,,,,,,,,,,,,,,,,,,,,,,,,,,,,,,,,,,,,,,,,,,,,,,,,,,,,,,,,,,,,,,,,,,,,,,,,,,,,,,,,,,,,,,,,,,,,,,,,,,,,,,,,,,,,,,,,,,,,,,,,,,,,,,,,,,,,,,,,,,,,,,,,,,,,,,,,,,,,,,,,
,,,,,,KPTDV025A,Hand Tools,Screwdrivers,Precision Screwdrivers,KPTDV025A,KPTDV025A,KPTDV025A Kreg 20V Ionic Compact Impact Driver,-- Unbranded --,-- No Unilog Brand --,-- No DIB Brand --,Kreg Tool Company (KRETO),Kreg Tool Company,Kreg,,KPTDV025A,,Hand Tools>Screwdrivers>Precision Screwdrivers,"Kreg Tool Company Kreg, Precision Screwdrivers, KPTDV025A",KPTDV025A KREG 20V IONIC COMPACT IMPACT DRIVER,Kreg KPTDV025A Precision Screwdrivers,KPTDV025A Kreg 20V Ionic Compact Impact Driver,Kreg KPTDV025A Precision Screwdrivers,,,,,,,,,,,,,,,,,,,,,,,,,,,Precision Screwdrivers,,,,,,,,,,,,,,,,,,,,,,,,,,,,,,,,,,,,,,,,,,,,,,,,,,,,,,,,,,,,,,,,,,,,,,,,,,,,,,,,,,,,,,,,,,,,,,,,,,,,,,,,,,,,,,,,,,,,,,,,,,,,,,,,,,,,,,,,,,,,,,,,,,,,,,,,,,,,,,,,,,,,,,,,,,,,,,,,,,,,,,,,,,,,,,,,,,,,,
,,,,,,3048-20,Lighting & Electrical,Wiring Devices,Outlets & Receptacles,3048-20,3048-20,"3048-20 Milw M12 1/4"" Impact Wrench w/Friction Ring",-- Unbranded --,-- No Unilog Brand --,-- No DIB Brand --,Milwaukee Accessory (4031),Milwaukee Electric Tool,Milwaukee,,3048-20,,Lighting & Electrical>Wiring Devices>Outlets & Receptacles,"Milwaukee Electric Tool Milwaukee, Outlets & Receptacles, 3048-20","3048-20 MILW M12 1/4"" IMPACT WRENCH W/FRICTION RING",Milwaukee 3048-20 Outlets & Receptacles,"3048-20 Milw M12 1/4"" Impact Wrench w/Friction Ring",Milwaukee 3048-20 Outlets & Receptacles,,,,,,,,,,,,,,,,,,,,,,,,,,,Outlets & Receptacles,,,,,,,,,,,,,,,,,,,,,,,,,,,,,,,,,,,,,,,,,,,,,,,,,,,,,,,,,,,,,,,,,,,,,,,,,,,,,,,,,,,,,,,,,,,,,,,,,,,,,,,,,,,,,,,,,,,,,,,,,,,,,,,,,,,,,,,,,,,,,,,,,,,,,,,,,,,,,,,,,,,,,,,,,,,,,,,,,,,,,,,,,,,,,,,,,,,,,
,,,,,,3049-20,Lighting & Electrical,Wiring Devices,Outlets & Receptacles,3049-20,3049-20,"3049-20 Milw M12 3/8"" Impact Wrench w/Friction Ring",-- Unbranded --,-- No Unilog Brand --,-- No DIB Brand --,Milwaukee Accessory (4031),Milwaukee Electric Tool,Milwaukee,,3049-20,,Lighting & Electrical>Wiring Devices>Outlets & Receptacles,"Milwaukee Electric Tool Milwaukee, Outlets & Receptacles, 3049-20","3049-20 MILW M12 3/8"" IMPACT WRENCH W/FRICTION RING",Milwaukee 3049-20 Outlets & Receptacles,"3049-20 Milw M12 3/8"" Impact Wrench w/Friction Ring",Milwaukee 3049-20 Outlets & Receptacles,,,,,,,,,,,,,,,,,,,,,,,,,,,Outlets & Receptacles,,,,,,,,,,,,,,,,,,,,,,,,,,,,,,,,,,,,,,,,,,,,,,,,,,,,,,,,,,,,,,,,,,,,,,,,,,,,,,,,,,,,,,,,,,,,,,,,,,,,,,,,,,,,,,,,,,,,,,,,,,,,,,,,,,,,,,,,,,,,,,,,,,,,,,,,,,,,,,,,,,,,,,,,,,,,,,,,,,,,,,,,,,,,,,,,,,,,,
,,,,,,2563-20,,,,2563-20,2563-20,"2563-20 Milw M12 Stubby 1/2"" Impact Wrench",-- Unbranded --,-- No Unilog Brand --,-- No DIB Brand --,Milwaukee Accessory (4031),Milwaukee Electric Tool,Milwaukee,,2563-20,,,"Milwaukee Electric Tool Milwaukee, Hardware & Tools, 2563-20","2563-20 MILW M12 STUBBY 1/2"" IMPACT WRENCH",Milwaukee 2563-20 Hardware & Tools,"2563-20 Milw M12 Stubby 1/2"" Impact Wrench",Milwaukee 2563-20 Hardware & Tools,,,,,,,,,,,,,,,,,,,,,,,,,,,Hardware & Tools,,,,,,,,,,,,,,,,,,,,,,,,,,,,,,,,,,,,,,,,,,,,,,,,,,,,,,,,,,,,,,,,,,,,,,,,,,,,,,,,,,,,,,,,,,,,,,,,,,,,,,,,,,,,,,,,,,,,,,,,,,,,,,,,,,,,,,,,,,,,,,,,,,,,,,,,,,,,,,,,,,,,,,,,,,,,,,,,,,,,,,,,,,,,,,,,,,,,,
,,,,,,DCF961B,Hand Tools,Marking & Layout,Marking Tools,DCF961B,DCF961B,"Dewalt DCF961B 20V 1/2"" Impact - Bare Tool",-- Unbranded --,-- No Unilog Brand --,DEWALT,Black & Decker/dewlt (2585),Stanley Black & Decker,DeWalt,,DCF961B,,Hand Tools>Marking & Layout>Marking Tools,"Stanley Black & Decker DeWalt, Marking Tools, DCF961B","DEWALT DCF961B 20V 1/2"" IMPACT - BARE TOOL",DeWalt DCF961B Marking Tools,"Dewalt DCF961B 20V 1/2"" Impact - Bare Tool",DeWalt DCF961B Marking Tools,,,,,,,,,,,,,,,,,,,,,,,,,,,Marking Tools,,,,,,,,,,,,,,,,,,,,,,,,,,,,,,,,,,,,,,,,,,,,,,,,,,,,,,,,,,,,,,,,,,,,,,,,,,,,,,,,,,,,,,,,,,,,,,,,,,,,,,,,,,,,,,,,,,,,,,,,,,,,,,,,,,,,,,,,,,,,,,,,,,,,,,,,,,,,,,,,,,,,,,,,,,,,,,,,,,,,,,,,,,,,,,,,,,,,,
,,,,,,DCF964B,,,,DCF964B,DCF964B,"DCF964B Dewalt 20V 3/4"" Impact - Wrench (Bare)",-- Unbranded --,-- No Unilog Brand --,DEWALT,Black & Decker/dewlt (2585),Stanley Black & Decker,DeWalt,,DCF964B,,,"Stanley Black & Decker DeWalt, Hardware & Tools, DCF964B","DCF964B DEWALT 20V 3/4"" IMPACT - WRENCH (BARE)",DeWalt DCF964B Hardware & Tools,"DCF964B Dewalt 20V 3/4"" Impact - Wrench (Bare)",DeWalt DCF964B Hardware & Tools,,,,,,,,,,,,,,,,,,,,,,,,,,,Hardware & Tools,,,,,,,,,,,,,,,,,,,,,,,,,,,,,,,,,,,,,,,,,,,,,,,,,,,,,,,,,,,,,,,,,,,,,,,,,,,,,,,,,,,,,,,,,,,,,,,,,,,,,,,,,,,,,,,,,,,,,,,,,,,,,,,,,,,,,,,,,,,,,,,,,,,,,,,,,,,,,,,,,,,,,,,,,,,,,,,,,,,,,,,,,,,,,,,,,,,,,
,,,,,,2563P-20,,,,2563P-20,2563P-20,"2563P-20 Milw M12 1/2"" Stubby - Impact Wrench w/Pin Detent",-- Unbranded --,-- No Unilog Brand --,-- No DIB Brand --,Milwaukee Accessory (4031),Milwaukee Electric Tool,Milwaukee,,2563P-20,,,"Milwaukee Electric Tool Milwaukee, Hardware & Tools, 2563P-20","2563P-20 MILW M12 1/2"" STUBBY - IMPACT WRENCH W/PIN DETENT",Milwaukee 2563P-20 Hardware & Tools,"2563P-20 Milw M12 1/2"" Stubby - Impact Wrench w/Pin Detent",Milwaukee 2563P-20 Hardware & Tools,,,,,,,,,,,,,,,,,,,,,,,,,,,Hardware & Tools,,,,,,,,,,,,,,,,,,,,,,,,,,,,,,,,,,,,,,,,,,,,,,,,,,,,,,,,,,,,,,,,,,,,,,,,,,,,,,,,,,,,,,,,,,,,,,,,,,,,,,,,,,,,,,,,,,,,,,,,,,,,,,,,,,,,,,,,,,,,,,,,,,,,,,,,,,,,,,,,,,,,,,,,,,,,,,,,,,,,,,,,,,,,,,,,,,,,,
,,,,,,DCF921P2,,,,DCF921P2,DCF921P2,DCF921P2 Dewalt 20V 1/2 Impact,-- Unbranded --,-- No Unilog Brand --,-- No DIB Brand --,Black & Decker/dewlt (2585),Stanley Black & Decker,DeWalt,,DCF921P2,,,"Stanley Black & Decker DeWalt, Hardware & Tools, DCF921P2",DCF921P2 DEWALT 20V 1/2 IMPACT,DeWalt DCF921P2 Hardware & Tools,DCF921P2 Dewalt 20V 1/2 Impact,DeWalt DCF921P2 Hardware & Tools,,,,,,,,,,,,,,,,,,,,,,,,,,,Hardware & Tools,,,,,,,,,,,,,,,,,,,,,,,,,,,,,,,,,,,,,,,,,,,,,,,,,,,,,,,,,,,,,,,,,,,,,,,,,,,,,,,,,,,,,,,,,,,,,,,,,,,,,,,,,,,,,,,,,,,,,,,,,,,,,,,,,,,,,,,,,,,,,,,,,,,,,,,,,,,,,,,,,,,,,,,,,,,,,,,,,,,,,,,,,,,,,,,,,,,,,
,,,,,,XLT03Z,Power Tools,Grinders & Cutters,Angle Grinders,XLT03Z,XLT03Z,"XLT03Z Makita 3/8"" 18V Angle Impact",-- Unbranded --,-- No Unilog Brand --,-- No DIB Brand --,Makita Usa Inc (5142),Makita U.S.A. Inc,Makita,,XLT03Z,,Power Tools>Grinders & Cutters>Angle Grinders,"Makita U.S.A. Inc Makita, Angle Grinders, XLT03Z","XLT03Z MAKITA 3/8"" 18V ANGLE IMPACT",Makita XLT03Z Angle Grinders,"XLT03Z Makita 3/8"" 18V Angle Impact",Makita XLT03Z Angle Grinders,,,,,,,,,,,,,,,,,,,,,,,,,,,Angle Grinders,,,,,,,,,,,,,,,,,,,,,,,,,,,,,,,,,,,,,,,,,,,,,,,,,,,,,,,,,,,,,,,,,,,,,,,,,,,,,,,,,,,,,,,,,,,,,,,,,,,,,,,,,,,,,,,,,,,,,,,,,,,,,,,,,,,,,,,,,,,,,,,,,,,,,,,,,,,,,,,,,,,,,,,,,,,,,,,,,,,,,,,,,,,,,,,,,,,,,
,,,,,,XLT04Z,Power Tools,Grinders & Cutters,Angle Grinders,XLT04Z,XLT04Z,"XLT04Z Makita 1/4"" 18V Angle Impact",-- Unbranded --,-- No Unilog Brand --,-- No DIB Brand --,Makita Usa Inc (5142),Makita U.S.A. Inc,Makita,,XLT04Z,,Power Tools>Grinders & Cutters>Angle Grinders,"Makita U.S.A. Inc Makita, Angle Grinders, XLT04Z","XLT04Z MAKITA 1/4"" 18V ANGLE IMPACT",Makita XLT04Z Angle Grinders,"XLT04Z Makita 1/4"" 18V Angle Impact",Makita XLT04Z Angle Grinders,,,,,,,,,,,,,,,,,,,,,,,,,,,Angle Grinders,,,,,,,,,,,,,,,,,,,,,,,,,,,,,,,,,,,,,,,,,,,,,,,,,,,,,,,,,,,,,,,,,,,,,,,,,,,,,,,,,,,,,,,,,,,,,,,,,,,,,,,,,,,,,,,,,,,,,,,,,,,,,,,,,,,,,,,,,,,,,,,,,,,,,,,,,,,,,,,,,,,,,,,,,,,,,,,,,,,,,,,,,,,,,,,,,,,,,
,,,,,,XLT05Z,Power Tools,Grinders & Cutters,Angle Grinders,XLT05Z,XLT05Z,"XLT05Z Makita 1/2"" 18V Angle Impact",-- Unbranded --,-- No Unilog Brand --,-- No DIB Brand --,Makita Usa Inc (5142),Makita U.S.A. Inc,Makita,,XLT05Z,,Power Tools>Grinders & Cutters>Angle Grinders,"Makita U.S.A. Inc Makita, Angle Grinders, XLT05Z","XLT05Z MAKITA 1/2"" 18V ANGLE IMPACT",Makita XLT05Z Angle Grinders,"XLT05Z Makita 1/2"" 18V Angle Impact",Makita XLT05Z Angle Grinders,,,,,,,,,,,,,,,,,,,,,,,,,,,Angle Grinders,,,,,,,,,,,,,,,,,,,,,,,,,,,,,,,,,,,,,,,,,,,,,,,,,,,,,,,,,,,,,,,,,,,,,,,,,,,,,,,,,,,,,,,,,,,,,,,,,,,,,,,,,,,,,,,,,,,,,,,,,,,,,,,,,,,,,,,,,,,,,,,,,,,,,,,,,,,,,,,,,,,,,,,,,,,,,,,,,,,,,,,,,,,,,,,,,,,,,
,,,,,,DCF510B,,,,DCF510B,DCF510B,Dewalt DCF510B 20V Rachet - Interchangeable Anvil,-- Unbranded --,-- No Unilog Brand --,DEWALT,Black & Decker/dewlt (2585),Stanley Black & Decker,DeWalt,,DCF510B,,,"Stanley Black & Decker DeWalt, Hardware & Tools, DCF510B",DEWALT DCF510B 20V RACHET - INTERCHANGEABLE ANVIL,DeWalt DCF510B Hardware & Tools,Dewalt DCF510B 20V Rachet - Interchangeable Anvil,DeWalt DCF510B Hardware & Tools,,,,,,,,,,,,,,,,,,,,,,,,,,,Hardware & Tools,,,,,,,,,,,,,,,,,,,,,,,,,,,,,,,,,,,,,,,,,,,,,,,,,,,,,,,,,,,,,,,,,,,,,,,,,,,,,,,,,,,,,,,,,,,,,,,,,,,,,,,,,,,,,,,,,,,,,,,,,,,,,,,,,,,,,,,,,,,,,,,,,,,,,,,,,,,,,,,,,,,,,,,,,,,,,,,,,,,,,,,,,,,,,,,,,,,,,
,,,,,,3052-20,,,,3052-20,3052-20,"3052-20 Milw M12 Fuel 1/4"" Rachet",-- Unbranded --,-- No Unilog Brand --,-- No DIB Brand --,Milwaukee Accessory (4031),Milwaukee Electric Tool,Milwaukee,,3052-20,,,"Milwaukee Electric Tool Milwaukee, Hardware & Tools, 3052-20","3052-20 MILW M12 FUEL 1/4"" RACHET",Milwaukee 3052-20 Hardware & Tools,"3052-20 Milw M12 Fuel 1/4"" Rachet",Milwaukee 3052-20 Hardware & Tools,,,,,,,,,,,,,,,,,,,,,,,,,,,Hardware & Tools,,,,,,,,,,,,,,,,,,,,,,,,,,,,,,,,,,,,,,,,,,,,,,,,,,,,,,,,,,,,,,,,,,,,,,,,,,,,,,,,,,,,,,,,,,,,,,,,,,,,,,,,,,,,,,,,,,,,,,,,,,,,,,,,,,,,,,,,,,,,,,,,,,,,,,,,,,,,,,,,,,,,,,,,,,,,,,,,,,,,,,,,,,,,,,,,,,,,,
,,,,,,3054-20,,,,3054-20,3054-20,"3054-20 Milw M12 1/2"" Ratchet (Bare)",-- Unbranded --,-- No Unilog Brand --,-- No DIB Brand --,Milwaukee Accessory (4031),Milwaukee Electric Tool,Milwaukee,,3054-20,,,"Milwaukee Electric Tool Milwaukee, Hardware & Tools, 3054-20","3054-20 MILW M12 1/2"" RATCHET (BARE)",Milwaukee 3054-20 Hardware & Tools,"3054-20 Milw M12 1/2"" Ratchet (Bare)",Milwaukee 3054-20 Hardware & Tools,,,,,,,,,,,,,,,,,,,,,,,,,,,Hardware & Tools,,,,,,,,,,,,,,,,,,,,,,,,,,,,,,,,,,,,,,,,,,,,,,,,,,,,,,,,,,,,,,,,,,,,,,,,,,,,,,,,,,,,,,,,,,,,,,,,,,,,,,,,,,,,,,,,,,,,,,,,,,,,,,,,,,,,,,,,,,,,,,,,,,,,,,,,,,,,,,,,,,,,,,,,,,,,,,,,,,,,,,,,,,,,,,,,,,,,,
,,,,,,DCF513EB,,,,DCF513EB,DCF513EB,"DCF513EB Dewalt 3/8"" Open Head Rachet",-- Unbranded --,-- No Unilog Brand --,-- No DIB Brand --,Black & Decker/dewlt (2585),Stanley Black & Decker,DeWalt,,DCF513EB,,,"Stanley Black & Decker DeWalt, Hardware & Tools, DCF513EB","DCF513EB DEWALT 3/8"" OPEN HEAD RACHET",DeWalt DCF513EB Hardware & Tools,"DCF513EB Dewalt 3/8"" Open Head Rachet",DeWalt DCF513EB Hardware & Tools,,,,,,,,,,,,,,,,,,,,,,,,,,,Hardware & Tools,,,,,,,,,,,,,,,,,,,,,,,,,,,,,,,,,,,,,,,,,,,,,,,,,,,,,,,,,,,,,,,,,,,,,,,,,,,,,,,,,,,,,,,,,,,,,,,,,,,,,,,,,,,,,,,,,,,,,,,,,,,,,,,,,,,,,,,,,,,,,,,,,,,,,,,,,,,,,,,,,,,,,,,,,,,,,,,,,,,,,,,,,,,,,,,,,,,,,
,,,,,,XVP01Z,Power Tools,Sanders,Random Orbital Sanders,XVP01Z,XVP01Z,"XVP01Z Makita 18V 3"" Polisher/ 2"" Sander",-- Unbranded --,-- No Unilog Brand --,-- No DIB Brand --,Makita Usa Inc (5142),Makita U.S.A. Inc,Makita,,XVP01Z,,Power Tools>Sanders>Random Orbital Sanders,"Makita U.S.A. Inc Makita, Random Orbital Sanders, XVP01Z","XVP01Z MAKITA 18V 3"" POLISHER/ 2"" SANDER",Makita XVP01Z Random Orbital Sanders,"XVP01Z Makita 18V 3"" Polisher/ 2"" Sander",Makita XVP01Z Random Orbital Sanders,,,,,,,,,,,,,,,,,,,,,,,,,,,Random Orbital Sanders,,,,,,,,,,,,,,,,,,,,,,,,,,,,,,,,,,,,,,,,,,,,,,,,,,,,,,,,,,,,,,,,,,,,,,,,,,,,,,,,,,,,,,,,,,,,,,,,,,,,,,,,,,,,,,,,,,,,,,,,,,,,,,,,,,,,,,,,,,,,,,,,,,,,,,,,,,,,,,,,,,,,,,,,,,,,,,,,,,,,,,,,,,,,,,,,,,,,,
,,,,,,DCM200B,Power Tools,Saws,Band Saws,DCM200B,DCM200B,DCM200B Dewalt 1/2in x 18in - Band File,-- Unbranded --,-- No Unilog Brand --,DEWALT,Black & Decker/dewlt (2585),Stanley Black & Decker,DeWalt,,DCM200B,,Power Tools>Saws>Band Saws,"Stanley Black & Decker DeWalt, Band Saws, DCM200B",DCM200B DEWALT 1/2IN X 18IN - BAND FILE,DeWalt DCM200B Band Saws,DCM200B Dewalt 1/2in x 18in - Band File,DeWalt DCM200B Band Saws,,,,,,,,,,,,,,,,,,,,,,,,,,,Band Saws,,,,,,,,,,,,,,,,,,,,,,,,,,,,,,,,,,,,,,,,,,,,,,,,,,,,,,,,,,,,,,,,,,,,,,,,,,,,,,,,,,,,,,,,,,,,,,,,,,,,,,,,,,,,,,,,,,,,,,,,,,,,,,,,,,,,,,,,,,,,,,,,,,,,,,,,,,,,,,,,,,,,,,,,,,,,,,,,,,,,,,,,,,,,,,,,,,,,,
,,,,,,DCG410B,Power Tools,Grinders & Cutters,Angle Grinders,DCG410B,DCG410B,"DCG410B Dewalt 20V 4-1/2""-5"" - Angle Grinder (Bare)",-- Unbranded --,-- No Unilog Brand --,DEWALT,Black & Decker/dewlt (2585),Stanley Black & Decker,DeWalt,,DCG410B,,Power Tools>Grinders & Cutters>Angle Grinders,"Stanley Black & Decker DeWalt, Angle Grinders, DCG410B","DCG410B DEWALT 20V 4-1/2""-5"" - ANGLE GRINDER (BARE)",DeWalt DCG410B Angle Grinders,"DCG410B Dewalt 20V 4-1/2""-5"" - Angle Grinder (Bare)",DeWalt DCG410B Angle Grinders,,,,,,,,,,,,,,,,,,,,,,,,,,,Angle Grinders,,,,,,,,,,,,,,,,,,,,,,,,,,,,,,,,,,,,,,,,,,,,,,,,,,,,,,,,,,,,,,,,,,,,,,,,,,,,,,,,,,,,,,,,,,,,,,,,,,,,,,,,,,,,,,,,,,,,,,,,,,,,,,,,,,,,,,,,,,,,,,,,,,,,,,,,,,,,,,,,,,,,,,,,,,,,,,,,,,,,,,,,,,,,,,,,,,,,,
,,,,,,DCG460B,Power Tools,Grinders & Cutters,Angle Grinders,DCG460B,DCG460B,"DCG460B Dewalt 60V Grinder - 7-9""",-- Unbranded --,-- No Unilog Brand --,DEWALT,Black & Decker/dewlt (2585),Stanley Black & Decker,DeWalt,,DCG460B,,Power Tools>Grinders & Cutters>Angle Grinders,"Stanley Black & Decker DeWalt, Angle Grinders, DCG460B","DCG460B DEWALT 60V GRINDER - 7-9""",DeWalt DCG460B Angle Grinders,"DCG460B Dewalt 60V Grinder - 7-9""",DeWalt DCG460B Angle Grinders,,,,,,,,,,,,,,,,,,,,,,,,,,,Angle Grinders,,,,,,,,,,,,,,,,,,,,,,,,,,,,,,,,,,,,,,,,,,,,,,,,,,,,,,,,,,,,,,,,,,,,,,,,,,,,,,,,,,,,,,,,,,,,,,,,,,,,,,,,,,,,,,,,,,,,,,,,,,,,,,,,,,,,,,,,,,,,,,,,,,,,,,,,,,,,,,,,,,,,,,,,,,,,,,,,,,,,,,,,,,,,,,,,,,,,,
,,,,,,DCG402B,Power Tools,Grinders & Cutters,Angle Grinders,DCG402B,DCG402B,"DCG402B Dewalt 20V 4.5"" Angle Grinder (Bare)",-- Unbranded --,-- No Unilog Brand --,-- No DIB Brand --,Black & Decker/dewlt (2585),Stanley Black & Decker,DeWalt,,DCG402B,,Power Tools>Grinders & Cutters>Angle Grinders,"Stanley Black & Decker DeWalt, Angle Grinders, DCG402B","DCG402B DEWALT 20V 4.5"" ANGLE GRINDER (BARE)",DeWalt DCG402B Angle Grinders,"DCG402B Dewalt 20V 4.5"" Angle Grinder (Bare)",DeWalt DCG402B Angle Grinders,,,,,,,,,,,,,,,,,,,,,,,,,,,Angle Grinders,,,,,,,,,,,,,,,,,,,,,,,,,,,,,,,,,,,,,,,,,,,,,,,,,,,,,,,,,,,,,,,,,,,,,,,,,,,,,,,,,,,,,,,,,,,,,,,,,,,,,,,,,,,,,,,,,,,,,,,,,,,,,,,,,,,,,,,,,,,,,,,,,,,,,,,,,,,,,,,,,,,,,,,,,,,,,,,,,,,,,,,,,,,,,,,,,,,,,
,,,,,,3485-20,Power Tools,Grinders & Cutters,Angle Grinders,3485-20,3485-20,"3485-20 Milw M12 1/4"" Right Angle Die Grinder",-- Unbranded --,-- No Unilog Brand --,-- No DIB Brand --,Milwaukee Accessory (4031),Milwaukee Electric Tool,Milwaukee,,3485-20,,Power Tools>Grinders & Cutters>Angle Grinders,"Milwaukee Electric Tool Milwaukee, Angle Grinders, 3485-20","3485-20 MILW M12 1/4"" RIGHT ANGLE DIE GRINDER",Milwaukee 3485-20 Angle Grinders,"3485-20 Milw M12 1/4"" Right Angle Die Grinder",Milwaukee 3485-20 Angle Grinders,,,,,,,,,,,,,,,,,,,,,,,,,,,Angle Grinders,,,,,,,,,,,,,,,,,,,,,,,,,,,,,,,,,,,,,,,,,,,,,,,,,,,,,,,,,,,,,,,,,,,,,,,,,,,,,,,,,,,,,,,,,,,,,,,,,,,,,,,,,,,,,,,,,,,,,,,,,,,,,,,,,,,,,,,,,,,,,,,,,,,,,,,,,,,,,,,,,,,,,,,,,,,,,,,,,,,,,,,,,,,,,,,,,,,,,
,,,,,,DCG420B,Power Tools,Grinders & Cutters,Angle Grinders,DCG420B,DCG420B,DCG420B Dewalt 20V Die Grinder (Bare),-- Unbranded --,-- No Unilog Brand --,-- No DIB Brand --,Black & Decker/dewlt (2585),Stanley Black & Decker,DeWalt,,DCG420B,,Power Tools>Grinders & Cutters>Angle Grinders,"Stanley Black & Decker DeWalt, Angle Grinders, DCG420B",DCG420B DEWALT 20V DIE GRINDER (BARE),DeWalt DCG420B Angle Grinders,DCG420B Dewalt 20V Die Grinder (Bare),DeWalt DCG420B Angle Grinders,,,,,,,,,,,,,,,,,,,,,,,,,,,Angle Grinders,,,,,,,,,,,,,,,,,,,,,,,,,,,,,,,,,,,,,,,,,,,,,,,,,,,,,,,,,,,,,,,,,,,,,,,,,,,,,,,,,,,,,,,,,,,,,,,,,,,,,,,,,,,,,,,,,,,,,,,,,,,,,,,,,,,,,,,,,,,,,,,,,,,,,,,,,,,,,,,,,,,,,,,,,,,,,,,,,,,,,,,,,,,,,,,,,,,,,
,,,,,,DCG422B,Power Tools,Grinders & Cutters,Angle Grinders,DCG422B,DCG422B,DCG422B Dewalt 20V Right Angle Die Grinder (Bare),-- Unbranded --,-- No Unilog Brand --,-- No DIB Brand --,Black & Decker/dewlt (2585),Stanley Black & Decker,DeWalt,,DCG422B,,Power Tools>Grinders & Cutters>Angle Grinders,"Stanley Black & Decker DeWalt, Angle Grinders, DCG422B",DCG422B DEWALT 20V RIGHT ANGLE DIE GRINDER (BARE),DeWalt DCG422B Angle Grinders,DCG422B Dewalt 20V Right Angle Die Grinder (Bare),DeWalt DCG422B Angle Grinders,,,,,,,,,,,,,,,,,,,,,,,,,,,Angle Grinders,,,,,,,,,,,,,,,,,,,,,,,,,,,,,,,,,,,,,,,,,,,,,,,,,,,,,,,,,,,,,,,,,,,,,,,,,,,,,,,,,,,,,,,,,,,,,,,,,,,,,,,,,,,,,,,,,,,,,,,,,,,,,,,,,,,,,,,,,,,,,,,,,,,,,,,,,,,,,,,,,,,,,,,,,,,,,,,,,,,,,,,,,,,,,,,,,,,,,
,,,,,,924422,,,,924422,924422,924422 Mafell Carpentry - Planing Machine ZH 320 Ec 120V,-- Unbranded --,-- No Unilog Brand --,-- No DIB Brand --,-,-,-- Unbranded --,,924422,,,"- -- Unbranded --, Hardware & Tools, 924422",924422 MAFELL CARPENTRY - PLANING MACHINE ZH 320 EC 120V,-- Unbranded -- 924422 Hardware & Tools,924422 Mafell Carpentry - Planing Machine ZH 320 Ec 120V,-- Unbranded -- 924422 Hardware & Tools,,,,,,,,,,,,,,,,,,,,,,,,,,,Hardware & Tools,,,,,,,,,,,,,,,,,,,,,,,,,,,,,,,,,,,,,,,,,,,,,,,,,,,,,,,,,,,,,,,,,,,,,,,,,,,,,,,,,,,,,,,,,,,,,,,,,,,,,,,,,,,,,,,,,,,,,,,,,,,,,,,,,,,,,,,,,,,,,,,,,,,,,,,,,,,,,,,,,,,,,,,,,,,,,,,,,,,,,,,,,,,,,,,,,,,,,
,,,,,,DCW620B,Routers & Router Bits,Router Bits,Router Bit Sets,DCW620B,DCW620B,DCW620B Dewalt 20V Plunge - Router,-- Unbranded --,-- No Unilog Brand --,-- No DIB Brand --,Black & Decker/dewlt (2585),Stanley Black & Decker,DeWalt,,DCW620B,,Routers & Router Bits>Router Bits>Router Bit Sets,"Stanley Black & Decker DeWalt, Router Bit Sets, DCW620B",DCW620B DEWALT 20V PLUNGE - ROUTER,DeWalt DCW620B Router Bit Sets,DCW620B Dewalt 20V Plunge - Router,DeWalt DCW620B Router Bit Sets,,,,,,,,,,,,,,,,,,,,,,,,,,,Router Bit Sets,,,,,,,,,,,,,,,,,,,,,,,,,,,,,,,,,,,,,,,,,,,,,,,,,,,,,,,,,,,,,,,,,,,,,,,,,,,,,,,,,,,,,,,,,,,,,,,,,,,,,,,,,,,,,,,,,,,,,,,,,,,,,,,,,,,,,,,,,,,,,,,,,,,,,,,,,,,,,,,,,,,,,,,,,,,,,,,,,,,,,,,,,,,,,,,,,,,,,
,,,,,,2535-20,Power Tools,Sanders,Random Orbital Sanders,2535-20,2535-20,"2535-20 Milw 3"" Orbit Sander - M12",-- Unbranded --,-- No Unilog Brand --,-- No DIB Brand --,Milwaukee Accessory (4031),Milwaukee Electric Tool,Milwaukee,,2535-20,,Power Tools>Sanders>Random Orbital Sanders,"Milwaukee Electric Tool Milwaukee, Random Orbital Sanders, 2535-20","2535-20 MILW 3"" ORBIT SANDER - M12",Milwaukee 2535-20 Random Orbital Sanders,"2535-20 Milw 3"" Orbit Sander - M12",Milwaukee 2535-20 Random Orbital Sanders,,,,,,,,,,,,,,,,,,,,,,,,,,,Random Orbital Sanders,,,,,,,,,,,,,,,,,,,,,,,,,,,,,,,,,,,,,,,,,,,,,,,,,,,,,,,,,,,,,,,,,,,,,,,,,,,,,,,,,,,,,,,,,,,,,,,,,,,,,,,,,,,,,,,,,,,,,,,,,,,,,,,,,,,,,,,,,,,,,,,,,,,,,,,,,,,,,,,,,,,,,,,,,,,,,,,,,,,,,,,,,,,,,,,,,,,,,
,,,,,,2837-20,Power Tools,Sanders,Random Orbital Sanders,2837-20,2837-20,"2837-20 Milw M18 5"" Sander - Orbital (Bare)",-- Unbranded --,-- No Unilog Brand --,Milwaukee,Milwaukee Accessory (4031),Milwaukee Electric Tool,Milwaukee,,2837-20,,Power Tools>Sanders>Random Orbital Sanders,"Milwaukee Electric Tool Milwaukee, Random Orbital Sanders, 2837-20","2837-20 MILW M18 5"" SANDER - ORBITAL (BARE)",Milwaukee 2837-20 Random Orbital Sanders,"2837-20 Milw M18 5"" Sander - Orbital (Bare)",Milwaukee 2837-20 Random Orbital Sanders,,,,,,,,,,,,,,,,,,,,,,,,,,,Random Orbital Sanders,,,,,,,,,,,,,,,,,,,,,,,,,,,,,,,,,,,,,,,,,,,,,,,,,,,,,,,,,,,,,,,,,,,,,,,,,,,,,,,,,,,,,,,,,,,,,,,,,,,,,,,,,,,,,,,,,,,,,,,,,,,,,,,,,,,,,,,,,,,,,,,,,,,,,,,,,,,,,,,,,,,,,,,,,,,,,,,,,,,,,,,,,,,,,,,,,,,,,
,,,,,,577728,Power Tools,Sanders,Random Orbital Sanders,577728,577728,577728 Festool Cordless Sander - ETSC 2 150 I-Plus,-- Unbranded --,-- No Unilog Brand --,-- No DIB Brand --,Festool USA (FESTO),Festool USA,Festool,,577728,,Power Tools>Sanders>Random Orbital Sanders,"Festool USA Festool, Random Orbital Sanders, 577728",577728 FESTOOL CORDLESS SANDER - ETSC 2 150 I-PLUS,Festool 577728 Random Orbital Sanders,577728 Festool Cordless Sander - ETSC 2 150 I-Plus,Festool 577728 Random Orbital Sanders,,,,,,,,,,,,,,,,,,,,,,,,,,,Random Orbital Sanders,,,,,,,,,,,,,,,,,,,,,,,,,,,,,,,,,,,,,,,,,,,,,,,,,,,,,,,,,,,,,,,,,,,,,,,,,,,,,,,,,,,,,,,,,,,,,,,,,,,,,,,,,,,,,,,,,,,,,,,,,,,,,,,,,,,,,,,,,,,,,,,,,,,,,,,,,,,,,,,,,,,,,,,,,,,,,,,,,,,,,,,,,,,,,,,,,,,,,
,,,,,,577738,Power Tools,Sanders,Random Orbital Sanders,577738,577738,577738 Festool Cordless Sander - ETSC 2 125 I-Plus,-- Unbranded --,-- No Unilog Brand --,-- No DIB Brand --,Festool USA (FESTO),Festool USA,Festool,,577738,,Power Tools>Sanders>Random Orbital Sanders,"Festool USA Festool, Random Orbital Sanders, 577738",577738 FESTOOL CORDLESS SANDER - ETSC 2 125 I-PLUS,Festool 577738 Random Orbital Sanders,577738 Festool Cordless Sander - ETSC 2 125 I-Plus,Festool 577738 Random Orbital Sanders,,,,,,,,,,,,,,,,,,,,,,,,,,,Random Orbital Sanders,,,,,,,,,,,,,,,,,,,,,,,,,,,,,,,,,,,,,,,,,,,,,,,,,,,,,,,,,,,,,,,,,,,,,,,,,,,,,,,,,,,,,,,,,,,,,,,,,,,,,,,,,,,,,,,,,,,,,,,,,,,,,,,,,,,,,,,,,,,,,,,,,,,,,,,,,,,,,,,,,,,,,,,,,,,,,,,,,,,,,,,,,,,,,,,,,,,,,
,,,,,,KPTRS500A,Power Tools,Sanders,Random Orbital Sanders,KPTRS500A,KPTRS500A,"KPTRS500A Kreg 20V Ionic 5"" Random Orbit Sander",-- Unbranded --,-- No Unilog Brand --,-- No DIB Brand --,Kreg Tool Company (KRETO),Kreg Tool Company,Kreg,,KPTRS500A,,Power Tools>Sanders>Random Orbital Sanders,"Kreg Tool Company Kreg, Random Orbital Sanders, KPTRS500A","KPTRS500A KREG 20V IONIC 5"" RANDOM ORBIT SANDER",Kreg KPTRS500A Random Orbital Sanders,"KPTRS500A Kreg 20V Ionic 5"" Random Orbit Sander",Kreg KPTRS500A Random Orbital Sanders,,,,,,,,,,,,,,,,,,,,,,,,,,,Random Orbital Sanders,,,,,,,,,,,,,,,,,,,,,,,,,,,,,,,,,,,,,,,,,,,,,,,,,,,,,,,,,,,,,,,,,,,,,,,,,,,,,,,,,,,,,,,,,,,,,,,,,,,,,,,,,,,,,,,,,,,,,,,,,,,,,,,,,,,,,,,,,,,,,,,,,,,,,,,,,,,,,,,,,,,,,,,,,,,,,,,,,,,,,,,,,,,,,,,,,,,,,
,,,,,,24-35M-320,,,,24-35M-320,24-35M-320,"24-35M-320 Iridium Grip - 3.2"" x 5.2"" Grip",-- Unbranded --,-- No Unilog Brand --,-- No DIB Brand --,Mirka Abrasives Inc (MIRUS),Mirka Abrasives Inc,-- Unbranded --,,24-35M-320,,,"Mirka Abrasives Inc -- Unbranded --, Hardware & Tools, 24-35M-320","24-35M-320 IRIDIUM GRIP - 3.2"" X 5.2"" GRIP",-- Unbranded -- 24-35M-320 Hardware & Tools,"24-35M-320 Iridium Grip - 3.2"" x 5.2"" Grip",-- Unbranded -- 24-35M-320 Hardware & Tools,,,,,,,,,,,,,,,,,,,,,,,,,,,Hardware & Tools,Dimension,"3.2"" x 5.2",,,,,,,,,,,,,,,,,,,,,,,,,,,,,,,,,,,,,,,,,,,,,,,,,,,,,,,,,,,,,,,,,,,,,,,,,,,,,,,,,,,,,,,,,,,,,,,,,,,,,,,,,,,,,,,,,,,,,,,,,,,,,,,,,,,,,,,,,,,,,,,,,,,,,,,,,,,,,,,,,,,,,,,,,,,,,,,,,,,,,,,,,,,,,,,,,,,
,,,,,,9A-129-120,Abrasives & Surface Prep,Abrasive Discs,Sanding Discs,9A-129-120,9A-129-120,9A-129-120 Abranet 3x4 - 50 Sheets/Box,-- Unbranded --,-- No Unilog Brand --,-- No DIB Brand --,Mirka Abrasives Inc (MIRUS),Mirka Abrasives Inc,Mirka,,9A-129-120,,Abrasives & Surface Prep>Abrasive Discs>Sanding Discs,"Mirka Abrasives Inc Mirka, Sanding Discs, 9A-129-120",9A-129-120 ABRANET 3X4 - 50 SHEETS/BOX,Mirka 9A-129-120 Sanding Discs,9A-129-120 Abranet 3x4 - 50 Sheets/Box,Mirka 9A-129-120 Sanding Discs,,,,,,,,,,,,,,,,,,,,,,,,,,,Sanding Discs,Dimension,3x4,,,,,,,,,,,,,,,,,,,,,,,,,,,,,,,,,,,,,,,,,,,,,,,,,,,,,,,,,,,,,,,,,,,,,,,,,,,,,,,,,,,,,,,,,,,,,,,,,,,,,,,,,,,,,,,,,,,,,,,,,,,,,,,,,,,,,,,,,,,,,,,,,,,,,,,,,,,,,,,,,,,,,,,,,,,,,,,,,,,,,,,,,,,,,,,,,,,
,,,,,,578800,,,,578800,578800,578800 Festool 80x133 M GR PRO/10,-- Unbranded --,-- No Unilog Brand --,-- No DIB Brand --,Festool USA (FESTO),Festool USA,Festool,,578800,,,"Festool USA Festool, Hardware & Tools, 578800",578800 FESTOOL 80X133 M GR PRO/10,Festool 578800 Hardware & Tools,578800 Festool 80x133 M GR PRO/10,Festool 578800 Hardware & Tools,,,,,,,,,,,,,,,,,,,,,,,,,,,Hardware & Tools,Dimension,80x133,,,,,,,,,,,,,,,,,,,,,,,,,,,,,,,,,,,,,,,,,,,,,,,,,,,,,,,,,,,,,,,,,,,,,,,,,,,,,,,,,,,,,,,,,,,,,,,,,,,,,,,,,,,,,,,,,,,,,,,,,,,,,,,,,,,,,,,,,,,,,,,,,,,,,,,,,,,,,,,,,,,,,,,,,,,,,,,,,,,,,,,,,,,,,,,,,,,
,,,,,,578801,,,,578801,578801,578801 Festool 80x133 F GR PRO/10,-- Unbranded --,-- No Unilog Brand --,-- No DIB Brand --,Festool USA (FESTO),Festool USA,Festool,,578801,,,"Festool USA Festool, Hardware & Tools, 578801",578801 FESTOOL 80X133 F GR PRO/10,Festool 578801 Hardware & Tools,578801 Festool 80x133 F GR PRO/10,Festool 578801 Hardware & Tools,,,,,,,,,,,,,,,,,,,,,,,,,,,Hardware & Tools,Dimension,80x133,,,,,,,,,,,,,,,,,,,,,,,,,,,,,,,,,,,,,,,,,,,,,,,,,,,,,,,,,,,,,,,,,,,,,,,,,,,,,,,,,,,,,,,,,,,,,,,,,,,,,,,,,,,,,,,,,,,,,,,,,,,,,,,,,,,,,,,,,,,,,,,,,,,,,,,,,,,,,,,,,,,,,,,,,,,,,,,,,,,,,,,,,,,,,,,,,,,
,,,,,,578802,,,,578802,578802,578802 Festool 80x133 S GR PRO/10,-- Unbranded --,-- No Unilog Brand --,-- No DIB Brand --,Festool USA (FESTO),Festool USA,Festool,,578802,,,"Festool USA Festool, Hardware & Tools, 578802",578802 FESTOOL 80X133 S GR PRO/10,Festool 578802 Hardware & Tools,578802 Festool 80x133 S GR PRO/10,Festool 578802 Hardware & Tools,,,,,,,,,,,,,,,,,,,,,,,,,,,Hardware & Tools,Dimension,80x133,,,,,,,,,,,,,,,,,,,,,,,,,,,,,,,,,,,,,,,,,,,,,,,,,,,,,,,,,,,,,,,,,,,,,,,,,,,,,,,,,,,,,,,,,,,,,,,,,,,,,,,,,,,,,,,,,,,,,,,,,,,,,,,,,,,,,,,,,,,,,,,,,,,,,,,,,,,,,,,,,,,,,,,,,,,,,,,,,,,,,,,,,,,,,,,,,,,
,,,,,,578808,,,,578808,578808,578808 Festool 3x4 M GR PRO/10,-- Unbranded --,-- No Unilog Brand --,-- No DIB Brand --,Festool USA (FESTO),Festool USA,Festool,,578808,,,"Festool USA Festool, Hardware & Tools, 578808",578808 FESTOOL 3X4 M GR PRO/10,Festool 578808 Hardware & Tools,578808 Festool 3x4 M GR PRO/10,Festool 578808 Hardware & Tools,,,,,,,,,,,,,,,,,,,,,,,,,,,Hardware & Tools,Dimension,3x4,,,,,,,,,,,,,,,,,,,,,,,,,,,,,,,,,,,,,,,,,,,,,,,,,,,,,,,,,,,,,,,,,,,,,,,,,,,,,,,,,,,,,,,,,,,,,,,,,,,,,,,,,,,,,,,,,,,,,,,,,,,,,,,,,,,,,,,,,,,,,,,,,,,,,,,,,,,,,,,,,,,,,,,,,,,,,,,,,,,,,,,,,,,,,,,,,,,
,,,,,,578809,,,,578809,578809,578809 Festool 3x4 F GR PRO/10,-- Unbranded --,-- No Unilog Brand --,-- No DIB Brand --,Festool USA (FESTO),Festool USA,Festool,,578809,,,"Festool USA Festool, Hardware & Tools, 578809",578809 FESTOOL 3X4 F GR PRO/10,Festool 578809 Hardware & Tools,578809 Festool 3x4 F GR PRO/10,Festool 578809 Hardware & Tools,,,,,,,,,,,,,,,,,,,,,,,,,,,Hardware & Tools,Dimension,3x4,,,,,,,,,,,,,,,,,,,,,,,,,,,,,,,,,,,,,,,,,,,,,,,,,,,,,,,,,,,,,,,,,,,,,,,,,,,,,,,,,,,,,,,,,,,,,,,,,,,,,,,,,,,,,,,,,,,,,,,,,,,,,,,,,,,,,,,,,,,,,,,,,,,,,,,,,,,,,,,,,,,,,,,,,,,,,,,,,,,,,,,,,,,,,,,,,,,
,,,,,,578810,,,,578810,578810,578810 Festool 3x4 S GR PRO/10,-- Unbranded --,-- No Unilog Brand --,-- No DIB Brand --,Festool USA (FESTO),Festool USA,Festool,,578810,,,"Festool USA Festool, Hardware & Tools, 578810",578810 FESTOOL 3X4 S GR PRO/10,Festool 578810 Hardware & Tools,578810 Festool 3x4 S GR PRO/10,Festool 578810 Hardware & Tools,,,,,,,,,,,,,,,,,,,,,,,,,,,Hardware & Tools,Dimension,3x4,,,,,,,,,,,,,,,,,,,,,,,,,,,,,,,,,,,,,,,,,,,,,,,,,,,,,,,,,,,,,,,,,,,,,,,,,,,,,,,,,,,,,,,,,,,,,,,,,,,,,,,,,,,,,,,,,,,,,,,,,,,,,,,,,,,,,,,,,,,,,,,,,,,,,,,,,,,,,,,,,,,,,,,,,,,,,,,,,,,,,,,,,,,,,,,,,,,
,,,,,,578811,,,,578811,578811,578811 Festool 3x4 GR PRO/10-Set,-- Unbranded --,-- No Unilog Brand --,-- No DIB Brand --,Festool USA (FESTO),Festool USA,Festool,,578811,,,"Festool USA Festool, Hardware & Tools, 578811",578811 FESTOOL 3X4 GR PRO/10-SET,Festool 578811 Hardware & Tools,578811 Festool 3x4 GR PRO/10-Set,Festool 578811 Hardware & Tools,,,,,,,,,,,,,,,,,,,,,,,,,,,Hardware & Tools,Dimension,3x4,,,,,,,,,,,,,,,,,,,,,,,,,,,,,,,,,,,,,,,,,,,,,,,,,,,,,,,,,,,,,,,,,,,,,,,,,,,,,,,,,,,,,,,,,,,,,,,,,,,,,,,,,,,,,,,,,,,,,,,,,,,,,,,,,,,,,,,,,,,,,,,,,,,,,,,,,,,,,,,,,,,,,,,,,,,,,,,,,,,,,,,,,,,,,,,,,,,
,,,,,,578192,Routers & Router Bits,Router Bits,Router Bit Sets,578192,578192,578192 Festool D 150 GR SYS - Systainer Abrasive Set,-- Unbranded --,-- No Unilog Brand --,-- No DIB Brand --,Festool USA (FESTO),Festool USA,Festool,,578192,,Routers & Router Bits>Router Bits>Router Bit Sets,"Festool USA Festool, Router Bit Sets, 578192",578192 FESTOOL D 150 GR SYS - SYSTAINER ABRASIVE SET,Festool 578192 Router Bit Sets,578192 Festool D 150 GR SYS - Systainer Abrasive Set,Festool 578192 Router Bit Sets,,,,,,,,,,,,,,,,,,,,,,,,,,,Router Bit Sets,,,,,,,,,,,,,,,,,,,,,,,,,,,,,,,,,,,,,,,,,,,,,,,,,,,,,,,,,,,,,,,,,,,,,,,,,,,,,,,,,,,,,,,,,,,,,,,,,,,,,,,,,,,,,,,,,,,,,,,,,,,,,,,,,,,,,,,,,,,,,,,,,,,,,,,,,,,,,,,,,,,,,,,,,,,,,,,,,,,,,,,,,,,,,,,,,,,,,
,,,,,,578806,,,,578806,578806,578806 Festool Delta S GR PRO/10,-- Unbranded --,-- No Unilog Brand --,-- No DIB Brand --,Festool USA (FESTO),Festool USA,Festool,,578806,,,"Festool USA Festool, Hardware & Tools, 578806",578806 FESTOOL DELTA S GR PRO/10,Festool 578806 Hardware & Tools,578806 Festool Delta S GR PRO/10,Festool 578806 Hardware & Tools,,,,,,,,,,,,,,,,,,,,,,,,,,,Hardware & Tools,,,,,,,,,,,,,,,,,,,,,,,,,,,,,,,,,,,,,,,,,,,,,,,,,,,,,,,,,,,,,,,,,,,,,,,,,,,,,,,,,,,,,,,,,,,,,,,,,,,,,,,,,,,,,,,,,,,,,,,,,,,,,,,,,,,,,,,,,,,,,,,,,,,,,,,,,,,,,,,,,,,,,,,,,,,,,,,,,,,,,,,,,,,,,,,,,,,,,
,,,,,,D0860X,Power Tools,Saws,Table Saws,D0860X,D0860X,"D0860X Diablo 8-1/4"" 60 Tooth - Fine Finish Saw Blade",-- Unbranded --,-- No Unilog Brand --,-- No DIB Brand --,Freud Inc (2435),Freud Inc,Diablo,,D0860X,,Power Tools>Saws>Table Saws,"Freud Inc Diablo, Table Saws, D0860X","D0860X DIABLO 8-1/4"" 60 TOOTH - FINE FINISH SAW BLADE",Diablo D0860X Table Saws,"D0860X Diablo 8-1/4"" 60 Tooth - Fine Finish Saw Blade",Diablo D0860X Table Saws,,,,,,,,,,,,,,,,,,,,,,,,,,,Table Saws,,,,,,,,,,,,,,,,,,,,,,,,,,,,,,,,,,,,,,,,,,,,,,,,,,,,,,,,,,,,,,,,,,,,,,,,,,,,,,,,,,,,,,,,,,,,,,,,,,,,,,,,,,,,,,,,,,,,,,,,,,,,,,,,,,,,,,,,,,,,,,,,,,,,,,,,,,,,,,,,,,,,,,,,,,,,,,,,,,,,,,,,,,,,,,,,,,,,,
,,,,,,48-40-0740,Power Tools,Saws,Table Saws,48-40-0740,48-40-0740,48-40-0740 Milw 7-1/4in. 24T - Framing Circ Saw Blade,-- Unbranded --,-- No Unilog Brand --,Milwaukee,Milwaukee Accessory (4031),Milwaukee Electric Tool,Milwaukee,,48-40-0740,,Power Tools>Saws>Table Saws,"Milwaukee Electric Tool Milwaukee, Table Saws, 48-40-0740",48-40-0740 MILW 7-1/4IN. 24T - FRAMING CIRC SAW BLADE,Milwaukee 48-40-0740 Table Saws,48-40-0740 Milw 7-1/4in. 24T - Framing Circ Saw Blade,Milwaukee 48-40-0740 Table Saws,,,,,,,,,,,,,,,,,,,,,,,,,,,Table Saws,,,,,,,,,,,,,,,,,,,,,,,,,,,,,,,,,,,,,,,,,,,,,,,,,,,,,,,,,,,,,,,,,,,,,,,,,,,,,,,,,,,,,,,,,,,,,,,,,,,,,,,,,,,,,,,,,,,,,,,,,,,,,,,,,,,,,,,,,,,,,,,,,,,,,,,,,,,,,,,,,,,,,,,,,,,,,,,,,,,,,,,,,,,,,,,,,,,,,
,,,,,,48-41-0740,,,,48-41-0740,48-41-0740,48-41-0740 Milw7-1/4 24TFrming - Blade,-- Unbranded --,-- No Unilog Brand --,-- No DIB Brand --,Milwaukee Accessory (4031),Milwaukee Electric Tool,-- Unbranded --,,48-41-0740,,,"Milwaukee Electric Tool -- Unbranded --, Hardware & Tools, 48-41-0740",48-41-0740 MILW7-1/4 24TFRMING - BLADE,-- Unbranded -- 48-41-0740 Hardware & Tools,48-41-0740 Milw7-1/4 24TFrming - Blade,-- Unbranded -- 48-41-0740 Hardware & Tools,,,,,,,,,,,,,,,,,,,,,,,,,,,Hardware & Tools,,,,,,,,,,,,,,,,,,,,,,,,,,,,,,,,,,,,,,,,,,,,,,,,,,,,,,,,,,,,,,,,,,,,,,,,,,,,,,,,,,,,,,,,,,,,,,,,,,,,,,,,,,,,,,,,,,,,,,,,,,,,,,,,,,,,,,,,,,,,,,,,,,,,,,,,,,,,,,,,,,,,,,,,,,,,,,,,,,,,,,,,,,,,,,,,,,,,,
,,,,,,A-96095,Power Tools,Saws,Table Saws,A-96095,A-96095,"A-96095 Makita 5-7/8"" 32T Saw Blade",-- Unbranded --,-- No Unilog Brand --,-- No DIB Brand --,Makita Usa Inc (5142),Makita U.S.A. Inc,Makita,,A-96095,,Power Tools>Saws>Table Saws,"Makita U.S.A. Inc Makita, Table Saws, A-96095","A-96095 MAKITA 5-7/8"" 32T SAW BLADE",Makita A-96095 Table Saws,"A-96095 Makita 5-7/8"" 32T Saw Blade",Makita A-96095 Table Saws,,,,,,,,,,,,,,,,,,,,,,,,,,,Table Saws,,,,,,,,,,,,,,,,,,,,,,,,,,,,,,,,,,,,,,,,,,,,,,,,,,,,,,,,,,,,,,,,,,,,,,,,,,,,,,,,,,,,,,,,,,,,,,,,,,,,,,,,,,,,,,,,,,,,,,,,,,,,,,,,,,,,,,,,,,,,,,,,,,,,,,,,,,,,,,,,,,,,,,,,,,,,,,,,,,,,,,,,,,,,,,,,,,,,,
,,,,,,D0760UX,Power Tools,Saws,Table Saws,D0760UX,D0760UX,"D0760UX Diablo 7-1/4"" 60T Circ - Saw Blade",-- Unbranded --,-- No Unilog Brand --,Diablo,Freud Inc (2435),Freud Inc,Diablo,,D0760UX,,Power Tools>Saws>Table Saws,"Freud Inc Diablo, Table Saws, D0760UX","D0760UX DIABLO 7-1/4"" 60T CIRC - SAW BLADE",Diablo D0760UX Table Saws,"D0760UX Diablo 7-1/4"" 60T Circ - Saw Blade",Diablo D0760UX Table Saws,,,,,,,,,,,,,,,,,,,,,,,,,,,Table Saws,,,,,,,,,,,,,,,,,,,,,,,,,,,,,,,,,,,,,,,,,,,,,,,,,,,,,,,,,,,,,,,,,,,,,,,,,,,,,,,,,,,,,,,,,,,,,,,,,,,,,,,,,,,,,,,,,,,,,,,,,,,,,,,,,,,,,,,,,,,,,,,,,,,,,,,,,,,,,,,,,,,,,,,,,,,,,,,,,,,,,,,,,,,,,,,,,,,,,
,,,,,,230.312.08,Routers & Router Bits,Router Bits,Router Bit Sets,230.312.08,543143908,1x8-12' Jasper - Trex Lineage,TREX,-- No Unilog Brand --,-- No DIB Brand --,U S Lumber (3073),CMT USA Inc,CMT,,230.312.08,,Routers & Router Bits>Router Bits>Router Bit Sets,"CMT USA Inc CMT, Router Bit Sets, 230.312.08",230.312.08 CMT LOCKED DADO PRO SET,CMT 230.312.08 Router Bit Sets,230.312.08 CMT Locked Dado Pro Set,CMT 230.312.08 Router Bit Sets,,,,,,,,,,,,,,,,,,,,,,,,,,,Router Bit Sets,,,,,,,,,,,,,,,,,,,,,,,,,,,,,,,,,,,,,,,,,,,,,,,,,,,,,,,,,,,,,,,,,,,,,,,,,,,,,,,,,,,,,,,,,,,,,,,,,,,,,,,,,,,,,,,,,,,,,,,,,,,,,,,,,,,,,,,,,,,,,,,,,,,,,,,,,,,,,,,,,,,,,,,,,,,,,,,,,,,,,,,,,,,,,,,,,,,,,
,,,,,,D0708LF,Power Tools,Saws,Table Saws,D0708LF,D0708LF,"D0708LF Saw Blade 7-1/4""x8 - Laminate & Wood Flooring",-- Unbranded --,-- No Unilog Brand --,-- No DIB Brand --,Freud Inc (2435),Freud Inc,-- Unbranded --,,D0708LF,,Power Tools>Saws>Table Saws,"Freud Inc -- Unbranded --, Table Saws, D0708LF","D0708LF SAW BLADE 7-1/4""X8 - LAMINATE & WOOD FLOORING",-- Unbranded -- D0708LF Table Saws,"D0708LF Saw Blade 7-1/4""x8 - Laminate & Wood Flooring",-- Unbranded -- D0708LF Table Saws,,,,,,,,,,,,,,,,,,,,,,,,,,,Table Saws,Dimension,"1/4""x8",,,,,,,,,,,,,,,,,,,,,,,,,,,,,,,,,,,,,,,,,,,,,,,,,,,,,,,,,,,,,,,,,,,,,,,,,,,,,,,,,,,,,,,,,,,,,,,,,,,,,,,,,,,,,,,,,,,,,,,,,,,,,,,,,,,,,,,,,,,,,,,,,,,,,,,,,,,,,,,,,,,,,,,,,,,,,,,,,,,,,,,,,,,,,,,,,,,
,,,,,,D1012LF,Power Tools,Saws,Table Saws,D1012LF,D1012LF,"D1012LF Saw Blade 10""x12Teeth - Laminate & Wood Flooring",-- Unbranded --,-- No Unilog Brand --,-- No DIB Brand --,Freud Inc (2435),Freud Inc,-- Unbranded --,,D1012LF,,Power Tools>Saws>Table Saws,"Freud Inc -- Unbranded --, Table Saws, D1012LF","D1012LF SAW BLADE 10""X12TEETH - LAMINATE & WOOD FLOORING",-- Unbranded -- D1012LF Table Saws,"D1012LF Saw Blade 10""x12Teeth - Laminate & Wood Flooring",-- Unbranded -- D1012LF Table Saws,,,,,,,,,,,,,,,,,,,,,,,,,,,Table Saws,,,,,,,,,,,,,,,,,,,,,,,,,,,,,,,,,,,,,,,,,,,,,,,,,,,,,,,,,,,,,,,,,,,,,,,,,,,,,,,,,,,,,,,,,,,,,,,,,,,,,,,,,,,,,,,,,,,,,,,,,,,,,,,,,,,,,,,,,,,,,,,,,,,,,,,,,,,,,,,,,,,,,,,,,,,,,,,,,,,,,,,,,,,,,,,,,,,,,
,,,,,,D1216LF,Power Tools,Saws,Table Saws,D1216LF,D1216LF,"D1216LF Saw Blade 12""x16Teeth - Laminate & Wood Flooring",-- Unbranded --,-- No Unilog Brand --,-- No DIB Brand --,Freud Inc (2435),Freud Inc,-- Unbranded --,,D1216LF,,Power Tools>Saws>Table Saws,"Freud Inc -- Unbranded --, Table Saws, D1216LF","D1216LF SAW BLADE 12""X16TEETH - LAMINATE & WOOD FLOORING",-- Unbranded -- D1216LF Table Saws,"D1216LF Saw Blade 12""x16Teeth - Laminate & Wood Flooring",-- Unbranded -- D1216LF Table Saws,,,,,,,,,,,,,,,,,,,,,,,,,,,Table Saws,,,,,,,,,,,,,,,,,,,,,,,,,,,,,,,,,,,,,,,,,,,,,,,,,,,,,,,,,,,,,,,,,,,,,,,,,,,,,,,,,,,,,,,,,,,,,,,,,,,,,,,,,,,,,,,,,,,,,,,,,,,,,,,,,,,,,,,,,,,,,,,,,,,,,,,,,,,,,,,,,,,,,,,,,,,,,,,,,,,,,,,,,,,,,,,,,,,,,
,,,,,,DWA47421,,,,DWA47421,DWA47421,"DWA47421 Dewalt 14"" Segmented - Rim Diamond Blade",-- Unbranded --,-- No Unilog Brand --,DEWALT,Black & Decker/dewlt (2585),Stanley Black & Decker,DeWalt,,DWA47421,,,"Stanley Black & Decker DeWalt, Hardware & Tools, DWA47421","DWA47421 DEWALT 14"" SEGMENTED - RIM DIAMOND BLADE",DeWalt DWA47421 Hardware & Tools,"DWA47421 Dewalt 14"" Segmented - Rim Diamond Blade",DeWalt DWA47421 Hardware & Tools,,,,,,,,,,,,,,,,,,,,,,,,,,,Hardware & Tools,,,,,,,,,,,,,,,,,,,,,,,,,,,,,,,,,,,,,,,,,,,,,,,,,,,,,,,,,,,,,,,,,,,,,,,,,,,,,,,,,,,,,,,,,,,,,,,,,,,,,,,,,,,,,,,,,,,,,,,,,,,,,,,,,,,,,,,,,,,,,,,,,,,,,,,,,,,,,,,,,,,,,,,,,,,,,,,,,,,,,,,,,,,,,,,,,,,,,
,,,,,,DWA4769,Safety & Workwear,Eye Protection,Safety Glasses,DWA4769,DWA4769,"DWA4769 Dewalt Rim Glass Tile - Blade 10""",-- Unbranded --,-- No Unilog Brand --,-- No DIB Brand --,Black & Decker/dewlt (2585),Stanley Black & Decker,DeWalt,,DWA4769,,Safety & Workwear>Eye Protection>Safety Glasses,"Stanley Black & Decker DeWalt, Safety Glasses, DWA4769","DWA4769 DEWALT RIM GLASS TILE - BLADE 10""",DeWalt DWA4769 Safety Glasses,"DWA4769 Dewalt Rim Glass Tile - Blade 10""",DeWalt DWA4769 Safety Glasses,,,,,,,,,,,,,,,,,,,,,,,,,,,Safety Glasses,,,,,,,,,,,,,,,,,,,,,,,,,,,,,,,,,,,,,,,,,,,,,,,,,,,,,,,,,,,,,,,,,,,,,,,,,,,,,,,,,,,,,,,,,,,,,,,,,,,,,,,,,,,,,,,,,,,,,,,,,,,,,,,,,,,,,,,,,,,,,,,,,,,,,,,,,,,,,,,,,,,,,,,,,,,,,,,,,,,,,,,,,,,,,,,,,,,,,
,,,,,,49-93-9204,,,,49-93-9204,49-93-9204,"49-93-9204 Milw 4-1/2"" Diamond - Tile Blade",-- Unbranded --,-- No Unilog Brand --,-- No DIB Brand --,Milwaukee Accessory (4031),Milwaukee Electric Tool,Milwaukee,,49-93-9204,,,"Milwaukee Electric Tool Milwaukee, Hardware & Tools, 49-93-9204","49-93-9204 MILW 4-1/2"" DIAMOND - TILE BLADE",Milwaukee 49-93-9204 Hardware & Tools,"49-93-9204 Milw 4-1/2"" Diamond - Tile Blade",Milwaukee 49-93-9204 Hardware & Tools,,,,,,,,,,,,,,,,,,,,,,,,,,,Hardware & Tools,,,,,,,,,,,,,,,,,,,,,,,,,,,,,,,,,,,,,,,,,,,,,,,,,,,,,,,,,,,,,,,,,,,,,,,,,,,,,,,,,,,,,,,,,,,,,,,,,,,,,,,,,,,,,,,,,,,,,,,,,,,,,,,,,,,,,,,,,,,,,,,,,,,,,,,,,,,,,,,,,,,,,,,,,,,,,,,,,,,,,,,,,,,,,,,,,,,,,
,,,,,,49-93-9207,,,,49-93-9207,49-93-9207,"49-93-9207 Milw 7"" Diamond - Tile Blade",-- Unbranded --,-- No Unilog Brand --,-- No DIB Brand --,Milwaukee Accessory (4031),Milwaukee Electric Tool,Milwaukee,,49-93-9207,,,"Milwaukee Electric Tool Milwaukee, Hardware & Tools, 49-93-9207","49-93-9207 MILW 7"" DIAMOND - TILE BLADE",Milwaukee 49-93-9207 Hardware & Tools,"49-93-9207 Milw 7"" Diamond - Tile Blade",Milwaukee 49-93-9207 Hardware & Tools,,,,,,,,,,,,,,,,,,,,,,,,,,,Hardware & Tools,,,,,,,,,,,,,,,,,,,,,,,,,,,,,,,,,,,,,,,,,,,,,,,,,,,,,,,,,,,,,,,,,,,,,,,,,,,,,,,,,,,,,,,,,,,,,,,,,,,,,,,,,,,,,,,,,,,,,,,,,,,,,,,,,,,,,,,,,,,,,,,,,,,,,,,,,,,,,,,,,,,,,,,,,,,,,,,,,,,,,,,,,,,,,,,,,,,,,
,,,,,,49-93-9210,,,,49-93-9210,49-93-9210,"49-93-9210 Milw 10"" Diamond - Tile Blade",-- Unbranded --,-- No Unilog Brand --,-- No DIB Brand --,Milwaukee Accessory (4031),Milwaukee Electric Tool,Milwaukee,,49-93-9210,,,"Milwaukee Electric Tool Milwaukee, Hardware & Tools, 49-93-9210","49-93-9210 MILW 10"" DIAMOND - TILE BLADE",Milwaukee 49-93-9210 Hardware & Tools,"49-93-9210 Milw 10"" Diamond - Tile Blade",Milwaukee 49-93-9210 Hardware & Tools,,,,,,,,,,,,,,,,,,,,,,,,,,,Hardware & Tools,,,,,,,,,,,,,,,,,,,,,,,,,,,,,,,,,,,,,,,,,,,,,,,,,,,,,,,,,,,,,,,,,,,,,,,,,,,,,,,,,,,,,,,,,,,,,,,,,,,,,,,,,,,,,,,,,,,,,,,,,,,,,,,,,,,,,,,,,,,,,,,,,,,,,,,,,,,,,,,,,,,,,,,,,,,,,,,,,,,,,,,,,,,,,,,,,,,,,
,,,,,,49-93-9202,,,,49-93-9202,49-93-9202,"49-93-9202 Milw 4"" Diamond - Tile Blade",-- Unbranded --,-- No Unilog Brand --,-- No DIB Brand --,Milwaukee Accessory (4031),Milwaukee Electric Tool,Milwaukee,,49-93-9202,,,"Milwaukee Electric Tool Milwaukee, Hardware & Tools, 49-93-9202","49-93-9202 MILW 4"" DIAMOND - TILE BLADE",Milwaukee 49-93-9202 Hardware & Tools,"49-93-9202 Milw 4"" Diamond - Tile Blade",Milwaukee 49-93-9202 Hardware & Tools,,,,,,,,,,,,,,,,,,,,,,,,,,,Hardware & Tools,,,,,,,,,,,,,,,,,,,,,,,,,,,,,,,,,,,,,,,,,,,,,,,,,,,,,,,,,,,,,,,,,,,,,,,,,,,,,,,,,,,,,,,,,,,,,,,,,,,,,,,,,,,,,,,,,,,,,,,,,,,,,,,,,,,,,,,,,,,,,,,,,,,,,,,,,,,,,,,,,,,,,,,,,,,,,,,,,,,,,,,,,,,,,,,,,,,,,
,,,,,,49-93-9205,,,,49-93-9205,49-93-9205,"49-93-9205 Milw 5"" Diamond - Tile Blade",-- Unbranded --,-- No Unilog Brand --,-- No DIB Brand --,Milwaukee Accessory (4031),Milwaukee Electric Tool,Milwaukee,,49-93-9205,,,"Milwaukee Electric Tool Milwaukee, Hardware & Tools, 49-93-9205","49-93-9205 MILW 5"" DIAMOND - TILE BLADE",Milwaukee 49-93-9205 Hardware & Tools,"49-93-9205 Milw 5"" Diamond - Tile Blade",Milwaukee 49-93-9205 Hardware & Tools,,,,,,,,,,,,,,,,,,,,,,,,,,,Hardware & Tools,,,,,,,,,,,,,,,,,,,,,,,,,,,,,,,,,,,,,,,,,,,,,,,,,,,,,,,,,,,,,,,,,,,,,,,,,,,,,,,,,,,,,,,,,,,,,,,,,,,,,,,,,,,,,,,,,,,,,,,,,,,,,,,,,,,,,,,,,,,,,,,,,,,,,,,,,,,,,,,,,,,,,,,,,,,,,,,,,,,,,,,,,,,,,,,,,,,,,
,,,,,,49-22-4702,Appliances & Consumer Electronics,Kitchen Appliances,Built-In Dishwashers,49-22-4702,49-22-4702,49-22-4702 Milw 13pc Quik-Lock Hole Dozer Kit,-- Unbranded --,-- No Unilog Brand --,-- No DIB Brand --,Milwaukee Accessory (4031),Milwaukee Electric Tool,Milwaukee,,49-22-4702,,Appliances & Consumer Electronics>Kitchen Appliances>Built-In Dishwashers,"Milwaukee Electric Tool Milwaukee, Built-In Dishwashers, 49-22-4702",49-22-4702 MILW 13PC QUIK-LOCK HOLE DOZER KIT,Milwaukee 49-22-4702 Built-In Dishwashers,49-22-4702 Milw 13pc Quik-Lock Hole Dozer Kit,Milwaukee 49-22-4702 Built-In Dishwashers,,,,,,,,,,,,,,,,,,,,,,,,,,,Built-In Dishwashers,Pack Quantity,13,,,,,,,,,,,,,,,,,,,,,,,,,,,,,,,,,,,,,,,,,,,,,,,,,,,,,,,,,,,,,,,,,,,,,,,,,,,,,,,,,,,,,,,,,,,,,,,,,,,,,,,,,,,,,,,,,,,,,,,,,,,,,,,,,,,,,,,,,,,,,,,,,,,,,,,,,,,,,,,,,,,,,,,,,,,,,,,,,,,,,,,,,,,,,,,,,,,
,,,,,,DJT155HHM,Power Tools,Saws,Table Saws,DJT155HHM,DJT155HHM,"DJT155HHM Diablo 3-3/5"" 10 TPI - Jig Saw Blade",-- Unbranded --,-- No Unilog Brand --,-- No DIB Brand --,Freud Inc (2435),Freud Inc,Diablo,,DJT155HHM,,Power Tools>Saws>Table Saws,"Freud Inc Diablo, Table Saws, DJT155HHM","DJT155HHM DIABLO 3-3/5"" 10 TPI - JIG SAW BLADE",Diablo DJT155HHM Table Saws,"DJT155HHM Diablo 3-3/5"" 10 TPI - Jig Saw Blade",Diablo DJT155HHM Table Saws,,,,,,,,,,,,,,,,,,,,,,,,,,,Table Saws,,,,,,,,,,,,,,,,,,,,,,,,,,,,,,,,,,,,,,,,,,,,,,,,,,,,,,,,,,,,,,,,,,,,,,,,,,,,,,,,,,,,,,,,,,,,,,,,,,,,,,,,,,,,,,,,,,,,,,,,,,,,,,,,,,,,,,,,,,,,,,,,,,,,,,,,,,,,,,,,,,,,,,,,,,,,,,,,,,,,,,,,,,,,,,,,,,,,,
,,,,,,790.82,,,,790.82,HOM3060L225PGC,HOM3060L225PGC 225 Load Center,-- Unbranded --,-- No Unilog Brand --,Square D,Square D Con Prod Dv (6825),CMT USA Inc,CMT,,790.82,,,"CMT USA Inc CMT, Hardware & Tools, 790.82",790.820 CMT PLANER BLADE 2PC,CMT 790.82 Hardware & Tools,790.820 CMT Planer Blade 2pc,CMT 790.82 Hardware & Tools,,,,,,,,,,,,,,,,,,,,,,,,,,,Hardware & Tools,Pack Quantity,2,,,,,,,,,,,,,,,,,,,,,,,,,,,,,,,,,,,,,,,,,,,,,,,,,,,,,,,,,,,,,,,,,,,,,,,,,,,,,,,,,,,,,,,,,,,,,,,,,,,,,,,,,,,,,,,,,,,,,,,,,,,,,,,,,,,,,,,,,,,,,,,,,,,,,,,,,,,,,,,,,,,,,,,,,,,,,,,,,,,,,,,,,,,,,,,,,,,
,,,,,,794.321,,,,794.321,794.321,794.321 HS Planer Knives 3pc,-- Unbranded --,-- No Unilog Brand --,-- No DIB Brand --,CMT USA Inc (CMTUS),CMT USA Inc,-- Unbranded --,,794.321,,,"CMT USA Inc -- Unbranded --, Hardware & Tools, 794.321",794.321 HS PLANER KNIVES 3PC,-- Unbranded -- 794.321 Hardware & Tools,794.321 HS Planer Knives 3pc,-- Unbranded -- 794.321 Hardware & Tools,,,,,,,,,,,,,,,,,,,,,,,,,,,Hardware & Tools,Pack Quantity,3,,,,,,,,,,,,,,,,,,,,,,,,,,,,,,,,,,,,,,,,,,,,,,,,,,,,,,,,,,,,,,,,,,,,,,,,,,,,,,,,,,,,,,,,,,,,,,,,,,,,,,,,,,,,,,,,,,,,,,,,,,,,,,,,,,,,,,,,,,,,,,,,,,,,,,,,,,,,,,,,,,,,,,,,,,,,,,,,,,,,,,,,,,,,,,,,,,,
,,,,,,49-22-5641,Appliances & Consumer Electronics,Kitchen Appliances,Built-In Dishwashers,49-22-5641,49-22-5641,49-22-5641 Milw Packout 15pc - Sawzall Blade Kit,-- Unbranded --,-- No Unilog Brand --,-- No DIB Brand --,Milwaukee Accessory (4031),Milwaukee Electric Tool,Milwaukee,,49-22-5641,,Appliances & Consumer Electronics>Kitchen Appliances>Built-In Dishwashers,"Milwaukee Electric Tool Milwaukee, Built-In Dishwashers, 49-22-5641",49-22-5641 MILW PACKOUT 15PC - SAWZALL BLADE KIT,Milwaukee 49-22-5641 Built-In Dishwashers,49-22-5641 Milw Packout 15pc - Sawzall Blade Kit,Milwaukee 49-22-5641 Built-In Dishwashers,,,,,,,,,,,,,,,,,,,,,,,,,,,Built-In Dishwashers,Pack Quantity,15,,,,,,,,,,,,,,,,,,,,,,,,,,,,,,,,,,,,,,,,,,,,,,,,,,,,,,,,,,,,,,,,,,,,,,,,,,,,,,,,,,,,,,,,,,,,,,,,,,,,,,,,,,,,,,,,,,,,,,,,,,,,,,,,,,,,,,,,,,,,,,,,,,,,,,,,,,,,,,,,,,,,,,,,,,,,,,,,,,,,,,,,,,,,,,,,,,,
,,,,,,D0604TSH,Building Materials,Masonry,Mortar & Concrete,D0604TSH,D0604TSH,"D0604TSH Diablo 6-1/2"" 4-Tooth - Cement Track Saw Blade",-- Unbranded --,-- No Unilog Brand --,-- No DIB Brand --,Freud Inc (2435),Freud Inc,Diablo,,D0604TSH,,Building Materials>Masonry>Mortar & Concrete,"Freud Inc Diablo, Mortar & Concrete, D0604TSH","D0604TSH DIABLO 6-1/2"" 4-TOOTH - CEMENT TRACK SAW BLADE",Diablo D0604TSH Mortar & Concrete,"D0604TSH Diablo 6-1/2"" 4-Tooth - Cement Track Saw Blade",Diablo D0604TSH Mortar & Concrete,,,,,,,,,,,,,,,,,,,,,,,,,,,Mortar & Concrete,,,,,,,,,,,,,,,,,,,,,,,,,,,,,,,,,,,,,,,,,,,,,,,,,,,,,,,,,,,,,,,,,,,,,,,,,,,,,,,,,,,,,,,,,,,,,,,,,,,,,,,,,,,,,,,,,,,,,,,,,,,,,,,,,,,,,,,,,,,,,,,,,,,,,,,,,,,,,,,,,,,,,,,,,,,,,,,,,,,,,,,,,,,,,,,,,,,,,
,,,,,,D0620TSR,Power Tools,Saws,Table Saws,D0620TSR,D0620TSR,"D0620TSR Diablo 6-1/2""20 Tooth - Framing Saw Blade",-- Unbranded --,-- No Unilog Brand --,-- No DIB Brand --,Freud Inc (2435),Freud Inc,Diablo,,D0620TSR,,Power Tools>Saws>Table Saws,"Freud Inc Diablo, Table Saws, D0620TSR","D0620TSR DIABLO 6-1/2""20 TOOTH - FRAMING SAW BLADE",Diablo D0620TSR Table Saws,"D0620TSR Diablo 6-1/2""20 Tooth - Framing Saw Blade",Diablo D0620TSR Table Saws,,,,,,,,,,,,,,,,,,,,,,,,,,,Table Saws,,,,,,,,,,,,,,,,,,,,,,,,,,,,,,,,,,,,,,,,,,,,,,,,,,,,,,,,,,,,,,,,,,,,,,,,,,,,,,,,,,,,,,,,,,,,,,,,,,,,,,,,,,,,,,,,,,,,,,,,,,,,,,,,,,,,,,,,,,,,,,,,,,,,,,,,,,,,,,,,,,,,,,,,,,,,,,,,,,,,,,,,,,,,,,,,,,,,,
,,,,,,D0648TSF,Power Tools,Saws,Table Saws,D0648TSF,D0648TSF,"D0648TSF Diablo 6-1/2""48 Tooth - Plywood Track Saw Blade",-- Unbranded --,-- No Unilog Brand --,-- No DIB Brand --,Freud Inc (2435),Freud Inc,Diablo,,D0648TSF,,Power Tools>Saws>Table Saws,"Freud Inc Diablo, Table Saws, D0648TSF","D0648TSF DIABLO 6-1/2""48 TOOTH - PLYWOOD TRACK SAW BLADE",Diablo D0648TSF Table Saws,"D0648TSF Diablo 6-1/2""48 Tooth - Plywood Track Saw Blade",Diablo D0648TSF Table Saws,,,,,,,,,,,,,,,,,,,,,,,,,,,Table Saws,,,,,,,,,,,,,,,,,,,,,,,,,,,,,,,,,,,,,,,,,,,,,,,,,,,,,,,,,,,,,,,,,,,,,,,,,,,,,,,,,,,,,,,,,,,,,,,,,,,,,,,,,,,,,,,,,,,,,,,,,,,,,,,,,,,,,,,,,,,,,,,,,,,,,,,,,,,,,,,,,,,,,,,,,,,,,,,,,,,,,,,,,,,,,,,,,,,,,
,,,,,,D0652TSL,Power Tools,Saws,Table Saws,D0652TSL,D0652TSL,"D0652TSL Diablo 6-1/2""52 Tooth - Laminate Track Saw Blade",-- Unbranded --,-- No Unilog Brand --,-- No DIB Brand --,Freud Inc (2435),Freud Inc,Diablo,,D0652TSL,,Power Tools>Saws>Table Saws,"Freud Inc Diablo, Table Saws, D0652TSL","D0652TSL DIABLO 6-1/2""52 TOOTH - LAMINATE TRACK SAW BLADE",Diablo D0652TSL Table Saws,"D0652TSL Diablo 6-1/2""52 Tooth - Laminate Track Saw Blade",Diablo D0652TSL Table Saws,,,,,,,,,,,,,,,,,,,,,,,,,,,Table Saws,,,,,,,,,,,,,,,,,,,,,,,,,,,,,,,,,,,,,,,,,,,,,,,,,,,,,,,,,,,,,,,,,,,,,,,,,,,,,,,,,,,,,,,,,,,,,,,,,,,,,,,,,,,,,,,,,,,,,,,,,,,,,,,,,,,,,,,,,,,,,,,,,,,,,,,,,,,,,,,,,,,,,,,,,,,,,,,,,,,,,,,,,,,,,,,,,,,,,
,,,,,,JT1-549,Power Tools,Saws,Band Saws,JT1-549,JT1-549,"JT1-549 JWBS18SFX 18"" Bandsaw - 1.75HP 1PH 115V",-- Unbranded --,-- No Unilog Brand --,-- No DIB Brand --,JPW Industries (JPWIN),JPW Industries,-- Unbranded --,,JT1-549,,Power Tools>Saws>Band Saws,"JPW Industries -- Unbranded --, Band Saws, JT1-549","JT1-549 JWBS18SFX 18"" BANDSAW - 1.75HP 1PH 115V",-- Unbranded -- JT1-549 Band Saws,"JT1-549 JWBS18SFX 18"" Bandsaw - 1.75HP 1PH 115V",-- Unbranded -- JT1-549 Band Saws,,,,,,,,,,,,,,,,,,,,,,,,,,,Band Saws,,,,,,,,,,,,,,,,,,,,,,,,,,,,,,,,,,,,,,,,,,,,,,,,,,,,,,,,,,,,,,,,,,,,,,,,,,,,,,,,,,,,,,,,,,,,,,,,,,,,,,,,,,,,,,,,,,,,,,,,,,,,,,,,,,,,,,,,,,,,,,,,,,,,,,,,,,,,,,,,,,,,,,,,,,,,,,,,,,,,,,,,,,,,,,,,,,,,,
,,,,,,JT1-1371,Power Tools,Saws,Band Saws,JT1-1371,JT1-1371,"JWBS14-SFX-BLK Jet 14"" Bandsaw - JT1-1371",-- Unbranded --,-- No Unilog Brand --,-- No DIB Brand --,JPW Industries (JPWIN),JPW Industries,-- Unbranded --,,JT1-1371,,Power Tools>Saws>Band Saws,"JPW Industries -- Unbranded --, Band Saws, JT1-1371","JWBS14-SFX-BLK JET 14"" BANDSAW - JT1-1371",-- Unbranded -- JT1-1371 Band Saws,"JWBS14-SFX-BLK Jet 14"" Bandsaw - JT1-1371",-- Unbranded -- JT1-1371 Band Saws,,,,,,,,,,,,,,,,,,,,,,,,,,,Band Saws,,,,,,,,,,,,,,,,,,,,,,,,,,,,,,,,,,,,,,,,,,,,,,,,,,,,,,,,,,,,,,,,,,,,,,,,,,,,,,,,,,,,,,,,,,,,,,,,,,,,,,,,,,,,,,,,,,,,,,,,,,,,,,,,,,,,,,,,,,,,,,,,,,,,,,,,,,,,,,,,,,,,,,,,,,,,,,,,,,,,,,,,,,,,,,,,,,,,,
,,,,,,JT9-714400K,Power Tools,Saws,Band Saws,JT9-714400K,JT9-714400K,"JWBS-14SFX 14"" Bandsaw JTP-714400K",-- Unbranded --,-- No Unilog Brand --,-- No DIB Brand --,JPW Industries (JPWIN),JPW Industries,-- Unbranded --,,JT9-714400K,,Power Tools>Saws>Band Saws,"JPW Industries -- Unbranded --, Band Saws, JT9-714400K","JWBS-14SFX 14"" BANDSAW JTP-714400K",-- Unbranded -- JT9-714400K Band Saws,"JWBS-14SFX 14"" Bandsaw JTP-714400K",-- Unbranded -- JT9-714400K Band Saws,,,,,,,,,,,,,,,,,,,,,,,,,,,Band Saws,,,,,,,,,,,,,,,,,,,,,,,,,,,,,,,,,,,,,,,,,,,,,,,,,,,,,,,,,,,,,,,,,,,,,,,,,,,,,,,,,,,,,,,,,,,,,,,,,,,,,,,,,,,,,,,,,,,,,,,,,,,,,,,,,,,,,,,,,,,,,,,,,,,,,,,,,,,,,,,,,,,,,,,,,,,,,,,,,,,,,,,,,,,,,,,,,,,,,
,,,,,,2834-21HD,Power Tools,Saws,Table Saws,2834-21HD,2834-21HD,"2834-21HD Milw M18 7-1/4"" Circ - Saw Kit",-- Unbranded --,-- No Unilog Brand --,Milwaukee,Milwaukee Accessory (4031),Milwaukee Electric Tool,Milwaukee,,2834-21HD,,Power Tools>Saws>Table Saws,"Milwaukee Electric Tool Milwaukee, Table Saws, 2834-21HD","2834-21HD MILW M18 7-1/4"" CIRC - SAW KIT",Milwaukee 2834-21HD Table Saws,"2834-21HD Milw M18 7-1/4"" Circ - Saw Kit",Milwaukee 2834-21HD Table Saws,,,,,,,,,,,,,,,,,,,,,,,,,,,Table Saws,,,,,,,,,,,,,,,,,,,,,,,,,,,,,,,,,,,,,,,,,,,,,,,,,,,,,,,,,,,,,,,,,,,,,,,,,,,,,,,,,,,,,,,,,,,,,,,,,,,,,,,,,,,,,,,,,,,,,,,,,,,,,,,,,,,,,,,,,,,,,,,,,,,,,,,,,,,,,,,,,,,,,,,,,,,,,,,,,,,,,,,,,,,,,,,,,,,,,
,,,,,,DCS383B,Power Tools,Saws,Table Saws,DCS383B,DCS383B,"DCS383B Dewalt 20V 7-1/4"" - Metal Cutting Circ Saw",-- Unbranded --,-- No Unilog Brand --,-- No DIB Brand --,Black & Decker/dewlt (2585),Stanley Black & Decker,DeWalt,,DCS383B,,Power Tools>Saws>Table Saws,"Stanley Black & Decker DeWalt, Table Saws, DCS383B","DCS383B DEWALT 20V 7-1/4"" - METAL CUTTING CIRC SAW",DeWalt DCS383B Table Saws,"DCS383B Dewalt 20V 7-1/4"" - Metal Cutting Circ Saw",DeWalt DCS383B Table Saws,,,,,,,,,,,,,,,,,,,,,,,,,,,Table Saws,,,,,,,,,,,,,,,,,,,,,,,,,,,,,,,,,,,,,,,,,,,,,,,,,,,,,,,,,,,,,,,,,,,,,,,,,,,,,,,,,,,,,,,,,,,,,,,,,,,,,,,,,,,,,,,,,,,,,,,,,,,,,,,,,,,,,,,,,,,,,,,,,,,,,,,,,,,,,,,,,,,,,,,,,,,,,,,,,,,,,,,,,,,,,,,,,,,,,
,,,,,,DCS590B,Power Tools,Saws,Table Saws,DCS590B,DCS590B,"DCS590B Dewalt 20V Cordless - 7-1/4"" Circular Saw (Bare)",-- Unbranded --,-- No Unilog Brand --,DEWALT,Black & Decker/dewlt (2585),Stanley Black & Decker,DeWalt,,DCS590B,,Power Tools>Saws>Table Saws,"Stanley Black & Decker DeWalt, Table Saws, DCS590B","DCS590B DEWALT 20V CORDLESS - 7-1/4"" CIRCULAR SAW (BARE)",DeWalt DCS590B Table Saws,"DCS590B Dewalt 20V Cordless - 7-1/4"" Circular Saw (Bare)",DeWalt DCS590B Table Saws,,,,,,,,,,,,,,,,,,,,,,,,,,,Table Saws,,,,,,,,,,,,,,,,,,,,,,,,,,,,,,,,,,,,,,,,,,,,,,,,,,,,,,,,,,,,,,,,,,,,,,,,,,,,,,,,,,,,,,,,,,,,,,,,,,,,,,,,,,,,,,,,,,,,,,,,,,,,,,,,,,,,,,,,,,,,,,,,,,,,,,,,,,,,,,,,,,,,,,,,,,,,,,,,,,,,,,,,,,,,,,,,,,,,,
,,,,,,KPTCS725A,Power Tools,Saws,Table Saws,KPTCS725A,KPTCS725A,"KPTCS725A Kreg 20V Ionic 7-1/4"" Circ Saw",-- Unbranded --,-- No Unilog Brand --,-- No DIB Brand --,Kreg Tool Company (KRETO),Kreg Tool Company,Kreg,,KPTCS725A,,Power Tools>Saws>Table Saws,"Kreg Tool Company Kreg, Table Saws, KPTCS725A","KPTCS725A KREG 20V IONIC 7-1/4"" CIRC SAW",Kreg KPTCS725A Table Saws,"KPTCS725A Kreg 20V Ionic 7-1/4"" Circ Saw",Kreg KPTCS725A Table Saws,,,,,,,,,,,,,,,,,,,,,,,,,,,Table Saws,,,,,,,,,,,,,,,,,,,,,,,,,,,,,,,,,,,,,,,,,,,,,,,,,,,,,,,,,,,,,,,,,,,,,,,,,,,,,,,,,,,,,,,,,,,,,,,,,,,,,,,,,,,,,,,,,,,,,,,,,,,,,,,,,,,,,,,,,,,,,,,,,,,,,,,,,,,,,,,,,,,,,,,,,,,,,,,,,,,,,,,,,,,,,,,,,,,,,
,,,,,,KPTCS450A,Power Tools,Saws,Table Saws,KPTCS450A,KPTCS450A,"KPTCS450A Kreg 20V Ionic 4-1/2"" Circ Saw",-- Unbranded --,-- No Unilog Brand --,-- No DIB Brand --,Kreg Tool Company (KRETO),Kreg Tool Company,Kreg,,KPTCS450A,,Power Tools>Saws>Table Saws,"Kreg Tool Company Kreg, Table Saws, KPTCS450A","KPTCS450A KREG 20V IONIC 4-1/2"" CIRC SAW",Kreg KPTCS450A Table Saws,"KPTCS450A Kreg 20V Ionic 4-1/2"" Circ Saw",Kreg KPTCS450A Table Saws,,,,,,,,,,,,,,,,,,,,,,,,,,,Table Saws,,,,,,,,,,,,,,,,,,,,,,,,,,,,,,,,,,,,,,,,,,,,,,,,,,,,,,,,,,,,,,,,,,,,,,,,,,,,,,,,,,,,,,,,,,,,,,,,,,,,,,,,,,,,,,,,,,,,,,,,,,,,,,,,,,,,,,,,,,,,,,,,,,,,,,,,,,,,,,,,,,,,,,,,,,,,,,,,,,,,,,,,,,,,,,,,,,,,,
,,,,,,2545-20,Hand Tools,Woodworking Tools,Clamps & Jigs,2545-20,2545-20,2545-20 Milw M12 Jig Saw,-- Unbranded --,-- No Unilog Brand --,Milwaukee,Milwaukee Accessory (4031),Milwaukee Electric Tool,Milwaukee,,2545-20,,Hand Tools>Woodworking Tools>Clamps & Jigs,"Milwaukee Electric Tool Milwaukee, Clamps & Jigs, 2545-20",2545-20 MILW M12 JIG SAW,Milwaukee 2545-20 Clamps & Jigs,2545-20 Milw M12 Jig Saw,Milwaukee 2545-20 Clamps & Jigs,,,,,,,,,,,,,,,,,,,,,,,,,,,Clamps & Jigs,,,,,,,,,,,,,,,,,,,,,,,,,,,,,,,,,,,,,,,,,,,,,,,,,,,,,,,,,,,,,,,,,,,,,,,,,,,,,,,,,,,,,,,,,,,,,,,,,,,,,,,,,,,,,,,,,,,,,,,,,,,,,,,,,,,,,,,,,,,,,,,,,,,,,,,,,,,,,,,,,,,,,,,,,,,,,,,,,,,,,,,,,,,,,,,,,,,,,
,,,,,,KPTJS100A,Hand Tools,Woodworking Tools,Clamps & Jigs,KPTJS100A,KPTJS100A,KPTJS100A Kreg 20V Ionic Barrel Grip Jigsaw,-- Unbranded --,-- No Unilog Brand --,-- No DIB Brand --,Kreg Tool Company (KRETO),Kreg Tool Company,Kreg,,KPTJS100A,,Hand Tools>Woodworking Tools>Clamps & Jigs,"Kreg Tool Company Kreg, Clamps & Jigs, KPTJS100A",KPTJS100A KREG 20V IONIC BARREL GRIP JIGSAW,Kreg KPTJS100A Clamps & Jigs,KPTJS100A Kreg 20V Ionic Barrel Grip Jigsaw,Kreg KPTJS100A Clamps & Jigs,,,,,,,,,,,,,,,,,,,,,,,,,,,Clamps & Jigs,,,,,,,,,,,,,,,,,,,,,,,,,,,,,,,,,,,,,,,,,,,,,,,,,,,,,,,,,,,,,,,,,,,,,,,,,,,,,,,,,,,,,,,,,,,,,,,,,,,,,,,,,,,,,,,,,,,,,,,,,,,,,,,,,,,,,,,,,,,,,,,,,,,,,,,,,,,,,,,,,,,,,,,,,,,,,,,,,,,,,,,,,,,,,,,,,,,,,
,,,,,,DCS714B,Power Tools,Saws,Table Saws,DCS714B,DCS714B,"DCS714B Dewalt 20V Miter Saw - (Bare) 10"" Double Bevel Fixed",-- Unbranded --,-- No Unilog Brand --,-- No DIB Brand --,Black & Decker/dewlt (2585),Stanley Black & Decker,DeWalt,,DCS714B,,Power Tools>Saws>Table Saws,"Stanley Black & Decker DeWalt, Table Saws, DCS714B","DCS714B DEWALT 20V MITER SAW - (BARE) 10"" DOUBLE BEVEL FIXED",DeWalt DCS714B Table Saws,"DCS714B Dewalt 20V Miter Saw - (Bare) 10"" Double Bevel Fixed",DeWalt DCS714B Table Saws,,,,,,,,,,,,,,,,,,,,,,,,,,,Table Saws,,,,,,,,,,,,,,,,,,,,,,,,,,,,,,,,,,,,,,,,,,,,,,,,,,,,,,,,,,,,,,,,,,,,,,,,,,,,,,,,,,,,,,,,,,,,,,,,,,,,,,,,,,,,,,,,,,,,,,,,,,,,,,,,,,,,,,,,,,,,,,,,,,,,,,,,,,,,,,,,,,,,,,,,,,,,,,,,,,,,,,,,,,,,,,,,,,,,,
,,,,,,DCS785B,Power Tools,Saws,Table Saws,DCS785B,DCS785B,"DCS785B Dewalt 20V Miter Saw - Kit 12"" Double Bevel Sliding",-- Unbranded --,-- No Unilog Brand --,-- No DIB Brand --,Black & Decker/dewlt (2585),Stanley Black & Decker,DeWalt,,DCS785B,,Power Tools>Saws>Table Saws,"Stanley Black & Decker DeWalt, Table Saws, DCS785B","DCS785B DEWALT 20V MITER SAW - KIT 12"" DOUBLE BEVEL SLIDING",DeWalt DCS785B Table Saws,"DCS785B Dewalt 20V Miter Saw - Kit 12"" Double Bevel Sliding",DeWalt DCS785B Table Saws,,,,,,,,,,,,,,,,,,,,,,,,,,,Table Saws,,,,,,,,,,,,,,,,,,,,,,,,,,,,,,,,,,,,,,,,,,,,,,,,,,,,,,,,,,,,,,,,,,,,,,,,,,,,,,,,,,,,,,,,,,,,,,,,,,,,,,,,,,,,,,,,,,,,,,,,,,,,,,,,,,,,,,,,,,,,,,,,,,,,,,,,,,,,,,,,,,,,,,,,,,,,,,,,,,,,,,,,,,,,,,,,,,,,,
,,,,,,GSL02M1,Power Tools,Saws,Table Saws,GSL02M1,GSL02M1,"GSL02M1 Makita Miter Saw - 40V 8-1/2""",-- Unbranded --,-- No Unilog Brand --,-- No DIB Brand --,Makita Usa Inc (5142),Makita U.S.A. Inc,Makita,,GSL02M1,,Power Tools>Saws>Table Saws,"Makita U.S.A. Inc Makita, Table Saws, GSL02M1","GSL02M1 MAKITA MITER SAW - 40V 8-1/2""",Makita GSL02M1 Table Saws,"GSL02M1 Makita Miter Saw - 40V 8-1/2""",Makita GSL02M1 Table Saws,,,,,,,,,,,,,,,,,,,,,,,,,,,Table Saws,,,,,,,,,,,,,,,,,,,,,,,,,,,,,,,,,,,,,,,,,,,,,,,,,,,,,,,,,,,,,,,,,,,,,,,,,,,,,,,,,,,,,,,,,,,,,,,,,,,,,,,,,,,,,,,,,,,,,,,,,,,,,,,,,,,,,,,,,,,,,,,,,,,,,,,,,,,,,,,,,,,,,,,,,,,,,,,,,,,,,,,,,,,,,,,,,,,,,
,,,,,,DW7029,Power Tools,Saws,Table Saws,DW7029,DW7029,DW7029 Dewalt Miter Saw - Stand Support/Stop,-- Unbranded --,-- No Unilog Brand --,-- No DIB Brand --,Black & Decker/dewlt (2585),Stanley Black & Decker,DeWalt,,DW7029,,Power Tools>Saws>Table Saws,"Stanley Black & Decker DeWalt, Table Saws, DW7029",DW7029 DEWALT MITER SAW - STAND SUPPORT/STOP,DeWalt DW7029 Table Saws,DW7029 Dewalt Miter Saw - Stand Support/Stop,DeWalt DW7029 Table Saws,,,,,,,,,,,,,,,,,,,,,,,,,,,Table Saws,,,,,,,,,,,,,,,,,,,,,,,,,,,,,,,,,,,,,,,,,,,,,,,,,,,,,,,,,,,,,,,,,,,,,,,,,,,,,,,,,,,,,,,,,,,,,,,,,,,,,,,,,,,,,,,,,,,,,,,,,,,,,,,,,,,,,,,,,,,,,,,,,,,,,,,,,,,,,,,,,,,,,,,,,,,,,,,,,,,,,,,,,,,,,,,,,,,,,
,,,,,,DCS384B,Power Tools,Saws,Table Saws,DCS384B,DCS384B,DCS384B Dewalt 20V Brushless - Cordless Recip Saw (Bare),-- Unbranded --,-- No Unilog Brand --,DEWALT,Black & Decker/dewlt (2585),Stanley Black & Decker,DeWalt,,DCS384B,,Power Tools>Saws>Table Saws,"Stanley Black & Decker DeWalt, Table Saws, DCS384B",DCS384B DEWALT 20V BRUSHLESS - CORDLESS RECIP SAW (BARE),DeWalt DCS384B Table Saws,DCS384B Dewalt 20V Brushless - Cordless Recip Saw (Bare),DeWalt DCS384B Table Saws,,,,,,,,,,,,,,,,,,,,,,,,,,,Table Saws,,,,,,,,,,,,,,,,,,,,,,,,,,,,,,,,,,,,,,,,,,,,,,,,,,,,,,,,,,,,,,,,,,,,,,,,,,,,,,,,,,,,,,,,,,,,,,,,,,,,,,,,,,,,,,,,,,,,,,,,,,,,,,,,,,,,,,,,,,,,,,,,,,,,,,,,,,,,,,,,,,,,,,,,,,,,,,,,,,,,,,,,,,,,,,,,,,,,,
,,,,,,XRJ08Z,Power Tools,Saws,Table Saws,XRJ08Z,XRJ08Z,XRJ08Z Makita 18V Recip Saw - Bare Tool,-- Unbranded --,-- No Unilog Brand --,-- No DIB Brand --,Makita Usa Inc (5142),Makita U.S.A. Inc,Makita,,XRJ08Z,,Power Tools>Saws>Table Saws,"Makita U.S.A. Inc Makita, Table Saws, XRJ08Z",XRJ08Z MAKITA 18V RECIP SAW - BARE TOOL,Makita XRJ08Z Table Saws,XRJ08Z Makita 18V Recip Saw - Bare Tool,Makita XRJ08Z Table Saws,,,,,,,,,,,,,,,,,,,,,,,,,,,Table Saws,,,,,,,,,,,,,,,,,,,,,,,,,,,,,,,,,,,,,,,,,,,,,,,,,,,,,,,,,,,,,,,,,,,,,,,,,,,,,,,,,,,,,,,,,,,,,,,,,,,,,,,,,,,,,,,,,,,,,,,,,,,,,,,,,,,,,,,,,,,,,,,,,,,,,,,,,,,,,,,,,,,,,,,,,,,,,,,,,,,,,,,,,,,,,,,,,,,,,
,,,,,,G0771Z,Power Tools,Saws,Table Saws,G0771Z,G0771Z,"Grizzly G0771Z 30"" Table Saw",-- Unbranded --,-- No Unilog Brand --,-- No DIB Brand --,Woodstock Intl (3658),Woodstock International,-- Unbranded --,,G0771Z,,Power Tools>Saws>Table Saws,"Woodstock International -- Unbranded --, Table Saws, G0771Z","GRIZZLY G0771Z 30"" TABLE SAW",-- Unbranded -- G0771Z Table Saws,"Grizzly G0771Z 30"" Table Saw",-- Unbranded -- G0771Z Table Saws,,,,,,,,,,,,,,,,,,,,,,,,,,,Table Saws,,,,,,,,,,,,,,,,,,,,,,,,,,,,,,,,,,,,,,,,,,,,,,,,,,,,,,,,,,,,,,,,,,,,,,,,,,,,,,,,,,,,,,,,,,,,,,,,,,,,,,,,,,,,,,,,,,,,,,,,,,,,,,,,,,,,,,,,,,,,,,,,,,,,,,,,,,,,,,,,,,,,,,,,,,,,,,,,,,,,,,,,,,,,,,,,,,,,,
,,,,,,TS1017,Power Tools,Saws,Table Saws,TS1017,TS1017,TS1017 Table Saw Zero-Clearance Insert,-- Unbranded --,-- No Unilog Brand --,-- No DIB Brand --,Robt Bosch Tool Corp (6564),Robert Bosch Tool Corporation,-- Unbranded --,,TS1017,,Power Tools>Saws>Table Saws,"Robert Bosch Tool Corporation -- Unbranded --, Table Saws, TS1017",TS1017 TABLE SAW ZERO-CLEARANCE INSERT,-- Unbranded -- TS1017 Table Saws,TS1017 Table Saw Zero-Clearance Insert,-- Unbranded -- TS1017 Table Saws,,,,,,,,,,,,,,,,,,,,,,,,,,,Table Saws,,,,,,,,,,,,,,,,,,,,,,,,,,,,,,,,,,,,,,,,,,,,,,,,,,,,,,,,,,,,,,,,,,,,,,,,,,,,,,,,,,,,,,,,,,,,,,,,,,,,,,,,,,,,,,,,,,,,,,,,,,,,,,,,,,,,,,,,,,,,,,,,,,,,,,,,,,,,,,,,,,,,,,,,,,,,,,,,,,,,,,,,,,,,,,,,,,,,,
,,,,,,XT524,,,,XT524,XT524,"XT524 24"" XT XTENDER Fence",-- Unbranded --,-- No Unilog Brand --,-- No DIB Brand --,Bow Products (BOWPR),Bow Products,-- Unbranded --,,XT524,,,"Bow Products -- Unbranded --, Hardware & Tools, XT524","XT524 24"" XT XTENDER FENCE",-- Unbranded -- XT524 Hardware & Tools,"XT524 24"" XT XTENDER Fence",-- Unbranded -- XT524 Hardware & Tools,,,,,,,,,,,,,,,,,,,,,,,,,,,Hardware & Tools,,,,,,,,,,,,,,,,,,,,,,,,,,,,,,,,,,,,,,,,,,,,,,,,,,,,,,,,,,,,,,,,,,,,,,,,,,,,,,,,,,,,,,,,,,,,,,,,,,,,,,,,,,,,,,,,,,,,,,,,,,,,,,,,,,,,,,,,,,,,,,,,,,,,,,,,,,,,,,,,,,,,,,,,,,,,,,,,,,,,,,,,,,,,,,,,,,,,,
,,,,,,XT536,,,,XT536,XT536,"XT536 36"" XT XTENDER Fence",-- Unbranded --,-- No Unilog Brand --,-- No DIB Brand --,Bow Products (BOWPR),Bow Products,-- Unbranded --,,XT536,,,"Bow Products -- Unbranded --, Hardware & Tools, XT536","XT536 36"" XT XTENDER FENCE",-- Unbranded -- XT536 Hardware & Tools,"XT536 36"" XT XTENDER Fence",-- Unbranded -- XT536 Hardware & Tools,,,,,,,,,,,,,,,,,,,,,,,,,,,Hardware & Tools,,,,,,,,,,,,,,,,,,,,,,,,,,,,,,,,,,,,,,,,,,,,,,,,,,,,,,,,,,,,,,,,,,,,,,,,,,,,,,,,,,,,,,,,,,,,,,,,,,,,,,,,,,,,,,,,,,,,,,,,,,,,,,,,,,,,,,,,,,,,,,,,,,,,,,,,,,,,,,,,,,,,,,,,,,,,,,,,,,,,,,,,,,,,,,,,,,,,,
,,,,,,XT546,,,,XT546,XT546,"XT546 46"" XT XTENDER Fence",-- Unbranded --,-- No Unilog Brand --,-- No DIB Brand --,Bow Products (BOWPR),Bow Products,-- Unbranded --,,XT546,,,"Bow Products -- Unbranded --, Hardware & Tools, XT546","XT546 46"" XT XTENDER FENCE",-- Unbranded -- XT546 Hardware & Tools,"XT546 46"" XT XTENDER Fence",-- Unbranded -- XT546 Hardware & Tools,,,,,,,,,,,,,,,,,,,,,,,,,,,Hardware & Tools,,,,,,,,,,,,,,,,,,,,,,,,,,,,,,,,,,,,,,,,,,,,,,,,,,,,,,,,,,,,,,,,,,,,,,,,,,,,,,,,,,,,,,,,,,,,,,,,,,,,,,,,,,,,,,,,,,,,,,,,,,,,,,,,,,,,,,,,,,,,,,,,,,,,,,,,,,,,,,,,,,,,,,,,,,,,,,,,,,,,,,,,,,,,,,,,,,,,,
,,,,,,XTP235,Safety & Workwear,Eye Protection,Safety Glasses,XTP235,XTP235,"35"" XTP XTENDER PRO Fence - XTP235",-- Unbranded --,-- No Unilog Brand --,-- No DIB Brand --,Bow Products (BOWPR),Bow Products,-- Unbranded --,,XTP235,,Safety & Workwear>Eye Protection>Safety Glasses,"Bow Products -- Unbranded --, Safety Glasses, XTP235","35"" XTP XTENDER PRO FENCE - XTP235",-- Unbranded -- XTP235 Safety Glasses,"35"" XTP XTENDER PRO Fence - XTP235",-- Unbranded -- XTP235 Safety Glasses,,,,,,,,,,,,,,,,,,,,,,,,,,,Safety Glasses,,,,,,,,,,,,,,,,,,,,,,,,,,,,,,,,,,,,,,,,,,,,,,,,,,,,,,,,,,,,,,,,,,,,,,,,,,,,,,,,,,,,,,,,,,,,,,,,,,,,,,,,,,,,,,,,,,,,,,,,,,,,,,,,,,,,,,,,,,,,,,,,,,,,,,,,,,,,,,,,,,,,,,,,,,,,,,,,,,,,,,,,,,,,,,,,,,,,,
,,,,,,TGP2-FA,,,,TGP2-FA,TGP2-FA,TGP2-FA T-Glide Fence Professional,-- Unbranded --,-- No Unilog Brand --,-- No DIB Brand --,Saw Stop LLC (SAWST),SawStop LLC,-- Unbranded --,,TGP2-FA,,,"SawStop LLC -- Unbranded --, Hardware & Tools, TGP2-FA",TGP2-FA T-GLIDE FENCE PROFESSIONAL,-- Unbranded -- TGP2-FA Hardware & Tools,TGP2-FA T-Glide Fence Professional,-- Unbranded -- TGP2-FA Hardware & Tools,,,,,,,,,,,,,,,,,,,,,,,,,,,Hardware & Tools,,,,,,,,,,,,,,,,,,,,,,,,,,,,,,,,,,,,,,,,,,,,,,,,,,,,,,,,,,,,,,,,,,,,,,,,,,,,,,,,,,,,,,,,,,,,,,,,,,,,,,,,,,,,,,,,,,,,,,,,,,,,,,,,,,,,,,,,,,,,,,,,,,,,,,,,,,,,,,,,,,,,,,,,,,,,,,,,,,,,,,,,,,,,,,,,,,,,,
,,,,,,ATGI-FA,,,,ATGI-FA,ATGI-FA,ATGI-FA T-Glide Advanced Fence Industrial,-- Unbranded --,-- No Unilog Brand --,-- No DIB Brand --,Saw Stop LLC (SAWST),SawStop LLC,-- Unbranded --,,ATGI-FA,,,"SawStop LLC -- Unbranded --, Hardware & Tools, ATGI-FA",ATGI-FA T-GLIDE ADVANCED FENCE INDUSTRIAL,-- Unbranded -- ATGI-FA Hardware & Tools,ATGI-FA T-Glide Advanced Fence Industrial,-- Unbranded -- ATGI-FA Hardware & Tools,,,,,,,,,,,,,,,,,,,,,,,,,,,Hardware & Tools,,,,,,,,,,,,,,,,,,,,,,,,,,,,,,,,,,,,,,,,,,,,,,,,,,,,,,,,,,,,,,,,,,,,,,,,,,,,,,,,,,,,,,,,,,,,,,,,,,,,,,,,,,,,,,,,,,,,,,,,,,,,,,,,,,,,,,,,,,,,,,,,,,,,,,,,,,,,,,,,,,,,,,,,,,,,,,,,,,,,,,,,,,,,,,,,,,,,,
,,,,,,ATGP-FA,,,,ATGP-FA,ATGP-FA,ATGP-FA T-Glide Advance Fence Professional,-- Unbranded --,-- No Unilog Brand --,-- No DIB Brand --,Saw Stop LLC (SAWST),SawStop LLC,-- Unbranded --,,ATGP-FA,,,"SawStop LLC -- Unbranded --, Hardware & Tools, ATGP-FA",ATGP-FA T-GLIDE ADVANCE FENCE PROFESSIONAL,-- Unbranded -- ATGP-FA Hardware & Tools,ATGP-FA T-Glide Advance Fence Professional,-- Unbranded -- ATGP-FA Hardware & Tools,,,,,,,,,,,,,,,,,,,,,,,,,,,Hardware & Tools,,,,,,,,,,,,,,,,,,,,,,,,,,,,,,,,,,,,,,,,,,,,,,,,,,,,,,,,,,,,,,,,,,,,,,,,,,,,,,,,,,,,,,,,,,,,,,,,,,,,,,,,,,,,,,,,,,,,,,,,,,,,,,,,,,,,,,,,,,,,,,,,,,,,,,,,,,,,,,,,,,,,,,,,,,,,,,,,,,,,,,,,,,,,,,,,,,,,,
,,,,,,TGI2-FA,,,,TGI2-FA,TGI2-FA,TGI2-FA T-Glide Fence Indudtrial,-- Unbranded --,-- No Unilog Brand --,-- No DIB Brand --,Saw Stop LLC (SAWST),SawStop LLC,-- Unbranded --,,TGI2-FA,,,"SawStop LLC -- Unbranded --, Hardware & Tools, TGI2-FA",TGI2-FA T-GLIDE FENCE INDUDTRIAL,-- Unbranded -- TGI2-FA Hardware & Tools,TGI2-FA T-Glide Fence Indudtrial,-- Unbranded -- TGI2-FA Hardware & Tools,,,,,,,,,,,,,,,,,,,,,,,,,,,Hardware & Tools,,,,,,,,,,,,,,,,,,,,,,,,,,,,,,,,,,,,,,,,,,,,,,,,,,,,,,,,,,,,,,,,,,,,,,,,,,,,,,,,,,,,,,,,,,,,,,,,,,,,,,,,,,,,,,,,,,,,,,,,,,,,,,,,,,,,,,,,,,,,,,,,,,,,,,,,,,,,,,,,,,,,,,,,,,,,,,,,,,,,,,,,,,,,,,,,,,,,,
,,,,,,TGI2-T36A,Power Tools,Saws,Table Saws,TGI2-T36A,TGI2-T36A,"TGI2-T36A 36"" Table Assembly Industrial",-- Unbranded --,-- No Unilog Brand --,-- No DIB Brand --,Saw Stop LLC (SAWST),SawStop LLC,-- Unbranded --,,TGI2-T36A,,Power Tools>Saws>Table Saws,"SawStop LLC -- Unbranded --, Table Saws, TGI2-T36A","TGI2-T36A 36"" TABLE ASSEMBLY INDUSTRIAL",-- Unbranded -- TGI2-T36A Table Saws,"TGI2-T36A 36"" Table Assembly Industrial",-- Unbranded -- TGI2-T36A Table Saws,,,,,,,,,,,,,,,,,,,,,,,,,,,Table Saws,,,,,,,,,,,,,,,,,,,,,,,,,,,,,,,,,,,,,,,,,,,,,,,,,,,,,,,,,,,,,,,,,,,,,,,,,,,,,,,,,,,,,,,,,,,,,,,,,,,,,,,,,,,,,,,,,,,,,,,,,,,,,,,,,,,,,,,,,,,,,,,,,,,,,,,,,,,,,,,,,,,,,,,,,,,,,,,,,,,,,,,,,,,,,,,,,,,,,
,,,,,,KPTBPS100A,Power Tools,Saws,Table Saws,KPTBPS100A,KPTBPS100A,"KPTBPS100A Kreg 20V Ionic 6-1/2"" Plunge-Cut Track Saw Kit",-- Unbranded --,-- No Unilog Brand --,-- No DIB Brand --,Kreg Tool Company (KRETO),Kreg Tool Company,Kreg,,KPTBPS100A,,Power Tools>Saws>Table Saws,"Kreg Tool Company Kreg, Table Saws, KPTBPS100A","KPTBPS100A KREG 20V IONIC 6-1/2"" PLUNGE-CUT TRACK SAW KIT",Kreg KPTBPS100A Table Saws,"KPTBPS100A Kreg 20V Ionic 6-1/2"" Plunge-Cut Track Saw Kit",Kreg KPTBPS100A Table Saws,,,,,,,,,,,,,,,,,,,,,,,,,,,Table Saws,,,,,,,,,,,,,,,,,,,,,,,,,,,,,,,,,,,,,,,,,,,,,,,,,,,,,,,,,,,,,,,,,,,,,,,,,,,,,,,,,,,,,,,,,,,,,,,,,,,,,,,,,,,,,,,,,,,,,,,,,,,,,,,,,,,,,,,,,,,,,,,,,,,,,,,,,,,,,,,,,,,,,,,,,,,,,,,,,,,,,,,,,,,,,,,,,,,,,
,,,,,,DCB606C,Appliances & Consumer Electronics,Kitchen Appliances,Built-In Dishwashers,DCB606C,DCB606C,DCB606C Dewalt Flexvolt Starter Kit,-- Unbranded --,-- No Unilog Brand --,-- No DIB Brand --,Black & Decker/dewlt (2585),Stanley Black & Decker,DeWalt,,DCB606C,,Appliances & Consumer Electronics>Kitchen Appliances>Built-In Dishwashers,"Stanley Black & Decker DeWalt, Built-In Dishwashers, DCB606C",DCB606C DEWALT FLEXVOLT STARTER KIT,DeWalt DCB606C Built-In Dishwashers,DCB606C Dewalt Flexvolt Starter Kit,DeWalt DCB606C Built-In Dishwashers,,,,,,,,,,,,,,,,,,,,,,,,,,,Built-In Dishwashers,,,,,,,,,,,,,,,,,,,,,,,,,,,,,,,,,,,,,,,,,,,,,,,,,,,,,,,,,,,,,,,,,,,,,,,,,,,,,,,,,,,,,,,,,,,,,,,,,,,,,,,,,,,,,,,,,,,,,,,,,,,,,,,,,,,,,,,,,,,,,,,,,,,,,,,,,,,,,,,,,,,,,,,,,,,,,,,,,,,,,,,,,,,,,,,,,,,,,
,,,,,,BL1850BDC1,Appliances & Consumer Electronics,Kitchen Appliances,Built-In Dishwashers,BL1850BDC1,BL1850BDC1,BL1850BDC1 Makita Starter Kit,-- Unbranded --,-- No Unilog Brand --,-- No DIB Brand --,Makita Usa Inc (5142),Makita U.S.A. Inc,Makita,,BL1850BDC1,,Appliances & Consumer Electronics>Kitchen Appliances>Built-In Dishwashers,"Makita U.S.A. Inc Makita, Built-In Dishwashers, BL1850BDC1",BL1850BDC1 MAKITA STARTER KIT,Makita BL1850BDC1 Built-In Dishwashers,BL1850BDC1 Makita Starter Kit,Makita BL1850BDC1 Built-In Dishwashers,,,,,,,,,,,,,,,,,,,,,,,,,,,Built-In Dishwashers,,,,,,,,,,,,,,,,,,,,,,,,,,,,,,,,,,,,,,,,,,,,,,,,,,,,,,,,,,,,,,,,,,,,,,,,,,,,,,,,,,,,,,,,,,,,,,,,,,,,,,,,,,,,,,,,,,,,,,,,,,,,,,,,,,,,,,,,,,,,,,,,,,,,,,,,,,,,,,,,,,,,,,,,,,,,,,,,,,,,,,,,,,,,,,,,,,,,,
,,,,,,DCB205C,Appliances & Consumer Electronics,Kitchen Appliances,Built-In Dishwashers,DCB205C,DCB205C,DCB205C 20V Starter Kit,-- Unbranded --,-- No Unilog Brand --,DEWALT,Black & Decker/dewlt (2585),Stanley Black & Decker,DeWalt,,DCB205C,,Appliances & Consumer Electronics>Kitchen Appliances>Built-In Dishwashers,"Stanley Black & Decker DeWalt, Built-In Dishwashers, DCB205C",DCB205C 20V STARTER KIT,DeWalt DCB205C Built-In Dishwashers,DCB205C 20V Starter Kit,DeWalt DCB205C Built-In Dishwashers,,,,,,,,,,,,,,,,,,,,,,,,,,,Built-In Dishwashers,,,,,,,,,,,,,,,,,,,,,,,,,,,,,,,,,,,,,,,,,,,,,,,,,,,,,,,,,,,,,,,,,,,,,,,,,,,,,,,,,,,,,,,,,,,,,,,,,,,,,,,,,,,,,,,,,,,,,,,,,,,,,,,,,,,,,,,,,,,,,,,,,,,,,,,,,,,,,,,,,,,,,,,,,,,,,,,,,,,,,,,,,,,,,,,,,,,,,
,,,,,,DCB2108,,,,DCB2108,DCB2108,DCB2108 Dewalt 20V 8Ah Battery - Max XR Powerpack,-- Unbranded --,-- No Unilog Brand --,DEWALT,Black & Decker/dewlt (2585),Stanley Black & Decker,DeWalt,,DCB2108,,,"Stanley Black & Decker DeWalt, Hardware & Tools, DCB2108",DCB2108 DEWALT 20V 8AH BATTERY - MAX XR POWERPACK,DeWalt DCB2108 Hardware & Tools,DCB2108 Dewalt 20V 8Ah Battery - Max XR Powerpack,DeWalt DCB2108 Hardware & Tools,,,,,,,,,,,,,,,,,,,,,,,,,,,Hardware & Tools,,,,,,,,,,,,,,,,,,,,,,,,,,,,,,,,,,,,,,,,,,,,,,,,,,,,,,,,,,,,,,,,,,,,,,,,,,,,,,,,,,,,,,,,,,,,,,,,,,,,,,,,,,,,,,,,,,,,,,,,,,,,,,,,,,,,,,,,,,,,,,,,,,,,,,,,,,,,,,,,,,,,,,,,,,,,,,,,,,,,,,,,,,,,,,,,,,,,,
,,,,,,DCB2108-2,,,,DCB2108-2,DCB2108-2,DCB2108-2 Dewalt 20V 8Ah 2pk - Battery Max XR Powerpack,-- Unbranded --,-- No Unilog Brand --,-- No DIB Brand --,Black & Decker/dewlt (2585),Stanley Black & Decker,DeWalt,,DCB2108-2,,,"Stanley Black & Decker DeWalt, Hardware & Tools, DCB2108-2",DCB2108-2 DEWALT 20V 8AH 2PK - BATTERY MAX XR POWERPACK,DeWalt DCB2108-2 Hardware & Tools,DCB2108-2 Dewalt 20V 8Ah 2pk - Battery Max XR Powerpack,DeWalt DCB2108-2 Hardware & Tools,,,,,,,,,,,,,,,,,,,,,,,,,,,Hardware & Tools,Pack Quantity,2,,,,,,,,,,,,,,,,,,,,,,,,,,,,,,,,,,,,,,,,,,,,,,,,,,,,,,,,,,,,,,,,,,,,,,,,,,,,,,,,,,,,,,,,,,,,,,,,,,,,,,,,,,,,,,,,,,,,,,,,,,,,,,,,,,,,,,,,,,,,,,,,,,,,,,,,,,,,,,,,,,,,,,,,,,,,,,,,,,,,,,,,,,,,,,,,,,,
,,,,,,VB0212,,,,VB0212,VB0212,VB0212 Senco 18V 2.0 AH Lithium Battery,-- Unbranded --,-- No Unilog Brand --,-- No DIB Brand --,Senco Products Inc (4650),Senco Products Inc,Senco,,VB0212,,,"Senco Products Inc Senco, Hardware & Tools, VB0212",VB0212 SENCO 18V 2.0 AH LITHIUM BATTERY,Senco VB0212 Hardware & Tools,VB0212 Senco 18V 2.0 AH Lithium Battery,Senco VB0212 Hardware & Tools,,,,,,,,,,,,,,,,,,,,,,,,,,,Hardware & Tools,,,,,,,,,,,,,,,,,,,,,,,,,,,,,,,,,,,,,,,,,,,,,,,,,,,,,,,,,,,,,,,,,,,,,,,,,,,,,,,,,,,,,,,,,,,,,,,,,,,,,,,,,,,,,,,,,,,,,,,,,,,,,,,,,,,,,,,,,,,,,,,,,,,,,,,,,,,,,,,,,,,,,,,,,,,,,,,,,,,,,,,,,,,,,,,,,,,,,
,,,,,,BCB2A20A,Appliances & Consumer Electronics,Kitchen Appliances,Built-In Dishwashers,BCB2A20A,BCB2A20A,BCB2A20A Kreg 20V Battery/Charger Starter Kit,-- Unbranded --,-- No Unilog Brand --,-- No DIB Brand --,Kreg Tool Company (KRETO),Kreg Tool Company,Kreg,,BCB2A20A,,Appliances & Consumer Electronics>Kitchen Appliances>Built-In Dishwashers,"Kreg Tool Company Kreg, Built-In Dishwashers, BCB2A20A",BCB2A20A KREG 20V BATTERY/CHARGER STARTER KIT,Kreg BCB2A20A Built-In Dishwashers,BCB2A20A Kreg 20V Battery/Charger Starter Kit,Kreg BCB2A20A Built-In Dishwashers,,,,,,,,,,,,,,,,,,,,,,,,,,,Built-In Dishwashers,,,,,,,,,,,,,,,,,,,,,,,,,,,,,,,,,,,,,,,,,,,,,,,,,,,,,,,,,,,,,,,,,,,,,,,,,,,,,,,,,,,,,,,,,,,,,,,,,,,,,,,,,,,,,,,,,,,,,,,,,,,,,,,,,,,,,,,,,,,,,,,,,,,,,,,,,,,,,,,,,,,,,,,,,,,,,,,,,,,,,,,,,,,,,,,,,,,,,
,,,,,,BATT4A,,,,BATT4A,BATT4A,BATT4A Kreg 20V 4ah Battery Pack,-- Unbranded --,-- No Unilog Brand --,-- No DIB Brand --,Kreg Tool Company (KRETO),Kreg Tool Company,Kreg,,BATT4A,,,"Kreg Tool Company Kreg, Hardware & Tools, BATT4A",BATT4A KREG 20V 4AH BATTERY PACK,Kreg BATT4A Hardware & Tools,BATT4A Kreg 20V 4ah Battery Pack,Kreg BATT4A Hardware & Tools,,,,,,,,,,,,,,,,,,,,,,,,,,,Hardware & Tools,,,,,,,,,,,,,,,,,,,,,,,,,,,,,,,,,,,,,,,,,,,,,,,,,,,,,,,,,,,,,,,,,,,,,,,,,,,,,,,,,,,,,,,,,,,,,,,,,,,,,,,,,,,,,,,,,,,,,,,,,,,,,,,,,,,,,,,,,,,,,,,,,,,,,,,,,,,,,,,,,,,,,,,,,,,,,,,,,,,,,,,,,,,,,,,,,,,,,
,,,,,,BATT2A,,,,BATT2A,BATT2A,BATT2A Kreg 20V 2ah Battery Pack,-- Unbranded --,-- No Unilog Brand --,-- No DIB Brand --,Kreg Tool Company (KRETO),Kreg Tool Company,Kreg,,BATT2A,,,"Kreg Tool Company Kreg, Hardware & Tools, BATT2A",BATT2A KREG 20V 2AH BATTERY PACK,Kreg BATT2A Hardware & Tools,BATT2A Kreg 20V 2ah Battery Pack,Kreg BATT2A Hardware & Tools,,,,,,,,,,,,,,,,,,,,,,,,,,,Hardware & Tools,,,,,,,,,,,,,,,,,,,,,,,,,,,,,,,,,,,,,,,,,,,,,,,,,,,,,,,,,,,,,,,,,,,,,,,,,,,,,,,,,,,,,,,,,,,,,,,,,,,,,,,,,,,,,,,,,,,,,,,,,,,,,,,,,,,,,,,,,,,,,,,,,,,,,,,,,,,,,,,,,,,,,,,,,,,,,,,,,,,,,,,,,,,,,,,,,,,,,
,,,,,,BL1850BDC2X1,Appliances & Consumer Electronics,Kitchen Appliances,Built-In Dishwashers,BL1850BDC2X1,BL1850BDC2X1,BL1850BDC2X1 Makita Starter Kit,-- Unbranded --,-- No Unilog Brand --,-- No DIB Brand --,Makita Usa Inc (5142),Makita U.S.A. Inc,Makita,,BL1850BDC2X1,,Appliances & Consumer Electronics>Kitchen Appliances>Built-In Dishwashers,"Makita U.S.A. Inc Makita, Built-In Dishwashers, BL1850BDC2X1",BL1850BDC2X1 MAKITA STARTER KIT,Makita BL1850BDC2X1 Built-In Dishwashers,BL1850BDC2X1 Makita Starter Kit,Makita BL1850BDC2X1 Built-In Dishwashers,,,,,,,,,,,,,,,,,,,,,,,,,,,Built-In Dishwashers,,,,,,,,,,,,,,,,,,,,,,,,,,,,,,,,,,,,,,,,,,,,,,,,,,,,,,,,,,,,,,,,,,,,,,,,,,,,,,,,,,,,,,,,,,,,,,,,,,,,,,,,,,,,,,,,,,,,,,,,,,,,,,,,,,,,,,,,,,,,,,,,,,,,,,,,,,,,,,,,,,,,,,,,,,,,,,,,,,,,,,,,,,,,,,,,,,,,,
,,,,,,48-11-2422,,,,48-11-2422,48-11-2422,48-11-2422 Milw M12 CP2.0 Battery Two Pack,-- Unbranded --,-- No Unilog Brand --,-- No DIB Brand --,Milwaukee Accessory (4031),Milwaukee Electric Tool,Milwaukee,,48-11-2422,,,"Milwaukee Electric Tool Milwaukee, Hardware & Tools, 48-11-2422",48-11-2422 MILW M12 CP2.0 BATTERY TWO PACK,Milwaukee 48-11-2422 Hardware & Tools,48-11-2422 Milw M12 CP2.0 Battery Two Pack,Milwaukee 48-11-2422 Hardware & Tools,,,,,,,,,,,,,,,,,,,,,,,,,,,Hardware & Tools,,,,,,,,,,,,,,,,,,,,,,,,,,,,,,,,,,,,,,,,,,,,,,,,,,,,,,,,,,,,,,,,,,,,,,,,,,,,,,,,,,,,,,,,,,,,,,,,,,,,,,,,,,,,,,,,,,,,,,,,,,,,,,,,,,,,,,,,,,,,,,,,,,,,,,,,,,,,,,,,,,,,,,,,,,,,,,,,,,,,,,,,,,,,,,,,,,,,,
,,,,,,DCB1104,Hand Tools,Woodworking Tools,Clamps & Jigs,DCB1104,DCB1104,DCB1104 Dewalt 12V/20V Charger - 4 Amp,-- Unbranded --,-- No Unilog Brand --,-- No DIB Brand --,Black & Decker/dewlt (2585),Stanley Black & Decker,DeWalt,,DCB1104,,Hand Tools>Woodworking Tools>Clamps & Jigs,"Stanley Black & Decker DeWalt, Clamps & Jigs, DCB1104",DCB1104 DEWALT 12V/20V CHARGER - 4 AMP,DeWalt DCB1104 Clamps & Jigs,DCB1104 Dewalt 12V/20V Charger - 4 Amp,DeWalt DCB1104 Clamps & Jigs,,,,,,,,,,,,,,,,,,,,,,,,,,,Clamps & Jigs,,,,,,,,,,,,,,,,,,,,,,,,,,,,,,,,,,,,,,,,,,,,,,,,,,,,,,,,,,,,,,,,,,,,,,,,,,,,,,,,,,,,,,,,,,,,,,,,,,,,,,,,,,,,,,,,,,,,,,,,,,,,,,,,,,,,,,,,,,,,,,,,,,,,,,,,,,,,,,,,,,,,,,,,,,,,,,,,,,,,,,,,,,,,,,,,,,,,,
,,,,,,48-59-1804,Power Tools,Sanders,Random Orbital Sanders,48-59-1804,48-59-1804,48-59-1804 Milw M18 and M12 Rapid Charger,-- Unbranded --,-- No Unilog Brand --,-- No DIB Brand --,Milwaukee Accessory (4031),Milwaukee Electric Tool,Milwaukee,,48-59-1804,,Power Tools>Sanders>Random Orbital Sanders,"Milwaukee Electric Tool Milwaukee, Random Orbital Sanders, 48-59-1804",48-59-1804 MILW M18 AND M12 RAPID CHARGER,Milwaukee 48-59-1804 Random Orbital Sanders,48-59-1804 Milw M18 and M12 Rapid Charger,Milwaukee 48-59-1804 Random Orbital Sanders,,,,,,,,,,,,,,,,,,,,,,,,,,,Random Orbital Sanders,,,,,,,,,,,,,,,,,,,,,,,,,,,,,,,,,,,,,,,,,,,,,,,,,,,,,,,,,,,,,,,,,,,,,,,,,,,,,,,,,,,,,,,,,,,,,,,,,,,,,,,,,,,,,,,,,,,,,,,,,,,,,,,,,,,,,,,,,,,,,,,,,,,,,,,,,,,,,,,,,,,,,,,,,,,,,,,,,,,,,,,,,,,,,,,,,,,,,
,,,,,,CRGR401A,Power Tools,Fastening Tools,Nail Guns & Nailers,CRGR401A,CRGR401A,CRGR401A Kreg 20V Fast Charger,-- Unbranded --,-- No Unilog Brand --,-- No DIB Brand --,Kreg Tool Company (KRETO),Kreg Tool Company,Kreg,,CRGR401A,,Power Tools>Fastening Tools>Nail Guns & Nailers,"Kreg Tool Company Kreg, Nail Guns & Nailers, CRGR401A",CRGR401A KREG 20V FAST CHARGER,Kreg CRGR401A Nail Guns & Nailers,CRGR401A Kreg 20V Fast Charger,Kreg CRGR401A Nail Guns & Nailers,,,,,,,,,,,,,,,,,,,,,,,,,,,Nail Guns & Nailers,,,,,,,,,,,,,,,,,,,,,,,,,,,,,,,,,,,,,,,,,,,,,,,,,,,,,,,,,,,,,,,,,,,,,,,,,,,,,,,,,,,,,,,,,,,,,,,,,,,,,,,,,,,,,,,,,,,,,,,,,,,,,,,,,,,,,,,,,,,,,,,,,,,,,,,,,,,,,,,,,,,,,,,,,,,,,,,,,,,,,,,,,,,,,,,,,,,,,
,,,,,,48-59-1211,,,,48-59-1211,48-59-1211,48-59-1211 Milw Power Supply - Charger,-- Unbranded --,-- No Unilog Brand --,Milwaukee,Milwaukee Accessory (4031),Milwaukee Electric Tool,Milwaukee,,48-59-1211,,,"Milwaukee Electric Tool Milwaukee, Hardware & Tools, 48-59-1211",48-59-1211 MILW POWER SUPPLY - CHARGER,Milwaukee 48-59-1211 Hardware & Tools,48-59-1211 Milw Power Supply - Charger,Milwaukee 48-59-1211 Hardware & Tools,,,,,,,,,,,,,,,,,,,,,,,,,,,Hardware & Tools,,,,,,,,,,,,,,,,,,,,,,,,,,,,,,,,,,,,,,,,,,,,,,,,,,,,,,,,,,,,,,,,,,,,,,,,,,,,,,,,,,,,,,,,,,,,,,,,,,,,,,,,,,,,,,,,,,,,,,,,,,,,,,,,,,,,,,,,,,,,,,,,,,,,,,,,,,,,,,,,,,,,,,,,,,,,,,,,,,,,,,,,,,,,,,,,,,,,,
,,,,,,2847-20,Power Tools,Sanders,Random Orbital Sanders,2847-20,2847-20,2847-20 Milw M18 Charger and Power Supply,-- Unbranded --,-- No Unilog Brand --,-- No DIB Brand --,Milwaukee Accessory (4031),Milwaukee Electric Tool,Milwaukee,,2847-20,,Power Tools>Sanders>Random Orbital Sanders,"Milwaukee Electric Tool Milwaukee, Random Orbital Sanders, 2847-20",2847-20 MILW M18 CHARGER AND POWER SUPPLY,Milwaukee 2847-20 Random Orbital Sanders,2847-20 Milw M18 Charger and Power Supply,Milwaukee 2847-20 Random Orbital Sanders,,,,,,,,,,,,,,,,,,,,,,,,,,,Random Orbital Sanders,,,,,,,,,,,,,,,,,,,,,,,,,,,,,,,,,,,,,,,,,,,,,,,,,,,,,,,,,,,,,,,,,,,,,,,,,,,,,,,,,,,,,,,,,,,,,,,,,,,,,,,,,,,,,,,,,,,,,,,,,,,,,,,,,,,,,,,,,,,,,,,,,,,,,,,,,,,,,,,,,,,,,,,,,,,,,,,,,,,,,,,,,,,,,,,,,,,,,
,,,,,,DWV9401,,,,DWV9401,DWV9401,DWV9401 Dewalt Paper Bag - 5pk,-- Unbranded --,-- No Unilog Brand --,-- No DIB Brand --,Black & Decker/dewlt (2585),Stanley Black & Decker,DeWalt,,DWV9401,,,"Stanley Black & Decker DeWalt, Hardware & Tools, DWV9401",DWV9401 DEWALT PAPER BAG - 5PK,DeWalt DWV9401 Hardware & Tools,DWV9401 Dewalt Paper Bag - 5pk,DeWalt DWV9401 Hardware & Tools,,,,,,,,,,,,,,,,,,,,,,,,,,,Hardware & Tools,Pack Quantity,5,,,,,,,,,,,,,,,,,,,,,,,,,,,,,,,,,,,,,,,,,,,,,,,,,,,,,,,,,,,,,,,,,,,,,,,,,,,,,,,,,,,,,,,,,,,,,,,,,,,,,,,,,,,,,,,,,,,,,,,,,,,,,,,,,,,,,,,,,,,,,,,,,,,,,,,,,,,,,,,,,,,,,,,,,,,,,,,,,,,,,,,,,,,,,,,,,,,
,,,,,,578512,,,,578512,578512,578512 Festool Dust Extractor-CT MIDI I HEPA,-- Unbranded --,-- No Unilog Brand --,-- No DIB Brand --,Festool USA (FESTO),Festool USA,Festool,,578512,,,"Festool USA Festool, Hardware & Tools, 578512",578512 FESTOOL DUST EXTRACTOR-CT MIDI I HEPA,Festool 578512 Hardware & Tools,578512 Festool Dust Extractor-CT MIDI I HEPA,Festool 578512 Hardware & Tools,,,,,,,,,,,,,,,,,,,,,,,,,,,Hardware & Tools,,,,,,,,,,,,,,,,,,,,,,,,,,,,,,,,,,,,,,,,,,,,,,,,,,,,,,,,,,,,,,,,,,,,,,,,,,,,,,,,,,,,,,,,,,,,,,,,,,,,,,,,,,,,,,,,,,,,,,,,,,,,,,,,,,,,,,,,,,,,,,,,,,,,,,,,,,,,,,,,,,,,,,,,,,,,,,,,,,,,,,,,,,,,,,,,,,,,,
,,,,,,577871,,,,577871,577871,577871 Festool Dust Extractor - CT 26,-- Unbranded --,-- No Unilog Brand --,-- No DIB Brand --,Festool USA (FESTO),Festool USA,Festool,,577871,,,"Festool USA Festool, Hardware & Tools, 577871",577871 FESTOOL DUST EXTRACTOR - CT 26,Festool 577871 Hardware & Tools,577871 Festool Dust Extractor - CT 26,Festool 577871 Hardware & Tools,,,,,,,,,,,,,,,,,,,,,,,,,,,Hardware & Tools,,,,,,,,,,,,,,,,,,,,,,,,,,,,,,,,,,,,,,,,,,,,,,,,,,,,,,,,,,,,,,,,,,,,,,,,,,,,,,,,,,,,,,,,,,,,,,,,,,,,,,,,,,,,,,,,,,,,,,,,,,,,,,,,,,,,,,,,,,,,,,,,,,,,,,,,,,,,,,,,,,,,,,,,,,,,,,,,,,,,,,,,,,,,,,,,,,,,,
,,,,,,577874,,,,577874,577874,577874 Festool Dust Extractor - CT 36,-- Unbranded --,-- No Unilog Brand --,-- No DIB Brand --,Festool USA (FESTO),Festool USA,Festool,,577874,,,"Festool USA Festool, Hardware & Tools, 577874",577874 FESTOOL DUST EXTRACTOR - CT 36,Festool 577874 Hardware & Tools,577874 Festool Dust Extractor - CT 36,Festool 577874 Hardware & Tools,,,,,,,,,,,,,,,,,,,,,,,,,,,Hardware & Tools,,,,,,,,,,,,,,,,,,,,,,,,,,,,,,,,,,,,,,,,,,,,,,,,,,,,,,,,,,,,,,,,,,,,,,,,,,,,,,,,,,,,,,,,,,,,,,,,,,,,,,,,,,,,,,,,,,,,,,,,,,,,,,,,,,,,,,,,,,,,,,,,,,,,,,,,,,,,,,,,,,,,,,,,,,,,,,,,,,,,,,,,,,,,,,,,,,,,,
,,,,,,577876,,,,577876,577876,577876 Festool Dust Extractor - CT 48,-- Unbranded --,-- No Unilog Brand --,-- No DIB Brand --,Festool USA (FESTO),Festool USA,Festool,,577876,,,"Festool USA Festool, Hardware & Tools, 577876",577876 FESTOOL DUST EXTRACTOR - CT 48,Festool 577876 Hardware & Tools,577876 Festool Dust Extractor - CT 48,Festool 577876 Hardware & Tools,,,,,,,,,,,,,,,,,,,,,,,,,,,Hardware & Tools,,,,,,,,,,,,,,,,,,,,,,,,,,,,,,,,,,,,,,,,,,,,,,,,,,,,,,,,,,,,,,,,,,,,,,,,,,,,,,,,,,,,,,,,,,,,,,,,,,,,,,,,,,,,,,,,,,,,,,,,,,,,,,,,,,,,,,,,,,,,,,,,,,,,,,,,,,,,,,,,,,,,,,,,,,,,,,,,,,,,,,,,,,,,,,,,,,,,,
,,,,,,578441,,,,578441,578441,578441 Festool Dust Extractor-CT 15 HEPA,-- Unbranded --,-- No Unilog Brand --,-- No DIB Brand --,Festool USA (FESTO),Festool USA,Festool,,578441,,,"Festool USA Festool, Hardware & Tools, 578441",578441 FESTOOL DUST EXTRACTOR-CT 15 HEPA,Festool 578441 Hardware & Tools,578441 Festool Dust Extractor-CT 15 HEPA,Festool 578441 Hardware & Tools,,,,,,,,,,,,,,,,,,,,,,,,,,,Hardware & Tools,,,,,,,,,,,,,,,,,,,,,,,,,,,,,,,,,,,,,,,,,,,,,,,,,,,,,,,,,,,,,,,,,,,,,,,,,,,,,,,,,,,,,,,,,,,,,,,,,,,,,,,,,,,,,,,,,,,,,,,,,,,,,,,,,,,,,,,,,,,,,,,,,,,,,,,,,,,,,,,,,,,,,,,,,,,,,,,,,,,,,,,,,,,,,,,,,,,,,
,,,,,,DCK225D2,Appliances & Consumer Electronics,Kitchen Appliances,Built-In Dishwashers,DCK225D2,DCK225D2,DCK225D2 Dewalt Impact/Drill - Kit,-- Unbranded --,-- No Unilog Brand --,DEWALT,Black & Decker/dewlt (2585),Stanley Black & Decker,DeWalt,,DCK225D2,,Appliances & Consumer Electronics>Kitchen Appliances>Built-In Dishwashers,"Stanley Black & Decker DeWalt, Built-In Dishwashers, DCK225D2",DCK225D2 DEWALT IMPACT/DRILL - KIT,DeWalt DCK225D2 Built-In Dishwashers,DCK225D2 Dewalt Impact/Drill - Kit,DeWalt DCK225D2 Built-In Dishwashers,,,,,,,,,,,,,,,,,,,,,,,,,,,Built-In Dishwashers,,,,,,,,,,,,,,,,,,,,,,,,,,,,,,,,,,,,,,,,,,,,,,,,,,,,,,,,,,,,,,,,,,,,,,,,,,,,,,,,,,,,,,,,,,,,,,,,,,,,,,,,,,,,,,,,,,,,,,,,,,,,,,,,,,,,,,,,,,,,,,,,,,,,,,,,,,,,,,,,,,,,,,,,,,,,,,,,,,,,,,,,,,,,,,,,,,,,,
,,,,,,DCK2101QQ2,Appliances & Consumer Electronics,Kitchen Appliances,Built-In Dishwashers,DCK2101QQ2,DCK2101QQ2,Dewalt DCK2101QQ2 20V 2Pc Kit,-- Unbranded --,-- No Unilog Brand --,-- No DIB Brand --,Black & Decker/dewlt (2585),Stanley Black & Decker,DeWalt,,DCK2101QQ2,,Appliances & Consumer Electronics>Kitchen Appliances>Built-In Dishwashers,"Stanley Black & Decker DeWalt, Built-In Dishwashers, DCK2101QQ2",DEWALT DCK2101QQ2 20V 2PC KIT,DeWalt DCK2101QQ2 Built-In Dishwashers,Dewalt DCK2101QQ2 20V 2Pc Kit,DeWalt DCK2101QQ2 Built-In Dishwashers,,,,,,,,,,,,,,,,,,,,,,,,,,,Built-In Dishwashers,Pack Quantity,2,,,,,,,,,,,,,,,,,,,,,,,,,,,,,,,,,,,,,,,,,,,,,,,,,,,,,,,,,,,,,,,,,,,,,,,,,,,,,,,,,,,,,,,,,,,,,,,,,,,,,,,,,,,,,,,,,,,,,,,,,,,,,,,,,,,,,,,,,,,,,,,,,,,,,,,,,,,,,,,,,,,,,,,,,,,,,,,,,,,,,,,,,,,,,,,,,,,
,,,,,,4000-2/32,Hand Tools,Marking & Layout,Marking Tools,4000-2/32,SPB-44BPL,"Patriot 4""x4""x37""/43"" Adjustable Self Leveling Support Post",-- Unbranded --,-- No Unilog Brand --,-- No DIB Brand --,-,Robert Bosch Tool Corporation,-- Unbranded --,,4000-2/32,,Hand Tools>Marking & Layout>Marking Tools,"Robert Bosch Tool Corporation -- Unbranded --, Marking Tools, 4000-2/32",4000-2/32 DREMEL ROTARY TOOL,-- Unbranded -- 4000-2/32 Marking Tools,4000-2/32 DREMEL ROTARY TOOL,-- Unbranded -- 4000-2/32 Marking Tools,,,,,,,,,,,,,,,,,,,,,,,,,,,Marking Tools,,,,,,,,,,,,,,,,,,,,,,,,,Depth With Door Open,50-3/16,in,Minimum Height,33-7/16,in,Maximum Height,,,Sound Level,41,dBA,Material,Stainless Steel,,Color,Stainless Steel,,Ad,,,,,,,,,,,,,,,,,,,,,,,,,,,,,,,,,,,,,,,,,,,,,,,,,,,,,,,,,,,,,,,,,,,,,,,,,,,,,,,,,,,,,,,,,,,,,,,,,,,,,,,,,,,,,,,,,,,,,,,,,,,,,,,,,,,,,,,,,,,,,,,,,,,,,,,,,,
,,,,,,3100-01-15 00:00:00,Hand Tools,Marking & Layout,Marking Tools,3100-01-15 00:00:00,25468,25468 Mason Line Brd Green - 500',-- Unbranded --,-- No Unilog Brand --,-- No DIB Brand --,U S Tape Company (6694),Robert Bosch Tool Corporation,-- Unbranded --,,3100-01-15 00:00:00,,Hand Tools>Marking & Layout>Marking Tools,"Robert Bosch Tool Corporation -- Unbranded --, Marking Tools, 3100-01-15 00:00:00",3100-1/15 DREMEL ROTARY TOOL - KIT 15PC,-- Unbranded -- 3100-01-15 00:00:00 Marking Tools,3100-1/15 Dremel Rotary Tool - Kit 15pc,-- Unbranded -- 3100-01-15 00:00:00 Marking Tools,,,,,,,,,,,,,,,,,,,,,,,,,,,Marking Tools,Pack Quantity,15,,,,,,,,,,,,,,,,,,,,,,,,,,,,,,,,,,,,,,,,,,,,,,,,,,,,,,,,,,,,,,,,,,,,,,,,,,,,,,,,,,,,,,,,,,,,,,,,,,,,,,,,,,,,,,,,,,,,,,,,,,,,,,,,,,,,,,,,,,,,,,,,,,,,,,,,,,,,,,,,,,,,,,,,,,,,,,,,,,,,,,,,,,,,,,,,,,,
,,,,,,T-90043,,,,T-90043,T-90043,T-90043 Deep Medium Organizer,-- Unbranded --,-- No Unilog Brand --,-- No DIB Brand --,Makita Usa Inc (5142),Makita U.S.A. Inc,-- Unbranded --,,T-90043,,,"Makita U.S.A. Inc -- Unbranded --, Hardware & Tools, T-90043",T-90043 DEEP MEDIUM ORGANIZER,-- Unbranded -- T-90043 Hardware & Tools,T-90043 Deep Medium Organizer,-- Unbranded -- T-90043 Hardware & Tools,,,,,,,,,,,,,,,,,,,,,,,,,,,Hardware & Tools,,,,,,,,,,,,,,,,,,,,,,,,,,,,,,,,,,,,,,,,,,,,,,,,,,,,,,,,,,,,,,,,,,,,,,,,,,,,,,,,,,,,,,,,,,,,,,,,,,,,,,,,,,,,,,,,,,,,,,,,,,,,,,,,,,,,,,,,,,,,,,,,,,,,,,,,,,,,,,,,,,,,,,,,,,,,,,,,,,,,,,,,,,,,,,,,,,,,,
,,,,,,T-90059,,,,T-90059,T-90059,T-90059 Low Profile Medium - Organizer,-- Unbranded --,-- No Unilog Brand --,-- No DIB Brand --,Makita Usa Inc (5142),Makita U.S.A. Inc,-- Unbranded --,,T-90059,,,"Makita U.S.A. Inc -- Unbranded --, Hardware & Tools, T-90059",T-90059 LOW PROFILE MEDIUM - ORGANIZER,-- Unbranded -- T-90059 Hardware & Tools,T-90059 Low Profile Medium - Organizer,-- Unbranded -- T-90059 Hardware & Tools,,,,,,,,,,,,,,,,,,,,,,,,,,,Hardware & Tools,,,,,,,,,,,,,,,,,,,,,,,,,,,,,,,,,,,,,,,,,,,,,,,,,,,,,,,,,,,,,,,,,,,,,,,,,,,,,,,,,,,,,,,,,,,,,,,,,,,,,,,,,,,,,,,,,,,,,,,,,,,,,,,,,,,,,,,,,,,,,,,,,,,,,,,,,,,,,,,,,,,,,,,,,,,,,,,,,,,,,,,,,,,,,,,,,,,,,
,,,,,,T-90065,,,,T-90065,T-90065,T-90065 Deep Compact Organizer,-- Unbranded --,-- No Unilog Brand --,-- No DIB Brand --,Makita Usa Inc (5142),Makita U.S.A. Inc,-- Unbranded --,,T-90065,,,"Makita U.S.A. Inc -- Unbranded --, Hardware & Tools, T-90065",T-90065 DEEP COMPACT ORGANIZER,-- Unbranded -- T-90065 Hardware & Tools,T-90065 Deep Compact Organizer,-- Unbranded -- T-90065 Hardware & Tools,,,,,,,,,,,,,,,,,,,,,,,,,,,Hardware & Tools,,,,,,,,,,,,,,,,,,,,,,,,,,,,,,,,,,,,,,,,,,,,,,,,,,,,,,,,,,,,,,,,,,,,,,,,,,,,,,,,,,,,,,,,,,,,,,,,,,,,,,,,,,,,,,,,,,,,,,,,,,,,,,,,,,,,,,,,,,,,,,,,,,,,,,,,,,,,,,,,,,,,,,,,,,,,,,,,,,,,,,,,,,,,,,,,,,,,,
,,,,,,10047VS,,,,10047VS,10047VS,10047VS Oliver 3HP 230V 1PH Shaper 1-1/4 Spindle,-- Unbranded --,-- No Unilog Brand --,-- No DIB Brand --,Oliver Machinery Company (OLIMA),Oliver Machinery Company,-- Unbranded --,,10047VS,,,"Oliver Machinery Company -- Unbranded --, Hardware & Tools, 10047VS",10047VS OLIVER 3HP 230V 1PH SHAPER 1-1/4 SPINDLE,-- Unbranded -- 10047VS Hardware & Tools,10047VS Oliver 3HP 230V 1PH Shaper 1-1/4 Spindle,-- Unbranded -- 10047VS Hardware & Tools,,,,,,,,,,,,,,,,,,,,,,,,,,,Hardware & Tools,,,,,,,,,,,,,,,,,,,,,,,,,,,,,,,,,,,,,,,,,,,,,,,,,,,,,,,,,,,,,,,,,,,,,,,,,,,,,,,,,,,,,,,,,,,,,,,,,,,,,,,,,,,,,,,,,,,,,,,,,,,,,,,,,,,,,,,,,,,,,,,,,,,,,,,,,,,,,,,,,,,,,,,,,,,,,,,,,,,,,,,,,,,,,,,,,,,,,
,,,,,,MAG:2044-230-1,,,,MAG:2044-230-1,MAG:2044-230-1,2044-230-1 Stock Feeder 4-Roll - Steff,-- Unbranded --,-- No Unilog Brand --,-- No DIB Brand --,J&G Machinery (JGMAC),J&G Machinery,-- Unbranded --,,MAG:2044-230-1,,,"J&G Machinery -- Unbranded --, Hardware & Tools, MAG:2044-230-1",2044-230-1 STOCK FEEDER 4-ROLL - STEFF,-- Unbranded -- MAG:2044-230-1 Hardware & Tools,2044-230-1 Stock Feeder 4-Roll - Steff,-- Unbranded -- MAG:2044-230-1 Hardware & Tools,,,,,,,,,,,,,,,,,,,,,,,,,,,Hardware & Tools,,,,,,,,,,,,,,,,,,,,,,,,,,,,,,,,,,,,,,,,,,,,,,,,,,,,,,,,,,,,,,,,,,,,,,,,,,,,,,,,,,,,,,,,,,,,,,,,,,,,,,,,,,,,,,,,,,,,,,,,,,,,,,,,,,,,,,,,,,,,,,,,,,,,,,,,,,,,,,,,,,,,,,,,,,,,,,,,,,,,,,,,,,,,,,,,,,,,,
,,,,,,XTP242,Safety & Workwear,Eye Protection,Safety Glasses,XTP242,XTP242,"42"" XTP XTENDER PRO Fence - XTP242",-- Unbranded --,-- No Unilog Brand --,-- No DIB Brand --,Bow Products (BOWPR),Bow Products,-- Unbranded --,,XTP242,,Safety & Workwear>Eye Protection>Safety Glasses,"Bow Products -- Unbranded --, Safety Glasses, XTP242","42"" XTP XTENDER PRO FENCE - XTP242",-- Unbranded -- XTP242 Safety Glasses,"42"" XTP XTENDER PRO Fence - XTP242",-- Unbranded -- XTP242 Safety Glasses,,,,,,,,,,,,,,,,,,,,,,,,,,,Safety Glasses,,,,,,,,,,,,,,,,,,,,,,,,,,,,,,,,,,,,,,,,,,,,,,,,,,,,,,,,,,,,,,,,,,,,,,,,,,,,,,,,,,,,,,,,,,,,,,,,,,,,,,,,,,,,,,,,,,,,,,,,,,,,,,,,,,,,,,,,,,,,,,,,,,,,,,,,,,,,,,,,,,,,,,,,,,,,,,,,,,,,,,,,,,,,,,,,,,,,,
,,,,,,AAS-P,,,,AAS-P,AAS-P,AAS-P Align-A-Saw Plate Only,-- Unbranded --,-- No Unilog Brand --,-- No DIB Brand --,Woodpeckers Inc (WOODP),Woodpeckers Inc,-- Unbranded --,,AAS-P,,,"Woodpeckers Inc -- Unbranded --, Hardware & Tools, AAS-P",AAS-P ALIGN-A-SAW PLATE ONLY,-- Unbranded -- AAS-P Hardware & Tools,AAS-P Align-A-Saw Plate Only,-- Unbranded -- AAS-P Hardware & Tools,,,,,,,,,,,,,,,,,,,,,,,,,,,Hardware & Tools,,,,,,,,,,,,,,,,,,,,,,,,,,,,,,,,,,,,,,,,,,,,,,,,,,,,,,,,,,,,,,,,,,,,,,,,,,,,,,,,,,,,,,,,,,,,,,,,,,,,,,,,,,,,,,,,,,,,,,,,,,,,,,,,,,,,,,,,,,,,,,,,,,,,,,,,,,,,,,,,,,,,,,,,,,,,,,,,,,,,,,,,,,,,,,,,,,,,,
,,,,,,SSCMS,,,,SSCMS,SSCMS,SSCMS Stealthstop Miter Sled,-- Unbranded --,-- No Unilog Brand --,-- No DIB Brand --,Woodpeckers Inc (WOODP),Woodpeckers Inc,-- Unbranded --,,SSCMS,,,"Woodpeckers Inc -- Unbranded --, Hardware & Tools, SSCMS",SSCMS STEALTHSTOP MITER SLED,-- Unbranded -- SSCMS Hardware & Tools,SSCMS Stealthstop Miter Sled,-- Unbranded -- SSCMS Hardware & Tools,,,,,,,,,,,,,,,,,,,,,,,,,,,Hardware & Tools,,,,,,,,,,,,,,,,,,,,,,,,,,,,,,,,,,,,,,,,,,,,,,,,,,,,,,,,,,,,,,,,,,,,,,,,,,,,,,,,,,,,,,,,,,,,,,,,,,,,,,,,,,,,,,,,,,,,,,,,,,,,,,,,,,,,,,,,,,,,,,,,,,,,,,,,,,,,,,,,,,,,,,,,,,,,,,,,,,,,,,,,,,,,,,,,,,,,,
,,,,,,4225.201,,,,4225.201,3033-20,"3033-20 Milw M18 24"" - Hedge Trimmer",-- Unbranded --,-- No Unilog Brand --,Milwaukee,Milwaukee Accessory (4031),Oliver Machinery Company,-- Unbranded --,,4225.201,,,"Oliver Machinery Company -- Unbranded --, Hardware & Tools, 4225.201","4225.201 OLIVER 6"" HH JOINTER PARALLEOGRAM",-- Unbranded -- 4225.201 Hardware & Tools,"4225.201 Oliver 6"" HH Jointer Paralleogram",-- Unbranded -- 4225.201 Hardware & Tools,,,,,,,,,,,,,,,,,,,,,,,,,,,Hardware & Tools,,,,,,,,,,,,,,,,,,,,,,,,,,,,,,,,,,,,,,,,,,,,,,,,,,,,,,,,,,,,,,,,,,,,,,,,,,,,,,,,,,,,,,,,,,,,,,,,,,,,,,,,,,,,,,,,,,,,,,,,,,,,,,,,,,,,,,,,,,,,,,,,,,,,,,,,,,,,,,,,,,,,,,,,,,,,,,,,,,,,,,,,,,,,,,,,,,,,,
,,,,,,KC-426C,,,,KC-426C,KC-426C,"KC-426C 12"" Portable Planer",-- Unbranded --,-- No Unilog Brand --,-- No DIB Brand --,King Canada Inc (KINCA),King Canada,-- Unbranded --,,KC-426C,,,"King Canada -- Unbranded --, Hardware & Tools, KC-426C","KC-426C 12"" PORTABLE PLANER",-- Unbranded -- KC-426C Hardware & Tools,"KC-426C 12"" Portable Planer",-- Unbranded -- KC-426C Hardware & Tools,,,,,,,,,,,,,,,,,,,,,,,,,,,Hardware & Tools,,,,,,,,,,,,,,,,,,,,,,,,,,,,,,,,,,,,,,,,,,,,,,,,,,,,,,,,,,,,,,,,,,,,,,,,,,,,,,,,,,,,,,,,,,,,,,,,,,,,,,,,,,,,,,,,,,,,,,,,,,,,,,,,,,,,,,,,,,,,,,,,,,,,,,,,,,,,,,,,,,,,,,,,,,,,,,,,,,,,,,,,,,,,,,,,,,,,,
,,,,,,10045.201,,,,10045.201,1517602,6068R Gliding Patio Dr 4500 United Blk Ext/WH Int LowE Arg w/J,United Window & Door,-- No Unilog Brand --,-- No DIB Brand --,United Window & Door Manufacturing (UNIWI),Oliver Machinery Company,-- Unbranded --,,10045.201,,,"Oliver Machinery Company -- Unbranded --, Hardware & Tools, 10045.201","10045.201 OLIVER 13"" BENCHTOP PLANER 2HP,115V 1PH",-- Unbranded -- 10045.201 Hardware & Tools,"10045.201 Oliver 13"" Benchtop Planer 2HP,115V 1Ph",-- Unbranded -- 10045.201 Hardware & Tools,,,,,,,,,,,,,,,,,,,,,,,,,,,Hardware & Tools,,,,,,,,,,,,,,,,,,,,,,,,,,,,,,,,,,,,,,,,,,,,,,,,,,,,,,,,,,,,,,,,,,,,,,,,,,,,,,,,,,,,,,,,,,,,,,,,,,,,,,,,,,,,,,,,,,,,,,,,,,,,,,,,,,,,,,,,,,,,,,,,,,,,,,,,,,,,,,,,,,,,,,,,,,,,,,,,,,,,,,,,,,,,,,,,,,,,,
,,,,,,10014.201,,,,10014.201,1517602,6068R Gliding Patio Dr 4500 United Blk Ext/WH Int LowE Arg w/J,United Window & Door,-- No Unilog Brand --,-- No DIB Brand --,United Window & Door Manufacturing (UNIWI),Oliver Machinery Company,-- Unbranded --,,10014.201,,,"Oliver Machinery Company -- Unbranded --, Hardware & Tools, 10014.201","10014.201 OLIVER 15"" PLANER 3HP 1PH 220V",-- Unbranded -- 10014.201 Hardware & Tools,"10014.201 Oliver 15"" Planer 3HP 1Ph 220V",-- Unbranded -- 10014.201 Hardware & Tools,,,,,,,,,,,,,,,,,,,,,,,,,,,Hardware & Tools,,,,,,,,,,,,,,,,,,,,,,,,,,,,,,,,,,,,,,,,,,,,,,,,,,,,,,,,,,,,,,,,,,,,,,,,,,,,,,,,,,,,,,,,,,,,,,,,,,,,,,,,,,,,,,,,,,,,,,,,,,,,,,,,,,,,,,,,,,,,,,,,,,,,,,,,,,,,,,,,,,,,,,,,,,,,,,,,,,,,,,,,,,,,,,,,,,,,,
,,,,,,4430.201,,,,4430.201,S4724,S4724 4W Incan Cand 27K 4pk,-- Unbranded --,-- No Unilog Brand --,Satco,Satco Prod Inc (5573),Oliver Machinery Company,-- Unbranded --,,4430.201,,,"Oliver Machinery Company -- Unbranded --, Hardware & Tools, 4430.201","4430.201 OLIVER 20"" PLANER 5HP 1PH 230V",-- Unbranded -- 4430.201 Hardware & Tools,"4430.201 Oliver 20"" Planer 5HP 1Ph 230V",-- Unbranded -- 4430.201 Hardware & Tools,,,,,,,,,,,,,,,,,,,,,,,,,,,Hardware & Tools,,,,,,,,,,,,,,,,,,,,,,,,,,,,,,,,,,,,,,,,,,,,,,,,,,,,,,,,,,,,,,,,,,,,,,,,,,,,,,,,,,,,,,,,,,,,,,,,,,,,,,,,,,,,,,,,,,,,,,,,,,,,,,,,,,,,,,,,,,,,,,,,,,,,,,,,,,,,,,,,,,,,,,,,,,,,,,,,,,,,,,,,,,,,,,,,,,,,,
,,,,,,10055.201,,,,10055.201,1517602,6068R Gliding Patio Dr 4500 United Blk Ext/WH Int LowE Arg w/J,United Window & Door,-- No Unilog Brand --,-- No DIB Brand --,United Window & Door Manufacturing (UNIWI),Oliver Machinery Company,-- Unbranded --,,10055.201,,,"Oliver Machinery Company -- Unbranded --, Hardware & Tools, 10055.201","10055.201 OLIVER 15"" BENCHTOP PLANER 2.5HP 1PH 230V",-- Unbranded -- 10055.201 Hardware & Tools,"10055.201 Oliver 15"" Benchtop Planer 2.5HP 1Ph 230V",-- Unbranded -- 10055.201 Hardware & Tools,,,,,,,,,,,,,,,,,,,,,,,,,,,Hardware & Tools,,,,,,,,,,,,,,,,,,,,,,,,,,,,,,,,,,,,,,,,,,,,,,,,,,,,,,,,,,,,,,,,,,,,,,,,,,,,,,,,,,,,,,,,,,,,,,,,,,,,,,,,,,,,,,,,,,,,,,,,,,,,,,,,,,,,,,,,,,,,,,,,,,,,,,,,,,,,,,,,,,,,,,,,,,,,,,,,,,,,,,,,,,,,,,,,,,,,,
,,,,,,T27417,Power Tools,Sanders,Random Orbital Sanders,T27417,T27417,T27417 Grizzly OscillatingEdge - Belt and Spindle Sander,-- Unbranded --,-- No Unilog Brand --,-- No DIB Brand --,Woodstock Intl (3658),Woodstock International,-- Unbranded --,,T27417,,Power Tools>Sanders>Random Orbital Sanders,"Woodstock International -- Unbranded --, Random Orbital Sanders, T27417",T27417 GRIZZLY OSCILLATINGEDGE - BELT AND SPINDLE SANDER,-- Unbranded -- T27417 Random Orbital Sanders,T27417 Grizzly OscillatingEdge - Belt and Spindle Sander,-- Unbranded -- T27417 Random Orbital Sanders,,,,,,,,,,,,,,,,,,,,,,,,,,,Random Orbital Sanders,,,,,,,,,,,,,,,,,,,,,,,,,,,,,,,,,,,,,,,,,,,,,,,,,,,,,,,,,,,,,,,,,,,,,,,,,,,,,,,,,,,,,,,,,,,,,,,,,,,,,,,,,,,,,,,,,,,,,,,,,,,,,,,,,,,,,,,,,,,,,,,,,,,,,,,,,,,,,,,,,,,,,,,,,,,,,,,,,,,,,,,,,,,,,,,,,,,,,
